,dart_AdvertisingExpenses,dart_AllowanceForOtherDoubtfulAccounts,dart_AmortisationExpense,dart_BadDebtExpenses,dart_Commissions,dart_CommunicationExpenses,dart_ConferenceExpenses,dart_CostOfSalesFromConstruction,dart_CostOfSalesFromConstructionContracts,dart_CostOfSalesFromRenderingOfServices,dart_CostOfSalesFromRenderingOfServicesCommission,dart_CostOfSalesFromRenderingOfServicesProcession,dart_CostOfSalesFromRenderingOfServicesRental,dart_CostOfSalesFromRenderingOfServicesTransportation,dart_CostOfSalesFromSaleOfGoods,dart_CostOfSalesFromSaleOfGoodsMerchandises,dart_CostOfSalesFromSaleOfGoodsProduct,dart_CostOfSalesFromSaleOfGoodsRealEstate,dart_CostOfSalesFromServices,dart_DepreciationExpense,dart_DividendIncome,dart_DividendIncomeNonOperating,dart_Donations,dart_EmployeeBenefits,dart_EngagementExpenses,dart_EntertainmentExpenses,dart_ExclusiveLineUseExpense,dart_ExpensesOfProvisionsForRestoration,dart_ExportOverallExpense,dart_FreightExpenses,dart_GainOnForeignExchangeTranslations,dart_GainsForeignCurrencyTransactions,dart_GainsFromCommission,dart_GainsFromFinancialGuaranteeFinancialIncome,dart_GainsFromGovernmentGrants,dart_GainsOnDisposalsOfAvailableForSaleFinancialAssets,dart_GainsOnDisposalsOfFairValueFinancialAsset,dart_GainsOnDisposalsOfFairValueFinancialAssetFinancialIncome,dart_GainsOnDisposalsOfHeldForTradingFinancialAssets,dart_GainsOnDisposalsOfIntangibleAssets,dart_GainsOnDisposalsOfInventory,dart_GainsOnDisposalsOfInvestmentProperty,dart_GainsOnDisposalsOfPropertyPlantAndEquipment,dart_GainsOnForeignCurrencyTransactionsFiancialIncome,dart_GainsOnForeignExchangeTranslationsFinancialIncome,dart_GainsOnTransactionOfDerivativeFinancialInstrumentsFinancialIncome,dart_GainsOnTransactionOfForeignExchangeForwardFinancialIncome,dart_GainsOnValuationOfDerivativeFinancialInstrumentsFinancialIncome,dart_GainsOnValuationOfDerivativeLiabilitiesFinancialIncome,dart_GainsOnValuationOfFairValueFinancialAsset,dart_GainsOnValuationOfFairValueFinancialAssetFinancialIncome,dart_GainsOnValuationOfForeignExchangeForwardFinancialIncome,dart_GainsOnValuationOfHeldForTradingFinancialAssets,dart_GainsOnValuationOfLongTermFinancialInstruments,dart_ImpairmentLossRecoveryOfAccountsReceivables,dart_ImpairmentLossesOnAvailableForSaleFinancialAssetsFinancialExpense,dart_ImpairmentLossesOnIntangibleAssets,dart_InsurancePremiums,dart_InterestExpenseFinanceExpense,dart_InterestIncomeFinanceIncome,dart_LeaseholdAdministrationExpense,dart_LentIncome,dart_LossOnForeignExchangeTranslations,dart_LossesForeignCurrencyTransactions,dart_LossesOfAssociatesAndJointVenturesAccountedForUsingEquityMethod,dart_LossesOnDisposalOfFairValueFinancialLiabilities,dart_LossesOnDisposalOfHeldForTradingFinancialAssets,dart_LossesOnDisposalOfIntangibleAssets,dart_LossesOnDisposalOfInvestmentProperty,dart_LossesOnDisposalsOfFairValueFinancialAssetFinancialExpense,dart_LossesOnDisposalsOfPropertyPlantAndEquipment,dart_LossesOnDispositionOfReceivablesFinancialExpense,dart_LossesOnForeignCurrencyTransactionsFiancialExpense,dart_LossesOnForeignExchangeTranslationsFinancialExpense,dart_LossesOnTransactionOfDerivativeFinancialInstrumentsFinancialExpense,dart_LossesOnTransactionOfForeignExchangeForwardFinancialExpense,dart_LossesOnValuationOfDerivativeFinancialInstrumentsFinancialExpense,dart_LossesOnValuationOfFairValueFinancialAsset,dart_LossesOnValuationOfFairValueFinancialAssetFinancialExpense,dart_LossesOnValuationOfHeldForTradingFinancialAssets,dart_MembershipExpenses,dart_MiscellaneousExpenses,dart_MiscellaneousIncome,dart_MiscellaneousLosses,dart_NetworkContactSettleExpense,dart_OperatingExpenses,dart_OperatingIncomeLoss,dart_OrdinaryDevelopmentExpense,dart_OtherCostOfSales,dart_OtherFinancialExpenses,dart_OtherFinancialIncome,dart_OtherGains,dart_OtherLosses,dart_PackingExpenses,dart_ProductWarrantyExpensesRecovery,dart_ProfitsOfAssociatesAndJointVenturesAccountedForUsingEquityMethod,dart_ProvisionForSeveranceIndemnities,dart_PublicationExpenses,dart_RentalExpenses,dart_RepairExpenses,dart_RevenueFromConstruction,dart_RevenueFromRenderingOfServicesCommission,dart_RevenueFromRenderingOfServicesProcession,dart_RevenueFromRenderingOfServicesRental,dart_RevenueFromRenderingOfServicesTransportation,dart_RevenueFromSaleOfGoodsMerchandise,dart_RevenueFromSaleOfGoodsProduct,dart_RevenueFromSaleOfGoodsRealEstate,dart_RevenueFromServices,dart_ReversalsOfAllowanceForOtherDoubtfulAccounts,dart_ReversalsOfInventories,dart_SalariesWages,dart_SalesPromotionExpenses,dart_SamplesExpenses,dart_SupplyExpenses,dart_TaxesDues,dart_TotalSellingGeneralAdministrativeExpenses,dart_TrainingExpenses,dart_TravelExpenses,dart_UtilityExpenses,dart_VehicleMaintenanceExpenses,dart_WarrantyExpenses,entity_BasicEarningsLossPerShare,entity_BasicEarningsLossPerShareFromContinuingOperations,entity_BasicEarningsLossPerShareFromDiscontinuedOperations,entity_CostOfSales,entity_DilutedEarningsLossPerShare,entity_DilutedEarningsLossPerShareFromContinuingOperations,entity_DilutedEarningsLossPerShareFromDiscontinuedOperations,entity_EarningsPerShareAbstract,entity_FinanceCosts,entity_FinanceIncome,entity_GrossProfit,entity_IncomeStatementAbstract,entity_OperatingExpenses,entity_OperatingIncomeLoss,entity_OtherGains,entity_OtherLosses,entity_ProfitLoss,entity_ProfitLossAttributableToAbstract,entity_ProfitLossAttributableToNoncontrollingInterests,entity_ProfitLossAttributableToOwnersOfParent,entity_Revenue,entity_TotalSellingGeneralAdministrativeExpenses,ifrs-full_BasicEarningsLossPerShare,ifrs-full_BasicEarningsLossPerShareFromContinuingOperations,ifrs-full_BasicEarningsLossPerShareFromDiscontinuedOperations,ifrs-full_CostOfSales,ifrs-full_DilutedEarningsLossPerShare,ifrs-full_DilutedEarningsLossPerShareFromContinuingOperations,ifrs-full_DilutedEarningsLossPerShareFromDiscontinuedOperations,ifrs-full_EarningsPerShareAbstract,ifrs-full_FinanceCosts,ifrs-full_FinanceIncome,ifrs-full_GrossProfit,ifrs-full_IncomeTaxExpenseContinuingOperations,ifrs-full_ProfitLoss,ifrs-full_ProfitLossAttributableToAbstract,ifrs-full_ProfitLossAttributableToNoncontrollingInterests,ifrs-full_ProfitLossAttributableToOwnersOfParent,ifrs-full_ProfitLossBeforeTax,ifrs-full_ProfitLossFromContinuingOperations,ifrs-full_ProfitLossFromDiscontinuedOperations,ifrs-full_Revenue,ifrs_BasicEarningsLossPerShare,ifrs_BasicEarningsLossPerShareFromContinuingOperations,ifrs_BasicEarningsLossPerShareFromDiscontinuedOperations,ifrs_CostOfSales,ifrs_DifferenceBetweenCarryingAmountOfNoncashAssetsDistributedAndCarryingAmountOfDividendsPayable,ifrs_DilutedEarningsLossPerShare,ifrs_DilutedEarningsLossPerShareFromContinuingOperations,ifrs_DilutedEarningsLossPerShareFromDiscontinuedOperations,ifrs_EarningsPerShareAbstract,ifrs_EmployeeBenefitsExpense,ifrs_FinanceCosts,ifrs_FinanceIncome,ifrs_GainsArisingFromDerecognitionOfFinancialAssetsMeasuredAtAmortisedCost,ifrs_GainsLossesArisingFromDifferenceBetweenPreviousCarryingAmountAndFairValueOfFinancialAssetsReclassifiedAsMeasuredAtFairValue,ifrs_GainsLossesOnNetMonetaryPosition,ifrs_GrossProfit,ifrs_IncomeTaxExpenseContinuingOperations,ifrs_OtherRevenue,ifrs_ProfitLoss,ifrs_ProfitLossAttributableToAbstract,ifrs_ProfitLossAttributableToNoncontrollingInterests,ifrs_ProfitLossAttributableToOwnersOfParent,ifrs_ProfitLossBeforeTax,ifrs_ProfitLossFromContinuingOperations,ifrs_ProfitLossFromDiscontinuedOperations,ifrs_Revenue,ifrs_RevenueFromConstructionContracts,ifrs_RevenueFromRenderingOfServices,ifrs_RevenueFromSaleOfGoods
[001040],,,,,,,,,,,,,,,,,,,,,,,,,,,,,,,,,,,,,,,,,,,,,,,,,,,,,,,,,,,,,,,,,,,,,,,,,,,,,,,,,,,,,,,"341,537,892,000",,,,,"46,121,127,000","89,929,370,000",,,,,,,,,,,,,,,,,,,,,,,,"1,722,360,525,000",,,,,,,,,,,,,,,,,"14,314,786,000",,,,,,,,,,,,,,,,,,,,,,,,,,,,,,,"3,044",,,"4,910,261,021,000",,"3,044",,,,,"155,189,912,000","90,711,357,000",,,,"2,063,898,417,000","56,903,414,000",,"190,662,466,000",,"103,988,137,000","86,674,329,000","247,565,880,000",,,"6,974,159,438,000",,,
[000120],,,,,,,,,,,,,,,,,,,,,,,,,,,,,,,,,,,,,,,,,,,,,,,,,,,,,,,,,,,,,,,,,,,,,,,,,,,,,,,,,,,,,,,"45,309,840,533",,,,,"44,839,945,622","27,201,768,837",,,,,,,,,,,,,,,,,,,,,,,,"130,035,812,292",,,,,,,,,,,,,,,,,"-1,121,084,080",,,,,,,,,,,,,,,,,,,,,,,,,,,,,,,"1,893",,,"1,826,118,431,792",,,,,,,"28,817,099,002","11,619,919,503",,,,"175,345,652,825","8,542,557,903",,"36,087,195,836",,"1,936,811,690","34,150,384,146","44,629,753,739",,,"2,001,464,084,617",,,
[000990],,,,,,,,,,,,,,,,,,,,,,,,,,,,,,,,,,,,,,,,,,,,,,,,,,,,,,,,,,,,,,,,,,,,,,,,,,,,,,,,,,,,,,,"12,676,794,616",,,,,"3,594,120,878","1,373,019,911",,,,,,,,,,,,,,,,,,,,,,,,"24,468,423,266",,,,,,,,,,,,,,,,,"2,489,288,867",,,,,,,,,,,,,,,,,,,,,,,,,,,,,,,48,,,"101,299,650,677",,48,,,,,"4,507,402,539","1,462,133,094",,,,"37,145,217,882","-427,571,851",,"2,096,938,281",,0,"2,096,938,281","1,669,366,430","2,096,938,281",0,"138,444,868,559",,,
[155660],,,,,,,,,,,,,,,,,,,,,,,,,,,,,,,,,,,,,,,,,,,,,,,,,,,,,,,,,,,,,,,,,,,,,,,,,,,,,,,,,,,,,,,"2,728,601,006",,,,,"1,028,502,555","602,515,895",,,,,,,,,,,,,,,,,,,,,,,,"4,978,106,850",,,,,,,,,,,,,,,,,,,,,,,,,,,,,,,,,,,,,,,,,,,,,,,,127,,,"49,246,455,833",,,,,,,"611,889,308","285,836,455",,,,"7,706,707,856","851,606,425",,"1,976,928,388",,"-48,550,777","2,025,479,165","2,828,534,813",,,"56,953,163,689",,,
[078930],,,,,,,,,,,,,,,,,,,,,,,,,,,,,,,,,,,,,,,,,,,,,,,,,,,,,,,,,,,,,,,,,,,,,,,,,,,,,,,,,,,,,,,"555,875,000,000",,,,,"45,506,000,000","31,281,000,000",,,,,,,,,,,,,,,,,,,,,,,,"446,504,000,000",,,,,,,,,,,,,100,,,,,,,,,,,,,,,,,,,,,,,,,,,,,,,,,,,"2,356","2,256",100,"3,221,653,000,000",,,,,,,"72,673,000,000","11,140,000,000",,,,"1,002,379,000,000","245,727,000,000",,"272,295,000,000",,"49,219,000,000","223,076,000,000","508,567,000,000","262,840,000,000","9,455,000,000","4,224,032,000,000",,,
[006360],,,,,,,,"2,410,493,318,456",,,,,,,,,,"146,382,151,874",,,,,,,,,,,,,,,,,,,,,,,,,,,,,,,,,,,,,,,,,,,,,,,,,,,,,,,,,,,,,,,,,,,,,"389,813,033,963",,"66,922,946,123",,,"41,498,713,072","70,158,299,111",,,,,,,,"2,873,740,198,597",,,,,,,"183,125,390,532",,,,,,,,,"113,883,510,557",,,,,,,,,,,,,,,,,"-1,359,832,353",,,,,"1,866,649,061",,,,,,,,,,,,,,,,,,,,,,,,,,"2,939",,,"2,623,798,416,453",,"2,569",,,,,"75,668,294,173","24,553,132,564",,,,"503,696,544,520","102,419,407,550","70,629,371,844","208,738,079,770",,,,"311,157,487,320",,,"3,127,494,960,973",,,
[001250],,,,,,,,,,,"8,642,535,170",,,,,"917,967,754,379","41,838,334,395",,,,,,,,,,,,,,,,,,,,,,,,,,,,,,,,,,,,,,,,,,,,,,,,,,,,,,,,,,,,,,,,,,,,,,"13,977,332,016",,,,,"24,673,818,890","25,199,312,326",,,,,,,,,"11,767,192,729",,,,"944,096,818,589","48,638,220,594",,,,,,,,,,"22,076,275,952",,,,,,,,,,,,,,,,,"-67,664,096",,,,,,,,,,,,,,,,,,,,,,,,,,,,,,,70,,,"968,448,623,944",,,,,,,"5,662,026,310","334,149,148",,,,"36,053,607,968","2,098,926,287",,"5,957,371,035",,"178,900,423","5,778,470,612","8,056,297,322",,,"1,004,502,231,912",,,
[028150],,,,,,,,,,,,,,,,,,,,,,,,,,,,,,,,,,,,,,,,,,,,,,,,,,,,,,,,,,,,,,,,,,,,,,,,,,,,,,,,,,,,,,,"30,077,175,820",,,,,"113,393,241","1,144,600,278",,,,,,,,,,,,,,,,,,,,,,,,"168,069,046,334",,,,,,,,,,,,,,,,,"-291,519,294",,,,,,,,,,,,,,,,,,,,,,,,,,,,,,,"7,094",,,"67,542,304,202",,"7,094",,,,,"1,594,823,142","9,687,492,237",,,,"198,146,222,154","11,042,384,344",,"44,535,615,605",,"-50,020,946","44,585,636,551","55,577,999,949",,,"265,688,526,356",,,
[012630],,,,,,,,"17,857,297,045",,,,,,,,"12,907,533,905","195,879,803,206","2,254,651,904","40,196,797,228",,,,,,,,,,,,,,,,,,,,,,,,,,,,,,,,,,,,,,,,,,,,,,,,,,,,,,,,,,,,,,,,,,,,"25,785,596,063",,,,,"10,434,570,591","2,017,845,012",,,,,,,,"23,001,817,554",,,,,"17,602,363,672","214,726,373,824","2,562,638,935","44,514,335,860",,,,,,,,"40,106,302,571",,,,,,,,,"10,763,264,132",,,,,,,,"2,196,564,382",,,,,,,,,,,,,,,,,,,,,,,,,,,,,,,,272,"1,493","279,859,347,420",,,,,,,"8,155,123,282","5,926,931,628",,,,"65,891,898,634","7,258,431,026","43,343,716,209","131,531,598,461",,"7,823,424,138","123,708,174,323","34,170,694,370","26,912,263,344","104,619,335,117","345,751,246,054",,,
[089470],,,,,,,,,,,,,,,,"8,176,584,751","190,086,436,523",,,,,,,,,,,,,,,,,,,,,,,,,,,,,,,,,,,,,,,,,,,,,,,,,,,,,,,,,,,,,,,,,,,,,,"7,697,081,203",,,,,"2,804,024,308","73,285,974",,,,,,,,,,,,,"9,000,291,807","208,217,497,847",,,,,,,,,,"11,217,726,170",,,,,,,,,,,,,,,,,"645,817,451",,,,,,,,,,,,,,,,,,,,,,,,,,,,,,,261,,,"198,263,021,274",,261,,,,,"936,625,498","2,260,255,351",,,,"18,954,768,380","2,947,449,130",,"8,069,886,176",,0,"8,069,886,176","11,017,335,306",,,"217,217,789,654",,,
[294870],,,,,,,,,,,,,,,,,,,,,,,,,,,,,,,,,,,,,,,,,,,,,,,,,,,,,,,,,,,,,,,,,,,,,,,,,,,,,,,,,,,,,,,,,,,,,,,,,,,,,,,,,,,,,,,,,,,,,,,,,,,,,,,,,,,,,,,,,,,,,,,,,,,,,,,,,,,,,,,,,,,,,,,,,,,,,,,,,,,,,,,,,,,,,,,,,
[082740],,,,,,,,,,,,,,,,,,,,,,,,,,,,,,,,,,,,,,,,,,,,,,,,,,,,,,,,,,,,,,,,,,,,,,,,,,,,,,,,,,,,,,,"-1,138,387,139",,,,,"105,911,694","120,978,084",,,,,,,,,,,,,,,,,,,,,,,,"8,864,333,579",,,,,,,,,,,,,,,,,"-202,021,143",,,,,,,,,,,,,,,,,,,,,,,,,,,,,,,24,,,"100,881,914,700",,24,,,,,"13,146,896,149","16,477,186,848",,,,"7,725,946,440","301,017,896",,"1,673,798,131",,,"1,673,798,131","1,974,816,027","1,673,798,131",,"108,607,861,140",,,
[024120],,,,,,,,,,,,,,,,,,,,,,,,,,,,,,,,,,,,,,,,,,,,,,,,,,,,,,,,,,,,,,,,,,,,,,,,,,,,,,,,,,,,,,,"4,255,866,426",,,,,"889,283,420","17,225,223",,,,,,,,,,,,,,,,,,,,,,,,"1,978,010,274",,,,,,,,,,,,,,,,,,,,,,,,,,,,,,,,,,,,,,,,,,,,,,,,456,,,"32,408,931,412",,,,,,,"565,046,539","1,881,389,471",,,,"6,233,876,700","1,201,426,765",,"5,242,840,790",,,"5,242,840,790","6,444,267,555",,,"38,642,808,112",,,
[083470],,,,,,,,,,,,,,,,,,,,,,,,,,,,,,,,,,,,,,,,,,,,"1,445,948,441","23,022,018",,,,,,,,,,,,,,"508,591,713","361,611,721",,,,,,,,,,,,,"769,090,709","133,377,256",,,,,,,,,,,,,"-3,679,526,618",,,,,,,,,,,,,,,,,,,,,,,,,,,,,,"2,583,717,058",,,,,,,,,,,,,,,,,"61,383,256",,,,,,,,,,,,,,,,,,,,,,,,,,,,,,,-149,,,"12,257,529,454",,-149,,,,,"1,411,059,678","1,830,582,180",,,,"48,622,559",,,"-3,161,467,955",,"-21,246","-3,161,446,709","-3,161,467,955",,,"12,306,152,013",,,
[003550],,,,,,,,,,,,,,,,,,,,,,,,,,,,,,,,,,,,,,,,,,,,,,,,,,,,,,,,,,,,,,,,,,,,,,,,,,,,,,,,,,,,,,,"583,867,000,000",,,,,,,,,,,,,,,,,,,,,,,,,,,,,,"70,848,000,000",,,,,,,,,,,,,"3,064",,,,,,"15,239,000,000",,,,,,,"473,277,000,000",,,,,,,,,,,,,,,,,,,,,,,,,"1,227,430,000,000",,,,,,,,,,,,"654,715,000,000","63,447,000,000","104,546,000,000","556,036,000,000",,"2,351,000,000","553,685,000,000","595,764,000,000","532,317,000,000","23,719,000,000","1,882,145,000,000","731,042,000,000","478,594,000,000","94,686,000,000"
[001120],,,,,,,,,,,,,,,,,,,,,,,,,,,,,,,,,,,,,,,,,,,,,,,,,,,,,,,,,,,,,,,,,,,,,,,,,,,,,,,,,,,,,,,"60,696,061,566",,,,,,,,,,,,,,,,,,,,,,,,,,,,,,"125,515,684,238",,,,,,,,,,,,,,,,,"974,196,693",,,,,,,,,,,,,,,,,,,,,,,,,,,,,,,"-2,265",,,"2,201,200,229,338",,"-2,265",,,,,,,,,,"186,211,745,804","147,652,962,070",,"-78,061,540,189",,"9,483,526,530","-87,545,066,719","69,591,421,881",,,"2,387,411,975,142",,,
[051900],,,,,,,,,,,,,,,,,,,,,,,,,,,,,,,,,,,,,,,,,,,,,,,,,,,,,,,,,,,,,,,,,,,,,,,,,,,,,,,,,,,,,,,"283,666,683,892",,,,,"4,647,678,937","21,150,731,478",,,,,,,,,,,,,,,,,,,,,,,,"705,526,888,995",,,,,,,,,,,,,,,,,"1,350,524,323",,,,,,,,,,,,,,,,,,,,,,,,,,,,,,,"11,561",,,"670,028,729,485",,"11,574",,,,,"2,676,185,402","1,169,742,230",,,,"989,193,572,887","70,607,701,269",,"196,400,011,233",,"2,651,184,934","193,748,826,299","267,007,712,502",,,"1,659,222,302,372",,,
[032640],,,,,"1,408,118,000,000",,,,,,,,,,,,,,,"416,471,000,000",,,,,,,,,,,,,,,,,,,,,,,,,,,,,,,,,,,,,,,,,,,,,,,,,,,,,,,,,,,,,,,,,,,"187,664,000,000",,,,,"16,571,000,000",,,,,,,,,,,,,,,,,,,,"225,965,000,000",,,,,"2,050,554,000,000",,,,,,,,,,,,,,,,,,,,,,,,,,,,,,,,,,,,,,,,,,,,,,,,265,,,"741,715,000,000","9,657,000,000",,,,,,"41,083,000,000","8,600,000,000","-93,000,000",,,"2,238,218,000,000","-46,496,000,000",,"115,506,000,000",,"-7,000,000","115,513,000,000","162,002,000,000",,,"2,979,933,000,000",,,
[011070],,,,,,,,,,,,,,,,,,,,,,,,,,,,,,,,,,,,,,,,,,,,,,,,,,,,,,,,,,,,,,,,,,,,,,,,,,,,,,,,,,,,,,,"16,825,818,377",,,,,"25,124,324,240","41,065,463,705",,,,,,,,,,,,,,,,,,,,,,,,"139,818,776,538",,,,,,,,,,,,,,,,,,,,,,,,,,,"81,262,322,379",,,,,,,,,,,,,,,,,,,,,-410,,,"1,563,885,405,752",,-410,,,,,"19,380,489,980","8,014,164,298",,,,"156,644,594,915","-783,281,723",,"-9,698,365,047",,,"-9,698,365,047","-10,481,646,770",,,"1,720,530,000,667",,,
[066570],,,,,,,,,,,,,,,,,,,,,,,,,,,,,,,,,,,,,,,,,,,,,,,,,,,,,,,,,,,,,,,,,,,,,,,,,,,,,,,,,,,,,,,"1,107,817,000,000",,,,,"286,065,000,000","316,454,000,000",,,,,,,,,,,,,,,,,,,,,,,,"2,701,825,000,000",,,,,,"3,991",,,,,,,,,,,"-27,945,000,000",,,,,,,,,,"282,328,000,000",,,,,,,,,,,,,,,,,,,,,,,,"11,313,399,000,000",,,,,,,"214,198,000,000","133,683,000,000",,,,"3,809,642,000,000","239,097,000,000",,"729,871,000,000",,"13,184,000,000","716,687,000,000","968,968,000,000",,,"15,123,041,000,000",,,
[108670],,,,,,,,,,,,,,,,,,,,,,,,,,,,,,,,,,,,,,,,,,,,,,,,,,,,,,,,,,,,,,,,,,,,,,,,,,,,,,,,,,,,,,,"18,700,000,000",,,,,"2,262,000,000","6,821,000,000",,,,,,,,,,,,,,,,,,,,,,,,"160,480,000,000",,,,,,,,,,,,,,,,,"-1,030,000,000",,,,,,,0,"-3,853,000,000",,,,,,,,,,,,,,,,,,,,,,,,914,-386,"591,008,000,000",,,926,-386,,,"8,590,000,000","3,689,000,000",,,,"179,180,000,000","-924,000,000",,"5,281,000,000",,0,"5,281,000,000","8,210,000,000","9,134,000,000","-3,853,000,000","770,188,000,000",,,
[051910],,,,,,,,,,,,,,,,,,,,,,,,,,,,,,,,,,,,,,,,,,,,,,,,,,,,,,,,,,,,,,,,,,,,,,,,,,,,,,,,,,,,,,,"650,841,000,000",,,,,"79,225,000,000","91,530,000,000",,,,,,,,,,,,,,,,,,,,,,,,"690,720,000,000",,,,,,,,,,,,,"6,947",,,,"743,000,000",,,,,,,,,,,,,,,,,,,,,,,,,,,,,,,,,,"5,212,029,000,000",,,,,,,"67,510,000,000","81,427,000,000",,,,"1,341,561,000,000","100,452,000,000",,"552,744,000,000",,"21,395,000,000","531,349,000,000","653,196,000,000",,,"6,553,590,000,000",,,
[104200],,,,,,,,,,,,,,,,,,,,,,,,,,,,,,,,,,,,,,,,,,,,,,,,,,,,,,,,,,,,,,,,,,,,,,,,,,,,,,,,,,,,,,,"1,177,978,406",,,,,"23,492,188","3,033,925",,,,,,,,,,,,,,,,,,,,,,,,,,,,,,,,,,,,,,,,,"609,416,927",,,,,,,,,,,,,,,,,,,,,,,,,,,,,,,128,,,,,128,,,,,"244,757,006","408,305,690",,,,,"314,356,475",,"1,657,045,805",,"-65,695,623","1,722,741,428","1,971,402,280",,,"21,716,883,909",,,
[010060],,,,,,,,,,,,,,,,,,,,,,,,,,,,,,,,,,,,,,,,,,,,,,,,,,,,,,,,,,,,,,,,,,,,,,,,,,,,,,,,,,,,,,,"106,324,223,000",,,,,"2,835,903,000","1,314,334,000",,,,,,,,,,,,,,,,,,,,,,,,"48,781,009,000",,,,,,,,,,,,,,,,,"348,236,000",,,,,,,,,,,,,,,,,,,,,,,,,,,,,,,"3,065",,,"701,852,020,000",,"3,056",,,,,"45,087,534,000","32,926,862,000",,,,"155,105,232,000","22,794,805,000",,"73,494,173,000",,"403,076,000","73,091,097,000","96,033,356,000","73,238,551,000","255,622,000","856,957,252,000",,,
[017670],"100,117,000,000",,,,"1,262,099,000,000",,,,,,,,,,,,,,,"785,979,000,000",,,,,,,"80,661,000,000",,,,,,,,,,,,,,,,,,,,,,,,,,,,,,,,,,,,,,,,,,,,,,,,,,,,,,,,,,"214,960,000,000","3,856,061,000,000","325,476,000,000",,,,,,,,,,,,"131,613,000,000",,,,,,,,,,"4,181,537,000,000",,,,,,,,,,,,,,,,,,,,,,,,,"26,967,000,000","319,802,000,000",,,,,,,,,,,,,,,,,,,,,,,,,,,,,,"9,842",,,,,"9,842",,,,"549,971,000,000","84,879,000,000","49,797,000,000",,,,,"213,618,000,000",,"693,372,000,000",,"-1,587,000,000","694,959,000,000","906,990,000,000",,,"4,181,537,000,000",,,
[063440],,,,,,,,,,,,,,,,,,,,,,,,,,,,,,,,,,,,,,,,,,,,,,,,,,,,,,,,,,,,,,,,,,,,,,,,,,,,,,,,,,,,,,,"15,114,247",,,,,"1,493,557","207,362,663",,,,,,,,,,,,,,,,,,,,,,,,"1,318,732,620",,,,,,,,,,,,,,,,,,,,,,,,,,,,,,,,,,,,,,,,,,,,,,,,-8,-5,-3,"2,203,599,485",,,,,,,0,"12,122,009",,,,"1,333,846,867",0,,"-296,274,490",,"1,921,912","-298,196,402","-178,632,850","-178,632,850","-117,641,640","3,537,446,352",,,
[005610],,,,,,,,,,,,,,,,,,,,,,,,,,,,,,,,,,,,,,,,,,,,,,,,,,,,,,,,,,,,,,,,,,,,,,,,,,,,,,,,,,,,,,,"11,378,707,975",,,,,"1,457,152,231","712,366,103",,,,,,,,,,,,,,,,,,,,,,,,"59,019,570,904",,,,,,,,,,,,,,,,,"-121,068,119",,,,,,,,,,,,,,,,,,,,,,,,,,,,,,,"1,037",,,"432,280,440,808",,,,,,,"1,265,396,376","48,568,184",,,,"84,025,191,969","2,371,975,119",,"8,413,622,673",,"6,036,714","8,407,585,959","10,785,597,792","8,413,622,673",0,"516,305,632,777",,,
[009450],,,,,,,,,,,,,,,,,,,,,,,,,,,,,,,,,,,,,,,,,,,,,,,,,,,,,,,,,,,,,,,,,,,,,,,,,,,,,,,,,,,,,,,"12,184,517,512",,,,,"2,653,189,882","2,256,455,612",,,,,,,,,,,,,,,,,,,,,,,,"45,963,502,514",,,,,,,,,,,,,,,,,,,,,,,,,,,,,,,,,,,,,,,,,,,,,,,,656,,,"105,885,446,917",,656,,,,,"425,434,332","52,577,131",,,,"58,148,020,026","3,929,060,777",,"8,279,333,804",,0,"8,279,333,804","12,208,394,581",,,"164,033,466,943",,,
[000050],"20,304,024",,"11,920,461","2,368,983","12,913,565,675","16,145,067","7,282,594",,,,,,,,,,,,,"1,084,689,924","9,154,000",,,"88,259,348",,"64,922,379",,,,"352,673,936","83,490,223","41,814,927",,,,,,0,,"48,747,454",,,"47,854,100",,,,,0,,,,,,,,,,"11,473,717","1,757,579,364","4,668,252",,,"422,118,407","79,830,370",,,,,,0,"368,000",,,,,,,,,,,"20,800,064","40,873,225","147,099,164",,,"10,400,855,610","6,760,271",,"1,187,774,250",0,"262,779,929","649,415,941",,,,"59,111,575",,"7,681,761","105,894,275",,,,,,,,,,,,"771,232,919",,,"37,741,158","398,882,913","16,711,285,761","1,957,049","83,445,579","628,307,819","15,864,270",,,,,,,,,,,,,"-120,742,289",,,,,,,,,,,,,,,,,,,,,,,,,,,,,,,191,,,"54,702,846,338",,191,,,,,"2,945,353,614","13,822,252",,,,"27,112,141,371","1,772,277,936",,"5,236,948,509",,"-2,949,725","5,239,898,234","7,009,226,445",,,"81,814,987,709",,,
[013580],,,,,,,,,,,,,,,,,,,,,,,,,,,,,,,,,,,,,,,,,,,,,,,,,,,,,,,,,,,,,,,,,,,,,,,,,,,,,,,,,,,,,,,"20,491,891,502",,,,,,,,,,,,,,,,,,,,,,,,,,,,,,"28,037,074,505",,,,,,,,,,,,,,,,,"2,464,308,549",,,,,,,,,,,,,,,,,,,,,,,,,,,,,,,"1,182",,,"414,063,820,866",,,,,,,"4,889,671,031","1,062,051,524",,,,"48,528,966,007","2,618,156,832",,"10,845,626,124",,"733,942,314","10,111,683,810","13,463,782,956",,,"462,592,786,873",,,
[011780],,,,,,,,,,,,,,,,,,,,,,,,,,,,,,,,,,,,,,,,,,,,,,,,,,,,,,,,,,,,,,,,,,,,,,,,,,,,,,,,,,,,,,,"165,836,340,997",,,,,"10,240,143,111","10,140,195,597",,,,,,,,,,,,,,,,,,,,,,,,"39,548,537,632",,,,,,,,,,,,,,,,,"41,818,204,678",,,,,,,,,,,,,,,,,,,,,,,,,,,,,,,"4,734",,,"1,134,530,364,086",,,,,,,"20,870,855,810","7,352,288,756",,,,"205,384,878,629","50,592,837,313",,"143,643,088,822",,"11,523,223,593","132,119,865,229","194,235,926,135",,,"1,339,915,242,715",,,
[000270],,,,,,,,,,,,,,,,,,,,,,,,,,,,,,,,,,,,,,,,,,,,,,,,,,,,,,,,,,,,,"735,234,000,000",,,,,,,,,,,,,,,,,,,,,"892,574,000,000",,,,,"305,634,000,000",,,,"61,672,000,000","220,437,000,000",,,,,,,,,,,,,,,,,,,,,,,,,"1,627,808,000,000",,,,,,,,,,,,,,,"82,584,000,000",,"85,198,000,000",,,,,,,,,,,,,,,,,,,,,,,,,,,,,,,"1,077",,,"10,628,759,000,000",,,,,,,,"-20,912,000,000",,,,"1,933,442,000,000","81,822,000,000",,"431,958,000,000",,,"431,958,000,000","513,780,000,000",,,"12,562,201,000,000",,,
[089600],,,,,,,,,,,,,,,,,,,,,,,,,,,,,,,,,,,,,,,,,,,,,,,,,,,,,,,,,,,,,,,,,,,,,,,,,,,,,,,,,,,,,,,"7,056,849,061",,,,,"20,472,044","82,965",,,,,,,,,,,,,,,,,,,,,,,,"19,978,809,994",,,,,,,,,,,,,,,,,"40,790,089",,,,,,,,,,,,,,,,,,,,,,,,,,,,,,,606,,,,,,,,,,"45,361,854","238,379,573",,,,"27,035,659,055","1,623,498,605",,"5,687,547,343",,"380,886,251","5,306,661,092","7,311,045,948",,,,,,
[004270],,,,,,,,,,,,,,,,,,,,,,,,,,,,,,,,,,,,,,,,,,,,,,,,,,,,,,,,,,,,,,,,,,,,,,,,,,,,,,,,,,,,,,,"1,979,273,463",,,,,"18,958,141","90,060,001",,,,,,,,,,,,,,,,,,,,,,,,"4,439,110,475",,,,,,,,,,,,,,,,,"114,299,874",,,,,,,,,,,,,,,,,,,,,,,,,,,,,,,,27,,"13,902,421,188",,,,,,,"1,585,672,909","819,293,611",,,,"6,418,383,938","506,082,284",,"750,009,895",,"706,766","749,303,129","1,256,092,179",,,"20,320,805,126",,,
[095660],,,,,,,,,,,,,,,,,,,,,,,,,,,,,,,,,,,,,,,,,,,,,,,,,,,,,,,,,,,,,,,,,,,,,,,,,,,,,,,,,,,,,,,"3,395,529,856",,,,,"945,881,728","778,864,065",,,,,,,,,,,,,,,,,,,,,,,,"20,010,315,325",,,,,,,,,,,,,,,,,"-1,056,634,216",,,,,,,,,,,,,,,,,,,,,,,,,,,,,,,380,,,"23,526,164,428",,,,,,,"497,538,046","2,858,666,036",,,,"23,405,845,181","-3,188,386,340",,"8,256,722,722",,"207,313,183","8,049,409,539","5,068,336,382",,,"46,932,009,609",,,
[042420],,,,,,,,,,,,,,,,,,,,,,,,,,,,,,,,,,,,,,,,,,,,,,,,,,,,,,,,,,,,,,,,,,,,,,,,,,,,,,,,,,,,,,,"3,279,456,545",,,,,"852,355,206","41,702,575",,,,,,,,,,,,,,,,,,,,,,,,"21,336,302,680",,,,,,,,,,,,,,,,,"365,530,236",,,,,,,,,,,,,,,,,,,,,,,,,,,,,,,440,,,"25,273,337,913",,,,,,,"2,741,724,321","6,602,705,838",,,,"24,649,215,040","-2,645,721,256",,"9,704,343,970",,"5,881,246,161","3,823,097,809","7,058,622,714",,,"49,922,552,953",,,
[000320],,,,,,,,,,,,,,,,,,,,,,,,,,,,,,,,,,,,,,,,,,,,,,,,,,,,,,,,,,,,,,,,,,,,,,,,,,,,,,,,,,,,,,,"-653,452,111",,,,,"558,135,323","333,270,210",,,,,,,,,,,,,,,,,,,,,,,,"43,076,664,344",,,,,,,,,,,,,-234,,,,"502,999,265",,,,,,,,,,,,,,,,,,,,,,,,,,,,,,,-235,,,"141,917,825,871",,,,,,,"2,779,422,623","2,176,349,879",,,,"42,423,212,233","55,735,612",,"197,816,326",,"2,645,232,577","-2,447,416,251","253,551,938",,,"184,341,038,104",,,
[004370],,,,,,,,,,,,,,,,,,,,,,,,,,,,,,,,,,,,,,,,,,,,,,,,,,,,,,,,,,,,,,,,,,,,,,,,,,,,,,,,,,,,,,,"34,406,292,377",,,,,"4,078,762,431","209,864,677",,,,,,,,,,,,,,,,,,,,,,,,"145,296,639,941",,,,,,,,,,,,,,,,,"-36,762,740",,,,,,,,,,,,,,,,,,,,,,,,,,,,,,,"5,544",,,"383,366,584,889",,"5,544",,,,,"2,362,623,027","5,943,011,569",,,,"179,702,932,318","9,692,065,172",,"32,126,750,761",,"65,337,279","32,061,413,482","41,818,815,933",,,"563,069,517,207",,,
[054050],"190,650,295",,"48,737,381","-41,612,126","1,186,926,333","40,342,127",,,,,,,,,,,,,,"454,376,470","81,998,000",,"17,090,000","520,581,013",,"202,321,149",,,,"603,498,991",,,,,,,,,,,,,"271,968","137,280,750","131,981,683",,"437,304",,,,,"11,380,059",,,,,,"205,335,138","328,931,476","38,882,414",,"479,928,444",,,,,,,,,"1,924,983",,"263,756,848","144,623,661",,0,,,,,,,"473,193,615","22,245,168",,,"3,557,192,506","2,490,427,523",,,,"953,394,027","263,531,661","21,530,010",,,"233,883,555","12,868,268","122,008,774","42,096,413",,,,,,,,,,,,"3,808,397,225","92,530,618",,"23,827,812","153,999,400","11,374,753,371","6,781,749","318,048,400","202,513,734","270,111,155",,,,,"3,681,786,366",,,,,,0,,,,,,"62,591,000","-74,732,112",,,,"4,709,458,488","35,941,323",,,,,,,,,,,,,,,,,,,,,"1,670",,,"10,556,775,994",,"1,670",,,,,"737,311,985","401,960,210",,,,"14,931,945,877","19,893,640,825",,"23,805,343,922",,,,"3,911,703,097",,,"25,488,721,871",,,
[064260],,,,,,,,,,,,,,,,,,,,,,,,,,,,,,,,,,,,,,,,,,,,,,,,,,,,,,,,,,,,,,,,,,,,,,,,,,,,,,,,,,,,,,,"2,409,710,880",,,,,"2,350,716,812","1,430,947,025",,,,,,,,,,,,,,,,,,,,,,,,,,,,,,,,,,,,,,,,,6,,,,,,,,,,,,,,,,,,,,,,,,,,,,,,,,,,,,,,,,,"938,331,430","463,421,230",,,,,"803,154,380",,"2,463,149,722",,"-1,138,372,348","3,601,522,070","2,789,077,648","1,985,923,268","477,226,454","44,239,966,866",,,
[019680],,,,,,,,,,,,,,,,,,,,,,,,,,,,,,,,,,,,,,,,,,,,,,,,,,,,,,,,,,,,,,,,,,,,,,,,,,,,,,,,,,,,,,,"11,267,778,851",,,,,"9,667,515,664","6,644,943,806",,,,,,,,,,,,,,,,,,,,,,,,"27,589,496,168",,,,,,112,,,,110,,,,,,,"851,993,983",,,,,,,,,,,,,,,,,,,,,,,,,,,,,,,,,,"163,569,914,300",,,,,,,"357,356,835",,,"-60,684,435",,"38,869,948,921","4,513,342,863",,"10,210,581,058",,"161,073,777","10,049,507,281","14,723,923,921",,,"202,439,863,221",,,
[006370],,,,,,,,,,,,,,,,,,,,,,,,,,,,,,,,,,,,,,,,,,,,,,,,,,,,,,,,,,,,,,,,,,,,,,,,,,,,,,,,,,,,,,,"-4,351,896,883",,,,,"17,257,182","339,305,330",,,,,,,,,,,,,,,,,,,,,,,,,,,,,,,,,,,,,,,,,"36,985,309,675",,,,,,,,,,,,,,,,,,,,,,,,,,,,,,,-813,,,,,-813,,,,,"2,224,754,026","144,855,340",,,,,"-567,135,552",,"-6,186,708,165",,"31,403,642","-6,218,111,807","-6,753,843,717",,,"32,633,412,792",,,
[000210],,,,,,,,,,,,,,,,,,,,,,,,,,,,,,,,,,,,,,,,,,,,,,,,,,,,,,,,,,,,,,,,,,,,,,,,,,,,,,,,,,,,,,,"248,241,715,440",,,,,"23,330,580,311","24,179,089,770",,,,,,,,,,,,,,,,,,,,,,,,"165,355,718,897",,,,,,,,,,,,,,,,,"82,639,581,010",,,,,,,,,,,,,,,,,,,,,,,,,,,,,,,"6,318",,,"2,422,465,342,698",,"6,330",,,,,"40,320,898,699","21,804,531,334",,,,"413,597,434,337","61,002,988,496",,"250,513,431,130",,"6,607,562,250","243,905,868,880","311,516,419,626",,,"2,836,062,777,035",,,
[045390],,,,,,,,,,,,,,,,,,,,,,,,,,,,,,,,,,,,,,,,,,,,,,,,,,,,,,,,,,,,,,,,,,,,,,,,,,,,,,,,,,,,,,,"2,087,102,293",,,,,"147,716,937","254,229,603",,,,,,,,,,,,,,,,,,,,,,,,"3,794,500,057",,,,,,,,,,,,,,,,,,,,,,,,,,,,,,,,,,,,,,,,,,,,,,,,24,,,"19,967,712,811",,,,,,,"9,452,488","165,483,922",,,,"5,881,602,350","455,044,182",,"1,681,576,879",,"-47,773,219","1,729,350,098","2,136,621,061",,,"25,849,315,161",,,
[047040],,,,,,,,,,,,,,,,,,,,,,,,,,,,,,,,,,,,,,,,,,,,,,,,,,,,,,,,,,,,,,,,,,,,,,,,,,,,,,,,,,,,,,,"182,025,600,905",,,,,"44,466,231,424","59,804,022,433",,,,,,,,,,,,,,,,,,,,,,,,"96,253,468,035",,,,,,,,,,,,,,,,,"391,238,457",,,,,,,,,,,,,,,,,,,,,,,,,,,,,,,272,,,"2,374,545,767,063",,271,,,,,"25,073,103,003","6,397,177,903",,,,"278,279,068,940","37,025,931,526",,"111,377,191,727",,"-181,810,421","111,559,002,148","148,403,123,253",,,"2,652,824,836,003",,,
[042660],,,,,,,,,,,,,,,,,,,,,,,,,,,,,,,,,,,,,,,,,,,,,,,,,,,,,,,,,,,,,,,,,,,,,,,,,,,,,,,,,,,,,,,"298,619,948,363",,,,,"60,019,932,781","50,188,556,987",,,,,,,,,,,,,,,,,,,,,,,,"14,668,243,479",,,,,,,,,,,,,,,,,"-1,026,048,243",,,,,,,,,,,,,,,,,,,,,,,,,,,,,,,"2,026",,,"1,997,755,553,341",,"1,308",,,,,"39,269,975,539","5,007,900,739",,,,"258,382,849,851","6,684,845,108",,"226,325,972,612",,"4,330,597,234","221,995,375,378","233,010,817,720",,,"2,256,138,403,192",,,
[000430],,,,,,,,,,,,,,,,,,,,,,,,,,,,,,,,,,,,,,,,,,,,,,,,,,,,,,,,,,,,,,,,,,,,,,,,,,,,,,,,,,,,,,,"9,057,305,156",,,,,"5,251,689,217","3,532,473,377",,,,,,,,,,,,,,,,,,,,,,,,"17,299,109,852",,,,,,,,,,,,,,,,,"-90,933,182",,,,,,,,,,,,,,,,,,,,,,,,,,,,,,,95,,,"211,813,428,500",,,,,,,"3,150,728,947","2,546,126,112",,,,"26,057,710,658","1,972,202,853",,"8,108,782,126",,"2,194,924,342","5,913,857,784","10,080,984,979",,,"237,871,139,158",,,
[005710],,,,,,,,,,,,,,,,,,,,,,,,,,,,,,,,,,,,,,,,,,,,,,,,,,,,,,,,,,,,,,,,,,,,,,,,,,,,,,,,,,,,,,,"7,262,922,710",,,,,"3,368,609,773","2,378,466,503",,,,,,,,,,,,,,,,,,,,,,,,"5,326,867,746",,,,,,,,,,,,,,,,,"-28,821,750",,,,,,,,,,,,,,,,,,,,,,,,,,,,,,,344,,,"155,544,208,365",,344,,,,,"137,300,630","951,428,287",,,,"12,589,790,456","2,151,298,662",,"6,887,073,225",,0,"6,887,073,225","9,038,371,887",,,"168,133,998,821",,,
[017680],,,,,,,,,,,,,,,,,,,,,,,,,,,,,,,,,,,,,,,,,,,,,,,,,,,,,,,,,,,,,,,,,,,,,,,,,,,,,,,,,,,,,,,"-1,895,860,069",,,,,"1,141,372,270","548,019,506",,,,,,,,,,,,,,,,,,,,,,,,"8,005,000,896",,,,,,,,,,,,,,,,,,,,,,,,,,,,,,,,,,,,,,,,,,,,,,,,-17,-17,,"4,913,908,992",,-17,-17,,,,"360,826,142","106,070,748",,,,"6,109,140,827",,,"-1,557,262,699",,"223,921,107","-1,781,183,806","-1,557,262,699",,,"11,023,049,819",,,
[100130],,,,,,,,"11,167,776,038",,,,,,,,,,,,,,,,,,,,,,,,,,,,,,,,,,,,,,,,,,,,,,,,,,,,,,,,,,,,,,,,,,,,,,,,,,,,,,,"-3,063,287,733",,,,,,,,,,,,,,"11,888,048,338",,,"50,187,000",,,,,,,,,,,,,"6,415,823,396",,,,,,,,,"55,244,507,147",,,,,,,,"671,549,760",,,,,,,,,"57,826,583,510",,,,,,,,,,,,,,,,,,,,,,-34,,,"66,412,283,185",,-34,,,,,"981,175,793","1,223,855,254",,,,"3,352,535,663","362,187,954",,"-2,793,881,753",,"-907,453,177","-1,886,428,576","-2,303,963,994","-2,666,151,948","-127,729,805","69,764,818,848",,,
[005160],,,,,,,,"9,991,693,545",,,,"81,089,583",,,"132,646,610,088",,,,,,,,,,,,,,,,,,,,,,,,,,,,,,,,,,,,,,,,,,,,,,,,,,,,,,,,,,,,,,,,,,,,,,,,"165,182,413",,"11,727,904,186",,,"144,373,754","1,445,933,690",,,,,,,,"10,647,051,838",,"73,462,663",,,,,,,,,,,,,,"13,120,186,497",,,,,,,,,,,,,,,,,"769,030,776",,,,,,,,,,,,,,,,,,,,,,,,,,,,,,,-12,,,"154,447,297,402",,-12,,,,,"2,088,246,858","1,873,526,652",,,,"13,285,368,910","1,386,387,303","10,373,424,506","-2,096,184,061",,"-1,455,329,592","-640,854,469","-582,066,953","-1,968,454,256","-127,729,805","167,732,666,312",,,"146,638,727,305"
[001230],,,,,,,,,,,,,,,,,,,,,,,,,,,,,,,,,,,,,,,,,,,,,,,,,,,,,,,,,,,,,,,,,,,,,,,,,,,,,,,,,,,,,,,"20,566,817,669",,,,,"15,911,805,150","19,047,728,628",,,,,,,,,,,,,,,,,,,,,,,,"78,584,208,165",,,,,,,,,,,,,,,,,"-29,704,466,783",,,,,,,"-419,292,127","-38,482,999,982",,,,,,,,,,,,,,,,,,,,,,,,-410,,"1,302,157,442,857",,,-410,,,,"42,600,797,798","17,938,561,010",,,,"99,151,025,834","1,966,482,729",,"-38,902,292,109",,"-419,292,127","-38,482,999,982","-36,935,809,380","-38,902,292,109",,"1,401,308,468,691",,,
[001520],,,,,,,,,,,,,,,,,,,,,,,,,,,,,,,,,,,,,,,,,,,,,,,,,,,,,,,"-301,352,606",,,,,,,,,,,,,,,,,,,,,,,,,,,"10,236,130,260",,,,,"3,761,543,343",,,,,"901,351,837","328,085,429",,,,,,,,,,,,,,,,,,,,,,,,"9,934,777,654",,,,,,,,,,,,,,,,,"761,904,190",,,,,,,,,,,,,,,,,,,,,,,,,,,,,,,13,,,"97,352,866,292",,26,,,,,"667,740,846","2,579,698,831",,,,"13,696,320,997","4,426,602,315",,"2,582,069,611",,"-172,269,363","2,754,338,974","7,008,671,926",,,"111,049,187,289",,,
[084670],,,,,,,,,,,,,,"28,771,317,752",,,,,,,,,,,,,,,,,,,,,,,,,,,,,,,,,,,,,,,,,,,,,,,,,,,,,,,,,,,,,,,,,,,,,,,,,"672,098,471",,"264,219,233",,,"326,242,464","7,486,466",,,,,,,,,,,,"31,441,514,194",,,,,,,,,,,,"2,641,843,911",,,,,,,,,,,,,,,,,,,,,,,,,,,,,,,,,,,,,,,,,,,,,,,,227,,,"29,035,536,985",,227,,,,,"374,663,536","172,032,468",,,,"3,313,942,382","229,642,731","907,965,173","558,580,670",,"-1,816,654","560,397,324","788,223,401","558,580,670",,"32,349,479,367",,,
[030790],,,,,,,,,,,,,,,,,,,,,,,,,,,,,,,,,,,,,,,,,,,,,,,,,,,,,,,,,,,,,,,,,,,,,,,,,,,,,,,,,,,,,,,"-2,438,177,402",,,,,"777,851,657","1,078,518",,,,,,,,,,,,,,,,,,,,,,,,"3,570,243,093",,,,,,,,,,,,,,,,,,,,,,,,,,,,,,,,,,,,,,,,,,,,,,,,-14,,,"14,395,568,295",,-14,,,,,"10,037,994","326,033,377",,,,"1,132,065,691",,,"-1,345,408,880",,"-33,262,829","-1,312,146,051","-1,345,408,880",,,"15,527,633,986",,,
[000150],,,,,,,,,,,,,,,,,,,,,,,,,,,,,,,,,,,,,,,,,,,,,,,,,,,,,,,,,,,,,,,,,,,,,,,,,,,,,,,,,,,,,,,"350,778,084,876",,,,,"19,091,813,883","77,646,261,609",,,,,,,,,,,,,,,,,,,,,,,,"506,237,853,694",,,,,,,45,-557,,,45,-557,-512,,,,"3,955,061,903",,,,,,,,,,,,,,,,,,,,,,,,,,,,,,,,,,"3,450,578,310,218",,,,,,,"340,237,170,980","184,111,666,856",,,,"857,015,938,570","66,564,740,282",,"42,095,084,457",,"51,652,038,517","-9,556,954,060","140,053,194,929","73,488,454,647","-31,393,370,190","4,307,594,248,788",,,
[011160],,,,,,,,,,,,,,,,,,,,,,,,,,,,,,,,,,,,,,,,,,,,,,,,,,,,,,,,,,,,,,,,,,,,,,,,,,,,,,,,,,,,,,,"14,314,560,766",,,,,"1,454,831,517","28,149,939,251",,,,,,,,,,,,,,,,,,,,,,,,"22,950,632,630",,,,,,,,,,,,,,,,,"241,124,512",,,,,,,,,,,,,,,,,,,,,,,,,,,,,,,-536,-569,33,"312,161,866,366",,-536,-569,33,,,"21,464,637,535","974,319,807",,,,"37,265,193,396","170,783,123",,"-30,911,960,869",,"212,407,531","-31,124,368,400","-32,629,740,184","-32,800,523,307","1,888,562,438","349,427,059,762",,,
[241560],,,,,,,,,,,,,,,,,,,,,,,,,,,,,,,,,,,,,,,,,,,,,,,,,,,,,,,,,,,,,,,,,,,,,,,,,,,,,,,,,,,,,,,"94,322,347,000",,,,,"9,350,125,000","9,279,429,000",,,,,,,,,,,,,,,,,,,,,,,,"97,711,768,000",,,,,,,,,,,,,,,,,"62,306,359,000",,,,,,,,,,,,,,,,,,,,,,,,,,,,,,,622,,,"678,216,664,000",,,,,,,"30,233,793,000","23,076,889,000",,,,"192,034,115,000","24,204,153,000",,,,,,"86,510,512,000",,,"870,250,779,000",,,
[042670],,,,,,,,,,,,,,,,,,,,,,,,,,,,,,,,,,,,,,,,,,,,,,,,,,,,,,,,,,,,,,,,,,,,,,,,,,,,,,,,,,,,,,,"241,573,943,204",,,,,"12,512,022,467","18,550,468,100",,,,,,,,,,,,,,,,,,,,,,,,"224,593,063,590",,,,,,,,,,,,,,,,,"-1,664,308,957",,,,,,,,,,,,,,,,,,,,,,,,,,,,,,,503,,,"1,490,724,980,750",,474,,,,,"85,554,056,938","49,416,691,436",,,,"466,167,006,794","56,286,785,313",,"141,447,037,799",,"36,765,807,822","104,681,229,977","197,733,823,112",,,"1,956,891,987,544",,,
[034020],,,,,,,,,,,,,,,,,,,,,,,,,,,,,,,,,,,,,,,,,,,,,,,,,,,,,,,,,,,,,,,,,,,,,,,,,,,,,,,,,,,,,,,"305,334,471,343",,,,,"18,533,527,599","68,797,937,938",,,,,,,,,,,,,,,,,,,,,,,,"382,676,571,545",,,,,,,,,,,,,,,,,"3,472,756,227",,,,,,,,,,,,,,,,,,,,,,,,,,,,,,,-691,-447,-244,"2,885,701,086,471",,-691,-447,-244,,,"309,811,044,387","165,310,433,785",,,,"688,011,042,888","61,544,663,447",,"23,148,793,444",,"92,323,810,259","-69,175,016,815","114,042,206,629","52,497,543,182","-29,348,749,738","3,573,712,129,359",,,
[003160],,,,,,,,,,,,,,,,,,,,,,,,,,,,,,,,,,"15,321,292",,,,"67,830",,,,,,"131,565,956","151,730,129",,,,,,,,,,,,,,"188,608,748","110,912,863",,,,,,,,,,"1,240",,,"120,668,191","544,398,507",,,,,,,,,,,,,"7,608,280,882",,,,,"70,388,793","106,007,459",,,,,,,,,,,,,,,,,,,,,,,,"7,541,850,105",,,,,,,,,,,,,,,,,"165,493,842",,,,,,,,,,,,,,,,,,,,,,,,,,,,,,,149,,,"33,523,142,099",,149,,,,,"853,676,686","409,598,070",,,,"16,300,017,768","1,866,478,601",,"5,427,598,841",,"1,142,321,054","4,285,277,787","7,294,077,442",,,"49,823,159,867",,,
[001530],,,,,,,,,,,,,,,,,,,,,"19,793,875",,,,,,,,,,,,,,,,,,,,,,,"398,937,067","264,927,619","69,966,680",,"29,952,653",,,0,,,,,,,,"2,138,138,374","149,420,811",,,,,,,,,,,,,"493,384,800","373,237,299","59,344,929",,"143,658,123",,"43,331,737",,,,,,,,"9,921,093,072",,,"1,911,388",,"1,152,085,366","932,423,403",,,,,,,,,,,,,,,,,,,,,,,,"48,538,008,810",,,,,,,,,,,,,,,,,,,,,,,,,,,,,,,,,,,,,,,,,,,,,,,,"1,487",,,"168,812,780,936",,,,,,,"3,253,006,650","932,998,705",,,"15,396,614","58,459,101,882","2,710,447,507",,"5,125,696,197",,"2,596,251,899","2,529,444,298","7,836,143,704",,,"227,271,882,818",,,
[171010],,,,,,,,,,,,,,,,,,,,,,,,,,,,,,,,,,,,,,,,,,,,,,,,,,,,,,,,,,,,,,,,,,,,,,,,,,,,,,,,,,,,,,,"456,501,609",,,,,"121,795,334","39,013,245",,,,,,,,,,,,,,,,,,,,,,,,"703,254,099",,,,,,,,,,,,,,,,,,,,,,,,,,,,,,,,,,,,,,,,,,,,,,,,24,,,"6,022,472,660",,,,,,,"265,080,164","10,706,080",,,,"1,159,755,708","15,798,734",,"269,110,880",,,"269,110,880","284,909,614",,,"7,182,228,368",,,
[131100],,,,,,,,,,,,,,,,,,,,,,,,,,,,,,,,,,,,,,,,,,,,,,,,,,,,,,,,,,,,,,,,,,,,,,,,,,,,,,,,,,,,,,,"-1,095,359,810",,,,,"85,359,070","149,919,875",,,,,,,,,,,,,,,,,,,,,,,,"1,646,239,311",,,,,,,,,,,,,,,,,,,,,,,,,,,,-84,-84,,"8,474,987,034",-84,-84,,,"1,367,974,555","607,211,784","550,879,501",,"-1,920,683,386",,"-18,845,372","-1,901,838,014","-1,920,683,386","-1,920,683,386",,"9,025,866,535",,-159,,"8,158,971,756",,,-159,,,,"9,686,338,987","5,749,353,011",,,,"404,298,701",,,"-3,889,012,516",,,"-3,889,012,516","-3,889,012,516","-3,889,012,516",,"8,563,270,457",,,
[267980],,,,,,,,,,,,,,,,,,,,,,,,,,,,,,,,,,,,,,,,,,,,,,"1,857,994,276",,,,,"110,434,348",,,,,,,,"674,190,482","429,460,234",,,,,,,,,,,,,,,"2,027,765,285",,"444,782,962",,,,,,,,,,"16,405,691,088",,,,,"1,229,335,148","1,121,842,205",,,,,,,,,,,,,,,,,,,,,,,,"69,417,524,981",,,,,,,,,,,,,,,,,,,,,,,,,,,,,,,,,,,,,,,,,,,,,,,,"1,599",,,"235,202,620,313",,"1,591",,,,,"3,146,738,729","2,397,888,858",,,,"85,823,216,069","3,607,113,897",,"12,157,220,263",,,"12,157,220,263","15,764,334,160",,,"321,025,836,382",,,
[005990],,,,,,,,,,,,,,,,,,,,,,,,,,,,,,,,,,,,,,,,,,,,,,"1,857,994,276",,,,,,,,,,,,,"830,038,002","592,414,869",,,,,,,,,,,,,,,"2,027,765,285",,"444,782,962",,,,,,,,,,"13,449,368,676",,,,,"856,100,940","1,243,676,019",,,,,,,,,,,,,,,,,,,,,,,,"93,193,294,373",,,,,,,,,,,,,,"4,671,405","175,545,169",,"-1,684,023,164",,,,,,,,,,,,,,,,,,,,,,,,,,,,,,,8,,,"257,473,812,658",,8,,,,,"3,307,257,654","2,625,954,314",,,,"106,642,663,049","3,770,438,739",,"7,129,682,379",,"7,025,124,681","104,557,698","12,584,144,282",,,"364,116,475,707",,,
[067280],,,,,,,,,,,,,,,,,,,,,,,,,,,,,,,,,,,,,,,,,,,,,,,,,,,,,,,,,,,,,,,,,,,,,,,,,,,,,,,,,,,,,,,,,,,,,,,,,,,,,,,,,,,,,,,,,,,,,,,,,,,,,,,,,,,,,"11,052,262,857",458,,,,,,,,,,,,,,,,,,,,,,,,,,,,,,,,,,"37,295,383,224",,,,,,,,,,,,"14,199,622,144",,,,,,,,,,"51,495,005,368",,,
[041920],,,,,,,,,,,,,,,,,,,,,,,,,,,,,,,,,,,,,,,,,,,,,,,,,,,,,,,,,,,,,,,,,,,,,,,,,,,,,,,,,,,,,,,"217,642,644",,,,,"232,435,358","121,178,815",,,,,,,,,,,,,,,,,,,,,,,,"2,803,765,942",,,,,,,,,,,,,,,,,,,,,,,,,,,,,,,,,,,,,,,,,,,,,,,,36,,,"7,271,729,598",,36,,,,,"16,168,544","15,166,494",,,,"3,021,408,586","21,237,398",,"306,659,739",,,"306,659,739","327,897,137",,,"10,293,138,184",,,
[015540],,,,,,,,,,,,,,,,,,,,,,,,,,,,,,,,,,,,,,,,,,,,,,,,,,,,,,,,,,,,,,,,,,,,,,,,,,,,,,,,,,,,,,,"-1,451,124,243",,,,,"37,035,127",,,,,,,,,,,,,,,,,,,,,,,,,"1,576,680,966",,,,,,,,,,,,,,,,,"17,008,574",,,,,,,,,,,,,,,,,,,,,,,,,,,,,,,-345,,,"9,711,343,341",,-345,,,,,"149,838,758","40,292,910",,,,"125,556,723",0,,"-1,530,562,234",,0,"-1,540,643,538","-1,540,643,538","-1,540,643,538","10,081,304","9,836,900,064",,,
[058110],,,,,,,,,,,,,,,,,,,,,,,,,,,,,,,,,,,,,,,,,,,,,,,,,,,,,,,,,,,,,,,,,,,,,,,,,,,,,,,,,,,,,,,"-474,958,571",,,,,"28,646,019","18,980,627",,,,,,,,,,,,,,,,,,,,,,,,"1,024,887,563",,,,,,,,,,,,,,,,,,,,,,,,,,,,,,,,,,,,,,,,,,,,,,,,-106,,,"1,270,116,223",,-106,,,,,"148,232,042","5,783,379",,,,"549,928,992","39,552,047",,"-568,189,795",,"-2,328,729","-565,861,066","-607,741,842",,,"1,820,045,215",,,
[009680],,,,,,,,,,,,,,,,,,,,,,,,,,,,,,,,,,,,,,,,,,,,,,,,,,,,,,,,,,,,,,,,,,,,,,,,,,,,,,,,,,,,,,,"562,290,152",,,,,"304,425,403","13,151,056",,,,,,,,,,,,,,,,,,,,,,,,"4,003,830,747",,,,,,,,,,,,,,,,,,,,,,,,,,,,,,,,,,,,,,,,,,,,,,,,68,,,"40,946,026,602",,,,,,,"205,238,017","1,408,495,196",,,,"4,566,120,899","536,631,324",,"1,520,190,354",,,"1,520,190,354","2,056,821,678",,,"45,512,147,501",,,
[033920],,,,,,,,,,,,,,,,,,,,,,,,,,,,,,,,,,,,,,,,,,,,,,,,,,,,,,,,,,,,,,,,,,,,,,,,,,,,,,,,,,,,,,,"-735,824,393",,,,,"6,657,045,677","6,324,123,084",,,,,,,,,,,,,,,,,,,,,,,,"22,457,282,846",,,,,,,,,,,,,,,,,,,,,,,,,,,,,,,,,,,,,,,,,,,,,,,,,,,"29,415,750,723",,,,,,,,"-10,153,535",,,,"21,721,458,453","296,440,631",,"-709,495,966",,,,"-413,055,335",,,"51,137,209,176",,,
[018260],,,,,,,,,,,,,,,,,,,,,,,,,,,,,,,,,,,,,,,,,,,,"12,542,500,988","4,308,888,087",,,,,,,,,,,,,,"736,196,480","13,774,652,484",,,,,,,,,,,,,"12,085,607,367","11,420,726,035",,,,,,,,,,,,,"181,763,040,904",,,,,"6,102,904,579","2,225,611,918",,,,,,,,,,,,,,,,,,,,,,,,"203,143,029,622",,,,,,,,,,,,,,,,,"224,239,005",,,,,,,,,,,,,,,,,,,,,,,,,,,,,,,"1,741",,,"1,971,982,685,047",,"1,741",,,,,"24,242,529,882","30,626,041,559",,,,"384,906,070,526","60,628,206,399",,"131,619,877,848",,"-3,050,052,150","134,669,929,998","192,248,084,247","131,619,877,848",,"2,356,888,755,573",,,
[028050],,,,,,,,,,,,,,,,,,,,,,,,,,,,,,,,,,,,,,,,,,,,"7,993,968,593","803,129,837",,,,,,,,,,,,,,"4,166,876,917","2,976,718,207",,,,,,,,,,,,,"9,754,019,947","2,987,152,546",,,,,,,,,,,,,"21,243,190,734",,,,,"31,495,125,852","31,884,771,927",,,,,,,,,,,,,,,,,,,,,,,,"82,166,792,101",,,,,,,,,,,,,,,,,"1,279,856,083",,,,,,,,,,,,,,,,,,,,,,,,,,,,,,,55,,,"1,114,103,000,676",,,,,,,"16,908,049,410","11,773,816,637",,,,"103,409,982,835","5,154,140,108",,"11,845,027,861",,"995,739,732","10,849,288,129","16,999,167,969",,,"1,217,512,983,511",,,
[005930],,,,,,,,,,,,,,,,,,,,,,,,,,,,,,,,,,,,,,,,,,,,,,,,,,,,,,,,,,,,,,,,,,,,,,,,,,,,,,,,,,,,,,,"15,642,170,000,000",,,,,"370,976,000,000","245,263,000,000",,,,,,,,,,,,,,,,,,,,,,,,"13,012,072,000,000",,,,,,,,,,,,,,,,,"1,939,540,000,000",,,,,,,,,,,,,,,,,,,,,,,,,,,,,,,"1,709",,,"31,909,472,000,000",,"1,709",,,,,,"2,283,200,000,000",,,,"28,654,242,000,000","4,487,363,000,000",,"11,688,544,000,000",,"76,711,000,000","11,611,833,000,000","16,175,907,000,000","11,688,544,000,000",,"60,563,714,000,000",,,
[010140],,,,,,,,,,,,,,,,,,,,,,,,,,,,,,,,,,,,,,,,,,,,,,,,,,,,,,,,,,,,,,,,,,,,,,,,,,,,,,,,,,,,,,,"-47,771,587,910",,,,,"216,700,554,340","267,359,313,858",,,,,,,,,,,,,,,,,,,,,,,,"91,911,331,947",,,,,,,,,,,,,,,,,"67,059,010",,,,,,,,,,,,,,,,,,,,,,,,,,,,,,,,-161,-161,"1,196,690,199,650",,,-161,-161,,,"136,300,971,249","144,048,592,522",,,,"44,139,744,037","31,245,593,862",,"-59,504,191,303",,"-734,298,532","-58,769,892,771","-90,749,785,165",,,"1,240,829,943,687",,,
[002170],,,,,,,,,,,,,,,,,,,,,,,,,,,,,,,,,,,,,,,,,,,,,,,,,,,,,,,,,,,,,,,,,,,,,,,,,,,,,,,,,,,,,,,"5,839,165,322",,,,,"18,230,992","154,718,557",,,,,,,,,,,,,,,,,,,,,,,,"1,205,078,075",,,,,,,,,,,,,,,,,,,,,,,,,,,,,,,,,,,,,,,,,,,,,,,,"1,660",,,"30,722,065,708",,,,,,,"143,882,370","1,203,117,351",,,,"7,044,243,397","1,782,149,265",,"4,979,763,473",,,"4,979,763,473","6,761,912,738",,,"37,766,309,105",,,
[101000],,,,,,,,,,,,,,,,,,,,,,,,,,,,,,,,,,,,,,,,,,,,,,,,,,,,,,,,,,,,,,,,,,,,,,,,,,,,,,,,,,,,,,,"-2,026,371,321",,,,,"2,176,037,492","116,229,182",,,,,,,,,,,,,,,,,,,,,,,,"3,088,558,171",,,,,,,,,,,,,,,,,"-70,913,967",,,,,,,,,,,,,,,,,,,,,,,,,,,,,,,-22,,,"21,504,437,869",,-22,,,,,"993,746,505","89,293,200",,,,"1,062,186,850","-37,226,074",,"-904,704,209",,"-96,100,736","-808,603,473","-941,930,283",,,"22,566,624,719",,,
[003100],,,,,,,,,,,,,"58,491,846",,,,,,,,,,,,,,,,,,,,,,,,,,,,,,,,,,,,,,,,,,,,,,,,,,,,,,,,,,,,,,,,,,,,,,,,,,"1,754,365,729",,,,,"233,517,415","18,945,699",,,,,,,,,,,"589,387,252",,,,,,,,,,,,,"3,083,997,426",,,,,,,,,"25,139,820,710",,,,,,,,"-757,905,447",,,,,,,,,"29,447,288,459",,,,,,,,,,,,,,,,,,,,,,-9,-118,109,"25,198,312,556",,-9,-118,109,,,"1,955,163,831","432,227,977",,,,"4,838,363,155","324,080,687",,"61,707,717",,"117,413,352","-55,705,635","-311,903,856","-635,984,543","697,692,260","30,036,675,711",,,
[091090],,,,,,,,,,,,,,,,,,,,,,,,,,,,,,,,,,,,,,,,,,,,,,,,,,,,,,,,,,,,,,,,,,,,,,,,,,,,,,,,,,,,,,,"348,227,305",,,,,"383,398,528","1,100,362,016",,,,,,,,,,,,,,,,,,,,,,,,"3,535,342,799",,,,,,,,,,,,,,,,,"-536,186,906",,,,,,,,,,,,,,,,,,,,,,,,,,,,,,,-40,,,"23,126,820,856",,-40,,,,,"1,292,613,242","56,195,040",,,,"4,201,546,640","296,233,355",,"-2,437,574,646",,,"-2,437,574,646","-2,141,341,291",,,"27,328,367,496",,,
[021820],,,,,,,,,,,,,,,,,,,,,,,,,,,,,,,,,,,,,,,,,,,,,,,,,,,,,,,,,,,,,,,,,,,,,,,,,,,,,,,,,,,,,,,"-9,383,489,450",,,,,"635,995,077","2,174,579,622",,,,,,,,,,,,,,,,,,,,,,,,"4,860,291,254",,,,,,,,,,,,,,,,,"265,227,691",,,,,,,,,,,-607,,,"64,667,944,080",-607,,,,"780,140,708","2,147,090,252","-4,523,198,196","-49,765,591","-9,240,131,169",,"-3,171,302,266","-6,068,828,903","-9,289,896,760",,,"60,144,745,884",,,,,,,,,,,,,,,,,,,,,,,,,,,,,
[036630],,,,,,,,,,,,,,,,,,,,,,,,,,,,,,,,,,,,,,,,,,,,,,,,,,,,,,,,,,,,,,,,,,,,,,,,,,,,,,,,,,,,,,"44,204,972,403","204,611,492",,,,,"207,433,263","251,607,362",,,,,,,,,,,,,,,,,,,,,,,,,,,,,,,,,,,,,,,,,,,,,,,,,,,,,,,,,,,,,,,,,,,,,,,,1,,,,,,,,,,"488,205,820","1,210,920,517",,"-18,907,028",,,"123,587,703",,"740,657,359",,0,"740,657,359","864,245,062",,,"44,409,583,895",,,
[108860],,,,,,,,,,,,,,,,,,,,,,,,,,,,,,,,,,,,,,,,,,,,,,,,,,,,,,,,,,,,,,,,,,,,,,,,,,,,,,,,,,,,,,,"-4,129,442,630",,,,,"475,110,129","207,702,465",,,,,,,,,,,,,,,,,,,,,,,,,,,,,,,,,,,,,,,,,"93,494,275",,,,,,,,,,,,,,,,,,,,,,,,,,,,,,,-146,,,"13,069,665,652",,-146,,,,,"345,440,427","26,229,713",,,,,"-14,243,925",,"-4,073,507,480",,"-852,271,710","-3,221,235,770","-4,087,751,405",,,"8,940,223,022",,,
[068270],,,,,,,,,,,,,,,,,,,,,,,,,,,,,,,,,,,,,,,,,,,,,,,,,,,,,,,,,,,,,,,,,,,,,,,,,,,,,,,,,,,,,,,"115,309,949,757",,,,,"2,435,015,588","2,128,303,110",,,,,,,,,,,,,,,,,,,,,,,,"42,833,144,559",,,,,,,,,,,,,,,,,"-864,014,401",,,,,,,,,,,,,,,,,,,,,,,,,,,,,,,639,,,"86,838,202,925",,633,,,,,"12,588,569,282","11,524,105,623",,,,"158,143,094,316","32,170,447,997",,"81,517,736,178",,"315,105,975","81,202,630,203","113,688,184,175",,,"244,981,297,241",,,
[086980],,,,,,,,,,,,,,,,,,,,,,,,,,,,,,,,,,,,,,,,,,,,,,,,,,,,,,,,,,,,,,,,,,,,,,,,,,,,,,,,,,,,,,,"-333,206,171",,,,,"356,804,951","62,734,022",,,,,,,,,,,,,,,,,,,,,,,,"2,199,926,768",,,,,,,,,,,,,,,,,"74,527,716",,,,,,,,,,,,,,,,,,,,,,,,,,,,,,,2,,,"14,284,977,870",,2,,,,,,"353,392,377",,,,"1,866,720,597","128,677,579",,"123,015,719",,,,"251,693,298",,,"16,151,698,467",,,
[033790],0,,"10,291,769","571,713","302,734,357","6,083,578","939,700",,,,,,,,,,,,,"50,552,851",,,,"102,799,818",,"22,859,029",,,,"2,876,100",,,,,,,,,,,,,"3,896,000",0,"8,312,078",,,,,,,,,,,,,"9,654,161","234,135,011","180,752,529",,,,,0,,,,,,"749,667",,"339,228",,,,,,,,,,"6,892,267",4,,,"-1,720,998,110","249,586,820",,,,"10,788,267","749,671",,,,"37,778,043","3,676,730","656,000","7,357,829",,,,,,,,,,,,"763,226,879",,,"58,778,554","45,862,750","1,756,207,616","180,000","49,723,849","23,412,167","6,604,919",,,,,,,,,,"1,232,256",0,,,,,,,,,,,,,,,,,,,,,,,,,,,,,,,,,-99,-99,,"718,141,157",,-99,-99,,,,"240,921,952","208,526,806",,,,"35,209,506",0,,"-1,743,354,660",,"-83,151,977","-1,660,202,683","-1,743,354,660",,,"753,350,663",,,
[004970],,,,,,,,,,,,,,,,,,,,,,,,,,,,,,,,,,,,,,,,,,,,,,,,,,,,,,,,,,,,,,,,,,,,,,,,,,,,,,,,,,,,,,,"8,446,092,968",,,,,"1,595,265,086","5,961,661,277",,,,,,,,,,,,,,,,,,,,,,,,"5,489,868,894",,,,,,,,,,,,,,,,,"-564,575,897",,,,,,,,,,,,,,,,,,,,,,,,,,,,,,,274,,,"72,590,342,414",,,,,,,"69,130,521","2,513,084,252",,,,"13,935,961,862","1,576,277,127",,"4,382,797,484",,"2,605","4,382,794,879","5,959,074,611",,,"86,526,304,276",,,
[065350],"54,925,554","-42,123,298","5,715,297","-397,132,303","1,077,220,836","31,579,858",,,,,,,,,"104,134,962,039","25,675,051,371","78,459,910,668",,,"486,252,903",,"29,523,638","26,298,900","482,792,296",,"99,277,298",,,"599,340","1,208,297,620",,,"24,892,681",,,"47,433,000",,,"343,382,037",,,,"9,068,230","960,951,931","1,630,612,588",,,,,,,,"315,585,520",,,,,"119,010,424","1,040,306,438","59,625,665",,"175,897,000",,,,0,"304,986,788",,,,"42,742,773","6,505,204","848,791,599","727,589,928",,,,,,"255,980,224",,"74,381,888","927,015,438","1,032,303,211",,,"4,233,446,796","1,307,281,631",0,,,"1,872,797,544","1,620,188,598",,"5,812,354",,"230,483,521","9,981,153","135,321,219","25,197,283",,,,,,"26,254,687,587","88,238,044,820",,,,,"3,456,345,395",,,"115,769,829","139,032,006","8,949,588,907","30,555,327","184,271,300","20,871,415","45,745,463",,,,,,,,,,,,,"198,696,718",,,,,,,,,,,,,,,,,,,,,,,,,,,,,,,168,168,,"104,134,962,039",,160,160,,,,"2,623,193,169","2,651,190,184",,,,"12,984,338,985","801,385,191","2,626,568,617","3,712,667,566",,"21,976,442","3,690,691,124","4,514,052,757","3,712,667,566",,"117,119,301,024",,,"114,492,732,407"
[011930],,,,,,,,,,,,,,,,,,,,,,,,,,,,,,,,,,,,,,,,,,,,,,,,,,,,,,,,,,,,,,,,,,,,,,,,,,,,,,,,,,,,,,,"-3,119,808,839",,,,,,,,,,,,,,,,,,,,,,,,,,,,,,"1,488,442,066",,,,,,,,,,,,,,,,,32,,"472,480,497",,,,,,"5,530,476,581",,,,,,,,,,,,,,,,,,,,,,,,,,"93,424,932,922",,,,,,,,,,,,"6,792,436,317","2,653,414,221",,,,"-723,444","3,078,999,782","-5,105,614,464",,,"100,217,369,239",,,
[004170],,,,,,,,,,,,,,,,,,,,,,,,,,,,,,,,,,,,,,,,,,,,,,,,,,,,,,,,,,,,,,,,,,,,,,,,,,,,,,,,,,,,,,,"113,256,839,752",,,,,"6,394,318,252","5,902,470,399",,,,,,,,,,,,,,,,,,,,,,,,"517,855,279,851",,,,,,,,,,,,,,,,,,,,,,,,,,,,,,,,,,,,,,,,,,,,,,,,"7,706",,,"464,234,678,279",,"7,706",,,,,"28,302,865,991","18,143,391,344","2,724,553,510",,,"631,112,119,603","22,142,005,102",,"84,171,761,366",,"8,376,638,441","75,795,122,925","106,313,766,468",,,"1,095,346,797,882",,,
[031430],,,,,,,,,,,,,,,,,,,,,,,,,,,,,,,,,,,,,,,,,,,,,,,,,,,,,,,,,,,,,,,,,,,,,,,,,,,,,,,,,,,,,,,"11,836,631,401",,,,,"2,130,911,495","1,081,456,900",,,,,,,,,,,,,,,,,,,,,,,,"149,649,929,341",,,,,,,,,,,,,,,,,"919,691,771",,,,,,,,,,,,,,,,,,,,,,,,,,,,,,,"1,264",,,"142,903,559,517",,,,,,,"5,260,026,320","3,815,377,305",,,,"161,486,560,742","3,274,874,451",,"9,086,254,301",,"60,802,441","9,025,451,860","12,361,128,752",,,"304,390,120,259",,,
[108320],,,,,,,,,,,,,,,,,,,,,,,,,,,,,,,,,,,,,,,,,,,,,,,,,,,,,,,,,,,,,,,,,,,,,,,,,,,,,,,,,,,,,,,"3,168,973,777",,,,,"662,984,719","402,247,508",,,,,,,,,,,,,,,,,,,,,,,,"33,852,624,284",,,,,,,,,,,,,,,,,,,,,,,,,,,,,,,,,,,,,,,,,,,,,,,,375,,,"125,134,424,567",,375,,,,,"2,506,515","1,145,532,128",,,,"37,021,598,061","-1,522,427,113",,"6,095,163,714",,,"6,095,163,714","4,572,736,601",,,"162,156,022,628",,,
[003410],,,,,,,,,,,,,,,,,,,,,,,,,,,,,,,,,,,,,,,,,,,,,,,,,,,,,,,,,,,,,,,,,,,,,,,,,,,,,,,,,,,,,,,"19,702,486,517",,,,,"10,855,514,775","10,275,031,071",,,,,,,,,,,,,,,,,,,,,,,,"34,469,854,774",,,,,,,,,,,,,34,,,,34,,,,,,,,,,,,,,,,,,,,,,,,,,,,,,,24,,,"249,936,651,537",,24,,,,,"7,478,814,597","1,047,199,749",,,,"54,172,341,291","1,648,092,421",,"12,021,791,515",,"37,683,465",,"13,669,883,936",,,"304,108,992,828",,,
[010280],,,,,,,,,,,,,,,,,,,,,,,,,,,,,,,,,,,,,,,,,,,,,,,,,,,,,,,,,,,,,,,,,,,,,,,,,,,,,,,,,,,,,,,"87,077,803",,,,,"187,461,837","13,849,035",,,,,,,,,,,,,,,,,,,,,,,,"2,971,641,954",,,,,,,,,,,,,,,,,,,,,,,,,,,,,,,,,,,,,,,,,,,,,,,,8,,,"28,955,116,250",,,,,,,"59,551,744","145,025,565",,,,"3,058,719,757","33,268,770",,"312,895,656",,,"312,895,656","346,164,426",,,"32,013,836,007",,,
[067390],,,,,,,,,,,,,,,,,,,,,,,,,,,,,,,,,,,,,,,,,,,,,,,,,,,,,,,,,,,,,,,,,,,,,,,,,,,,,,,,,,,,,,,"1,961,665,575",,,,,"3,497,465,042","3,206,234,189",,,,,,,,,,,,,,,,,,,,,,,,"2,118,403,222",,,,,,,,,,,,,,,,,"-28,883,961",,,,,,,,,,,,,,,,,,,,,,,,,,,,,,,38,,,"21,095,146,132",,38,,,,,"1,940,589,646","404,540,602",,,,"4,080,068,797",,,"687,963,423",,"112,710,023","575,253,400","687,963,423",,,"25,175,214,929",,,
[099190],,,,,,,,,,,,,,,,,,,,,,,,,,,,,,,,,,,,,,,,,,,,,,,,,,,,,,,,,,,,,,,,,,,,,,,,,,,,,,,,,,,,,,,"5,691,386,474",,,,,"515,403,183","1,214,964,836",,,,,,,,,,,,,,,,,,,,,,,,"11,625,417,874",,,,,,,,,,,,,,,,,"-550,631,648",,,,,,,,,,,,,,,,,,,,,,,,,,,,,,,232,,,"20,989,672,206",,232,,,,,"709,390,532","571,543,667",,,,"17,316,804,348","1,204,543,373",,"3,098,802,935",,"-91,344,847","3,190,147,782","4,303,346,308",,,"38,306,476,554",,,
[011090],,,,,,,,,,,,,,,,,,,,,,,,,,,,,,,,,,,,,,,,,,,,,,,,,,,,,,,,,,,,,,,,,,,,,,,,,,,,,,,,,,,,,,,"1,045,969,049",,,,,"502,866,135","42,687,177",,,,,,,,,,,,,,,,,,,,,,,,"10,676,657,765",,,,,,,,,,,,,,,,,,,,,,,,,,,,,,,,,,,,,,,,,,,,,,,,20,,,"106,283,360,120",,,,,,,"146,864,949","61,739,141",,,,"11,722,626,814","393,514,386",,"1,027,507,813",,"-51,329,060","1,078,836,873","1,421,022,199",,,"118,005,986,934",,,
[031330],,,,,,,,,,,,,,,,,,,,,,,,,,,,,,,,,,,,,,,,,,,,,,,,,,,,,,,,,,,,,,,,,,,,,,,,,,,,,,,,,,,,,,,"8,558,573,071",,,,,"2,095,533,054","2,160,339,201",,,,,,,,,,,,,,,,,,,,,,,,"4,456,336,350",,,,,,,,,,,,,,,,,"2,650,174,119",,,,,,,0,"7,925,185,685",,,,,,,,,,,,,,,,,,,,,,,,86,-6,"278,600,630,731",,,86,-6,,,"571,452,141","23,547,023",,,,"13,014,909,421","2,097,986,180",,"7,925,185,685",,,,"10,596,035,925","8,498,049,745","-572,864,060","291,615,540,152",,,
[060540],"718,182",,"3,104,347","-15,730,860","263,652,991","11,375,052",,,,"3,519,162,670",,,"79,376,817",,"26,092,157,654","1,682,888,007","24,409,269,647",,"3,439,785,853","162,953,215","14,117,450",,"1,440,000","133,442,916",,"131,727,641",,,"21,779,858","302,528,317",,,,,,,,,,,,,"5,668,093","119,413,922","40,111,006",,,,,,"1,930,480",,,,,,,"62,782,380","194,469,832","78,377,270",,,,,,,,,,,,,"41,429,529","159,636,496",,,,,"131,583",,,,"11,411,489","8,510,356",,,"1,515,726,354","471,854,732",,,,"20,815,924","9,950,356",,,,"120,488,403","2,275,740","62,411,977","10,440,422",,,,"330,630,937",,"1,946,911,432","27,426,518,284",,"4,562,896,826",,"3,736,342","1,120,700,477",,,"64,036,967","52,157,705","3,139,910,801","8,793,115","33,573,789","26,961,678","76,243,719","11,638,038",,,,,,,,,,,,,,,,,,,,,,,,,,,,,,,,,,,,,,,,,,,47,,,"29,611,320,324",,46,,,,,"395,667,440","253,950,128",,,,"4,655,637,155","86,878,708",,"1,297,995,902",,"122,565,451","1,175,430,451","1,384,874,610","1,297,995,902",,"34,266,957,479",,"4,893,527,763","29,373,429,716"
[056190],,,,,,,,,,,,,,,,,,,,,,,,,,,,,,,,,,,,,,,,,,,,,,,,,,,,,,,,,,,,,,,,,,,,,,,,,,,,,,,,,,,,,,,"51,356,202,165",,,,,"7,163,913,420","6,793,058,179",,,,,,,,,,,,,,,,,,,,,,,,"22,567,345,670",,,,,,,,,,,,,,,,,,,,,,,,,,,,,,,,,,,,,,,,,,,,,,,,"1,043",,,"330,356,609,570",,"1,043",,,,,"2,821,980,325","3,741,459,662",,,,"73,923,547,835","11,797,142,233",,"40,849,394,510",,"3,421,655,080","37,427,739,430","52,646,536,743",,,"404,280,157,405",,,
[080000],,,,,,,,,,,,,,,,,,,,,,,,,,,,,,,,,,,,,,,,,,,,"330,930,262","-471,981,593",,,,,,,,,,,,,,,"64,017,137",,,,,,,,,,,,,,,,,,,,,,,,,,,"4,577,218,803",,,,,,,,,,,,,,,,,,,,,,,,,,,,,,"3,201,971,309",,,,,,,,,,,,,,,"-961,839,603",,,,,,,,,,,,,,,,,,,,,,,,,,,,,,,,,107,,,"21,926,485,036",,107,,,,,,"-333,081,462",,,,"8,212,368,458","913,338,355",,"3,330,798,986",,,,"4,244,137,341",,,"30,138,853,494",,,
[005850],,,,,,,,,,,,,,,,,,,,,,,,,,,,,,,,,,,,,,,,,,,,,,,,,,,,,,,,,,,,,,,,,,,,,,,,,,,,,,,,,,,,,,,"-1,530,717,780",,,,,"6,009,246,437","2,386,349,947",,,,,,,,,,,,,,,,,,,,,,,,"28,489,209,878",,,,,,,,,,,,,,,,,"8,025,092,553",,,,,,,,,,,,,,,,,,,,,,,,,,,,,,,272,,,"324,744,879,286",,,,,,,"2,167,713,667","2,217,222,962",,,,"26,958,492,098","681,825,706",,"9,484,954,852",,"280,961,613","9,203,993,239","10,166,780,558",,,"351,703,371,384",,,
[012750],,,,,,,,,,,,,,,,,,,,,,,,,,,,,,,,,,,,,,,,,,,,,,,,,,,,,,,,,,,,,,,,,,,,,,,,,,,,,,,,,,,,,,,"57,523,791,918",,,,,"6,373,857,380","5,044,795,069",,,,,,,,,,,,,,,,,,,,,,,,"82,006,771,744",,,,,,,,,,,,,,,,,,,,,,,,,,,,,,,,,,,,,,,,,,,,,,,,"1,304",,,"340,735,481,775",,"1,304",,,,,"31,323,443","1,403,665,538",,,,"139,530,563,662","16,150,985,123",,"44,074,211,201",,"-588,777","44,074,799,978","60,225,196,324",,,"480,266,045,437",,,
[123700],0,,"33,206,589","276,979,036","804,959,585","49,367,405",,,,,,,,,"33,661,607,352","42,703,000","33,618,904,352",,,"120,392,818",,,"1,000,000","356,045,893",,"40,402,416",,,"1,044,520,733","291,725,708","200,595,141","971,439,760",,,"504,217,279",,,,,,,,"14,446,855",,,,,,,,,,,,,,,"57,833,242","1,779,942","202,525,890",,"5,566,000",0,"665,613,969",,,,0,,,"1,000",,,,,,,,0,,,"136,122,354","608,664,836","306,265,954",,,"-217,052,094","738,939,681",,,,"2,304,929,871","972,880,923","90,589,511",,,"183,021,993","52,119,750","214,991,302","9,167,230",,,,,,"54,642,260","40,823,893,317",,,,,"2,361,199,724",,"103,562,549","23,492,422","196,766,375","7,433,980,319","31,688,866","137,533,615",,"79,351,522",,,,,,,,,,,,,,,,,,,,,,,,,,,,,,,,,,,,,,,,,,,,-15,,,"33,661,607,352",,,,,,,"1,779,942","202,525,890",,,,"7,216,928,225","1,425,805,289",,"-110,062,487",,"120,593,503","-230,655,990","1,315,742,802",,,"40,878,535,577",,,"40,878,535,577"
[025530],"708,000",0,"33,444,959","276,979,036","723,615,114","53,279,134",,,,,,,,,"34,101,578,697","42,703,000","34,058,875,697",,,"192,314,545",,0,"1,270,000","402,515,614",,"65,172,484",,,"1,075,764,742","296,615,572","255,639,005","1,085,627,502",,,,0,0,,,,,,"14,446,855",,,,,,,"104,809",,,,,,,0,"78,643,548","78,507,611","608,083,225",,"656,000","66,956,557","749,109,844",,,,,,,"1,000",,,,,,,"38,615,082",,,,"246,327,947","611,709,719","289,735,029",,,"569,885,450","832,114,141",,,,"2,476,493,945","1,145,687,512",,,,"244,497,721","53,915,555","248,110,157",,,,,"295,230,000",,"54,642,260","42,577,229,413",,,"4,092,776",,"2,800,230,960",,"105,137,348","30,848,577","212,238,391","8,255,637,526","31,688,866","159,428,947",,"92,046,168",,,,,,,,,,,,,,,,"504,217,279",,,,,,,,,,,,,,,,,,,,,,,,,,,,54,,,"34,101,578,697",,54,,,,,"78,507,611","608,083,225",,,,"8,825,522,976","1,644,480,805",,"785,786,692",,"50,010,765","735,775,927","2,430,267,497",,,"42,927,101,673",,"295,230,000","42,631,871,673"
[069510],,,,,,,,,,,,,,,,,,,,,,,,,,,,,,,,,,,,,,,,,,,,,,,,,,,,,,,,,,,,,,,,,,,,,,,,,,,,,,,,,,,,,,,"1,841,171,470",,,,,"3,300,064,627","2,318,834,919",,,,,,,,,,,,,,,,,,,,,,,,"6,439,483,985",,,,,,,,,,,,,,,,,,,,,,,,,,,,,,,,,,,,,,,,,,,,,,,,260,,,"56,446,192,786",,,,,,,"219,745,333","224,031,786",,,,"8,280,655,455","639,812,585",,"2,186,875,046",,0,"2,186,875,046","2,826,687,631",,,"64,726,848,241",,,
[050760],,,,,,,,,,,,,,,,,,,,,,,,,,,,,,,,,,,,,,,,,,,,,,,,,,,,,,,,,,,,,,,,,,,,,,,,,,,,,,,,,,,,,,,"-112,420,391",,,,,"81,189,429","82,204,432",,,,,,,,,,,,,,,,,,,,,,,,"3,182,981,909",,,,,,,,,,,,,,,,,,,,,,,,,,,,,,,,,,,,,,,,,,,,,,,,-20,,,"26,821,353,704",,-20,,,,,"313,638,169","6,261,485",,,,"2,983,442,382","-105,331,046",,"-306,028,001",,"1,460,067","-307,488,068","-411,359,047",,,"29,804,796,086",,,
[089530],,,,,,,,,,,,,,,,,,,,,,,,,,,,,,,,,,,,,,,,,,,,,,,,,,,,,,,,,,,,,,,,,,,,,,,,,,,,,,,,,,,,,,"2,805,967,348","1,911,309,364",,,,,"54,914,389","53,641,362",,,,,,,,,,,,,,,,,,,,,,,,,,,,,,,,,,,,,,,,,"4,717,276,712",,,,,,,,,,,,,,,,,,,,,,,,,,,,,,,20,,,,,20,,,,,"642,995,491","38,470,633",,,,,,,"1,308,057,533",,,"1,308,057,533","1,308,057,533",,,"27,620,350,899",,,
[037950],,,,,,,,,,,,,,,,,,,,,,,,,,,,,,,,,,,,,,,,,,,,,,,,,,,,,,,,,,,,,,,,,,,,,,,,,,,,,,,,,,,,,,,"-574,454,059",,,,,"2,906,820,552","148,329,594",,,,,,,,,,,,,,,,,,,,,,,,"2,066,373,496",,,,,,,,,,,,,,,,,,,,,,,,,,,,,,,,,,,,,,,,,,,,,,,,25,,,"6,652,613,557",,25,,,,,"17,539,930","38,782,616",,,,"1,491,919,437","92,429,410",,"2,112,850,175",,"-70,660,142","2,183,510,317","2,205,279,585",,,"8,144,532,994",,,
[111770],,,,,,,,,,,,,,,,,,,,,,,,,,,,,,,,,,,,,,,,,,,,,,,,,,,,,,,,,,,,,,,,,,,,,,,,,,,,,,,,,,,,,,,"41,417,583,311",,,,,"14,170,431,135","13,017,442,489",,,,,,,,,,,,,,,,,,,,,,,,"85,785,628,245",,,,,,,,,,,,,,,,,"2,714,751,992",,,,,,,,,,,,,,,,,,,,,,,,,,,,,,,587,,,"322,652,487,996",,,,,,,"3,900,104,067","775,842,291",,,,"127,203,211,556","8,519,338,714",,"28,212,219,475",,"2,462,499,259","25,749,720,216","36,731,558,189",,,"449,855,699,552",,,
[009970],,,,,,,,,,,,,,,,,,,,,,,,,,,,,,,,,,,,,,,,,,,,,,,,,,,,,,,,,,,,,,,,,,,,,,,,,,,,,,,,,,,,,,,"42,488,952,280",,,,,"15,002,425,488","14,463,134,532",,,,,,,,,,,,,,,,,,,,,,,,"147,230,143,171",,,,,,,,,,,,,,,,,"-2,714,751,992",,,,,,,,,,,,,,,,,,,,,,,,,,,,,,,"1,196",,,"344,034,065,304",,,,,,,"4,103,533,722","1,662,804,742",,,,"189,719,095,451","8,774,040,181",,"29,098,722,083",,"15,214,657,734","13,884,064,349","37,872,762,264",,,"533,753,160,755",,,
[036000],,,,,,,,,,,,,,,,,,,,,,,,,,,,,,,,,,,,,,,,,,,,,,,,,,,,,,,,,,,,,,,,,,,,,,,,,,,,,,,,,,,,,,,"44,940,711,153",,,,,"2,922,271,978",,,,,,,,,,,,,,,,,,,,,,,,,"18,983,021,402",,,,,,,,,,,,,,,,,"2,476,200",,,,,,,,,,,,,,,,,,,,,,,,,,,,,,,942,,,"148,371,366,610",,,,,,,"420,708,388","565,305,340",,,,"63,923,732,555","5,366,898,044",,,,"18,305,888,713","21,703,303,083","45,376,089,840","40,009,191,796",,"212,295,099,165",,,
[039830],,,,,,,,,,,,,,,,,,,,,,,,,,,,,,,,,,,,,,,,,,,,,,,,,,,,,,,,,,,,,,,,,,,,,,,,,,,,,,,,,,,,,,,"4,352,822,121",,,,,"799,363,720","374,916,720",,,,,,,,,,,,,,,,,,,,,,,,"14,355,152,145",,,,,,,,,,,,,,,,,,,,,,,,,,,,,,,,,,,,,,,,,,,,,,,,290,,,"17,557,688,587",,,,,,,"948,102,141","225,849,146",,,,"18,707,974,266","1,059,065,616",,"2,995,950,510",,"-2,294,369","2,998,244,879","4,055,016,126",,,"36,265,662,853",,,
[010470],,,,,,,,,,,,,,,,,,,,,,,,,,,,,,,,,,,,,,,,,,,,,,,,,,,,,,,,,,,,,,,,,,,,,,,,,,,,,,,,,,,,,,,"1,119,672,476",,,,,"22,404,548","950,161,334",,,,,,,,,,,,,,,,,,,,,,,,"11,024,754,855",,,,,,,,,,,,,,,,,"-238,552,076",,,,,,,,,,,,,,,,,,,,,,,,,,,,,,,,,,"21,783,868,130",,,,,,,"50,024,622","156,419,925",,,,"12,144,427,331","62,718,060",,"-2,959,143",,,"-2,959,143","59,758,917",,,"33,928,295,461",,,
[048260],,,,,,,,,,,,,,,,,,,,,,,,,,,,,,,,,,,,,,,,,,,,,,,,,,,,,,,,,,,,,,,,,,,,,,,,,,,,,,,,,,,,,,,"6,887,511,965",,,,,"407,862,653","352,326,248",,,,,,,,,,,,,,,,,,,,,,,,"54,188,226,291",,,,,,,,,,,,,,,,,"-82,448,722",,,,,,,,,,,,,,,,,,,,,,,,,,,,,,,385,,,"47,141,102,355",,,,,,,"5,816,772,338","5,229,658,776",,,,"61,311,069,676","2,258,186,180",,"4,015,299,906",,"-1,336,393,462","5,351,693,368","6,273,486,086",,,"108,452,172,031",,,
[037400],,,,,,,,,,,,,,,,,,,,,,,,,,,,,,,,,,,,,,,,,,,,,,,,,,,,,,,,,,,,,,,,,,,,,,,,,,,,,,,,,,,,,,,"-11,775,019,916",,,,,"13,859,555,120","12,569,422,547",,,,,,,,,,,,,,,,,,,,,,,,"19,954,870,550",,,,,,,,,,,,,,,,,"-74,877,724",,,,,,,,,,,,,,,,,,,,,,,,,,,,,,,,-176,,"276,443,930,697",,,,,,,"2,108,311,377","162,202,016",,,,"8,179,850,634","592,510,383",,"-13,098,384,811",,"-9,154,120,010","-3,944,264,801","-12,505,874,428","-13,098,384,811",,"284,623,781,331",,,
[136540],,,,,,,,,,,,,,,,,,,,,,,,,,,,,,,,,,,,,,,,,,,,,,,,,,,,,,,,,,,,,,,,,,,,,,,,,,,,,,,,,,,,,,,"130,979,500",,,,,"9,820,758","18,395,268",,,,,,,,,,,,,,,,,,,,,,,,"5,448,316,072",,,,,,,,,,,,,,,,,,,,,,,,,,,,,,,,,,,,,,,,,,,,,,,,141,,,"5,782,754,407",,141,,,,,"548,897,684","1,903,022,743",,,,"5,579,295,572","108,176,844",,"1,368,353,205",,"-132,098,563","1,500,451,768","1,476,530,049",,,"11,362,049,979",,,
[011320],,,,,,,,,,,,,,,,,,,,,,,,,,,,,,,,,,,,,,,,,,,,,,,,,,,,,,,,,,,,,,,,,,,,,,,,,,,,,,,,,,,,,,,"387,827,243",,,,,"936,086,766","234,018,230",,,,,,,,,,,,,,,,,,,,,,,,"4,536,591,226",,,,,,,,,,,,,,,,,,,,,,,,,,,,,,,,,,,,,,,,,,,,,,,,20,,,"46,481,031,468",,,,,,,"680,388,733","70,961,798",,,,"4,924,418,469","111,833,984",,"368,634,860",,,"368,634,860","480,468,844",,,"51,405,449,937",,,
[056090],,,,,,,,,,,,,,,,,,,,,,,,,,,,,,,,,,,,,,,,,,,,,,,,,,,,,,,,,,,,,,,,,,,,,,,,,,,,,,,,,,,,,,,"41,318,353",,,,,"27,945,571","6,652,666",,,,,,,,,,,,,,,,,,,,,,,,"3,413,188,490",,,,,,,,,,,,,,,,,,,,,,,,,,,,,,,,,,,,,,,,,,,,,,,,17,17,0,"4,497,594,517",,,,,,,"372,551,890","179,482,029",,,,"3,454,506,843","-261,210,067",,"130,751,464",,0,"130,751,464","-130,458,603",,,"7,952,101,360",,,
[084370],,,,,,,,,,,,,,,,,,,,,,,,,,,,,,,,,,,,,,,,,,,,,,,,,,,,,,,,,,,,,,,,,,,,,,,,,,,,,,,,,,,,,,,"22,382,111,319",,,,,"359,488,017","1,136,651,294",,,,,,,,,,,,,,,,,,,,,,,,"16,531,370,457",,,,,,,,,,,,,,,,,,,,,,,,,,,,,,,,,,,,,,,,,,,,,,,,695,,,"39,739,334,400",,695,,,,,,"322,702,501",,,,"38,913,481,776","6,583,547,708",,"15,344,102,835",,"-177,447,639","15,521,550,474","21,927,650,543",,,"78,652,816,176",,,
[246960],,,,,,,,,,,,,,,,,,,,,,,,,,,,,,,,,,,,,,,,,,,,,,,,,,,,,,,,,,,,,,,,,,,,,,,,,,,,,,,,,,,,,,,"-583,749,666",,,,,"236,854","906,549",,,,,,,,,,,,,,,,,,,,,,,,"617,075,336",,,,,,,,,,,,,,,,,"2,486,796",,,,,,,,,,,,,,,,,,,,,,,,,,,,,,,-153,,,"65,545,258",,-153,,,,,"4,461,133","189,092",,,,"33,325,670",0,,"-591,178,198",,0,"-591,178,198","-591,178,198",,,"98,870,928",,,
[139480],,,,,,,,,,,,,,,,,,,,,,,,,,,,,,,,,,,,,,,,,,,,,,,,,,,,,,,,,,,,,,,,,,,,,,,,,,,,,,,,,,,,,,,"153,535,058,733",,,,,"9,048,171,892","19,833,670,869",,,,,,,,,,,,,,,,,,,,,,,,"974,187,131,625",,,,,,,,,,,,,,,,,,,,,,,,,"-4,976,612,630",,,,,,,,,,,,,,,,,,,,,,,,"4,424",-179,"2,978,754,082,524",,,"4,424",-179,,,"25,451,868,760","35,331,408,278",,,,"1,127,722,190,358","37,276,608,349",,"124,624,014,581",,"6,320,248,343","118,303,766,238","166,877,235,560","129,600,627,211","-4,976,612,630","4,106,476,272,882",,,
[005950],,,,,,,,,,,,,,,,,,,,,,,,,,,,,,,,,,,,,,,,,,,,,,,,,,,,,,,,,,,,,,,,,,,,,,,,,,,,,,,,,,,,,,,"2,726,677,740",,,,,"39,880,740","1,361,497,922",,,,,,,,,,,,,,,,,,,,,,,,"17,841,587,521",,,,,,,,,,,,,,,,,"701,557,493",,,,,,,0,"-986,495,808",,,,,,,,,,,,,,,,,,,,,,,-2,24,-26,"335,000,997,924",,-2,24,-26,,,"7,631,015,599","3,746,675,666",,,,"20,568,265,261","367,010,200",,"-2,526,623,903",,"-2,504,178,782","-22,445,121","-1,777,721,882","-2,144,732,082","-381,891,821","355,569,263,185",,,
[000760],,,,,,,,,,,,,,,,,,,,,,,,,,,,,,,,,,,,,,,,,,,,,,,,,,,,,,,,,,,,,,,,,,,,,,,,,,,,,,,,,,,,,,,"537,578,543",,,,,"27,539,242","15,625,056",,,,,,,,,,,,,,,,,,,,,,,,"2,890,988,760",,,,,,,,,,,,,,,,,,,,,,,,,,,,,,,,,,,,,,,,,,,,,,,,-8,,,"13,171,251,802",,,,,,,"659,067,706","25,501,565",,,,"3,428,567,303","-23,492,418",,"-60,580,994",,"-38,387,078","-22,193,916","-84,073,412",,,"16,599,819,105",,,
[129260],,,,,,,,,,,,,,,,,,,,,,,,,,,,,,,,,,,,,,,,,,,,,,,,,,,,,,,,,,,,,,,,,,,,,,,,,,,,,,,,,,,,,,,"1,544,200,993",,,,,"1,300,642,196","2,451,681,689",,,,,,,,,,,,,,,,,,,,,,,,"5,521,294,408",,,,,,,,,,,,,,,,,"81,552,782",,,,,,,,,,,,,,,,,,,,,,,,,,,,,,,19,,,"106,384,264,877",,18,,,,,"2,097,184,698","919,258,368",,,,"6,952,976,797","448,655,835",,"-590,808,451",,"-1,130,697,861","539,889,410","-142,152,616","-590,808,451",,"113,337,241,674",,,
[023810],,,,,,,,,,,,,,,,,,,,,,,,,,,,,,,,,,,,,,,,,,,,,,,,,,,,,,,,,,,,,,,,,,,,,,,,,,,,,,,,,,,,,,,"-1,057,721,056",,,,,"2,743,220,659","1,470,491,244",,,,,,,,,,,,,,,,,,,,,,,,"1,371,735,651",,,,,,,,,,,,,,,,,"-17,635,781",,,,,"-127,300,528",,,,,,,,,,,,,,,,,,,,,,,,,,-44,,,"70,396,646,147",,-44,,,,,"425,126,472","52,638,708",,,,"9,554,364,679","395,586,520",,"-570,701,706",,,,"-175,115,186",,,"79,951,010,826",,,
[007570],,,,,,,,,,,,,,,,,,,,,,,,,,,,,,,,,,,,,,,,,,,,,,,,,,,,,,,,,,,,,,,,,,,,,,,,,,,,,,,,,,,,,,,"8,559,704,180",,,,,"325,460,411","148,104,789",,,,,,,,,,,,,,,,,,,,,,,,"29,707,270,469",,,,,,,,,,,,,,,,,"3,131,841,815",,,,,,,,,,,,,,,,,,,,,,,,,,,,,,,256,,,"31,177,581,669",,256,,,,,"1,222,545,290","394,236,096",,,,"41,398,816,464","1,299,487,956",,"6,609,262,652",,"1,955,206,657","4,484,658,881","7,908,750,608",,,"72,576,398,133",,,
[159580],,,,,,,,,,,,,,,,,,,,,,,,,,,,,,,,,,,,,,,,,,,,,,,,,,,,,,,,,,,,,,,,,,,,,,,,,,,,,,,,,,,,,,,"-1,647,337,556",,,,,"122,704,101","94,841,166",,,,,,,,,,,,,,,,,,,,,,,,"20,637,275,545",,,,,,,,,,,,,,,,,,,,,,,,,,,,,,,,,,,,,,,,,,,,,,,,-137,,,"18,825,464,521",,-137,,,,,"210,007,906","175,508,713",,,,"18,989,937,989","-30,049,350",,"-1,684,023,164",,,"-1,684,023,164","-1,653,973,814",,,"37,815,402,510",,,
[054950],,,,,,,,,,,,,,,,,,,,,,,,,,,,,,,,,,,,,,,,,,,,,,,,,,,,,,,,,,,,,,,,,,,,,,,,,,,,,,,,,,,,,,,"2,462,230,420",,,,,"1,004,543,890","267,085,357",,,,,,,,,,,,,,,,,,,,,,,,"5,639,009,919",,,,,,,,,,,,,,,,,"1,230,351,674",,,,,,,,,,,,,,,,,,,,,,,,,,,,,,,376,,,"13,091,716,492",,,,,,,"707,941,928","379,059,472",,,,"9,331,592,013","598,350,233",,"2,272,456,264",,,"2,272,456,264","2,870,806,497",,,"22,423,308,505",,,
[000480],,,,,,,,,,,,,,,,,,,,,,,,,,,,,,,,,,,,,,,,,,,,,,,,,,,,,,,,,,,,,,,,,,,,,,,,,,,,,,,,,,,,,,,"13,497,483,415",,,,,"1,641,939,008","161,585,971",,,,,,,,,,,,,,,,,,,,,,,,"17,020,433,812",,,,,,,,,,,,,,,,,"2,037,185,733",,,,,,,,,,,,,,,,,,,,,,,,,,,,,,,,"2,550",0,"166,821,804,446",,,"2,550",0,,,"3,407,436,774","1,728,817,193",,,,"30,517,917,227","6,040,773,827",,"9,295,628,777",,"1,009,083,527","8,286,545,250","15,336,402,604","9,295,628,777",0,"197,339,721,673",,,
[185750],,,,,,,,,,,,,,,,,,,,,,,,,,,,,,,,,,,,,,,,,,,,,,,,,,,,,,,,,,,,,,,,,,,,,,,,,,,,,,,,,,,,,,,"18,801,259,428",,,,,"1,297,129,297","6,496,250,372",,,,,,,,,,,,,,,,,,,,,,,,"51,075,024,542",,,,,,,,,,,,,,,,,"15,554,496,642",,,,,,,,,,,,,,,,,,,,,,,,,,,,,,,287,,,"133,109,646,500",,,,,,,"1,544,066,563","201,127,760",,,,"85,430,780,612","9,554,311,765",,"2,704,887,785",,"-126,763,875","2,831,651,660","12,259,199,550",,,"218,540,427,112",,,
[001630],,,,,,,,,,,,,,,,,,,,,,,,,,,,,,,,,,,,,,,,,,,,,,,,,,,,,,,,,,,,,,,,,,,,,,,,,,,,,,,,,,,,,,,"13,895,686,298",,,,,,,,,,,,,,,,,,,,,,,,,,,,,,"34,871,535,817",,,,,,,,,,,,,,,,,"1,318,329,062",,,,,,,,,,,,,,,,,,,,,,,,,,,,,,,"2,987",,,"78,583,851,986",,,,,,,"1,195,336,959","905,174,315",,,,"48,767,222,115","5,290,076,552",,"23,404,569,198",,"8,439,997,419","14,964,871,779","28,694,645,750",,,"127,351,074,101",,,
[035000],"114,900,472",,"250,644,472","-16,000,000","1,089,902,695","190,555,727",,,,,,,,,,,,,,"389,231,761",,,"600,000","4,044,013,580",,"376,678,939",,"2,858,598",,,"804,271,961","652,394,955",,,,,,,,,,,"2,137,772","5,744,743","97,714,820",,,,,,,,,,,,,"4,885,496","245,061,454","316,623,734",,,"765,044,285","606,254,430",,,,"770,690",,,"3,332,683",,"23,149,096","215,199,189",,,,,,,,"761,313,595","14,012,313","14,424,636",,,"-3,600,750,757",,,,,"1,472,817,001","1,390,426,724",,,,"1,304,237,472","49,980,955","1,453,280,263","81,515,453",,,,,,,,,,,,"21,028,788,139",,,"87,159,863","164,723,428","33,723,298,074","165,733,543","465,597,293","549,182,144","260,574,271",,,,,,,,,,"3,172,752","190,315,711",,,,,,,,,,,,"903,539,915",,,,,,,,,,,,,,,,,,,,,,-178,-178,"38,583,232,311",,,,,,,"708,018,145","661,959,896",,,,"30,122,547,317","-684,765,308",,"-2,879,653,421",,"-3,090,075","-2,876,563,346","-3,564,418,729","-2,879,653,421",,"68,705,779,628",,,
[030200],,,,,,,,,,,,,,,,,,,,,,,,,,,,,,,,,,,,,,,,,,,,,,,,,,,,,,,,,,,,,,,,,,,,,,,,,,,,,,,,,,,,,,"5,313,079,000,000","397,122,000,000",,,,,"53,017,000,000","65,164,000,000",,,,,,,,,,,,,,,,,,,,,,,,,,,,,,,,,,,,,,,,,"-1,006,000,000",,,,,,,,,,,,,,,,,,,,,,,,,,,,,,,804,,,,,804,,,,,"108,009,000,000","77,025,000,000",,,,,"128,893,000,000",,"224,092,000,000",,"27,135,000,000","196,957,000,000","352,985,000,000",,,"5,710,201,000,000",,,
[053210],,,,,,,,,,,,,,,,,,,,,,,,,,,,,,,,,,,,,,,,,,,,,,,,,,,,,,,,,,,,,,,,,,,,,,,,,,,,,,,,,,,,,,,"19,287,191,170",,,,,"626,447,891","491,058,088",,,,,,,,,,,,,,,,,,,,,,,,"146,704,476,021",,,,,,,,,,,,,,,,,"-373,493,766",,,,,,,,,,,,,,,,,,,,,,,,,,,,,,,326,,,,,326,,,,,"507,856,911","1,573,628,929",,,,"165,991,667,191","4,542,136,503",,"15,572,722,722",,"81,347,604","15,491,375,118","20,114,859,225",,,,,,
[024880],,,,,,,,,,,,,,,,,,,,,,,,,,,,,,,,,,,,,,,,,,,,,,,,,,,,,,,,,,,,,,,,,,,,,,,,,,,,,,,,,,,,,,,"2,701,673,952",,,,,"931,223,860","752,874,052",,,,,,,,,,,,,,,,,,,,,,,,"8,307,282,377",,,,,,,,,,,,,,,,,"107,316,681",,,,,,,0,0,,,,,,,,,,,,,,,,,,,,,,,246,246,,"78,311,422,839",,203,203,,,,"3,163,011,118","3,686,911,336",,,,"11,008,956,329","79,315,749",,"3,431,924,910",,"227,485","3,431,697,425","3,511,240,659",,,"89,320,379,168",,,
[052400],,,,,,,,,,,,,,,,,,,,,,,,,,,,,,,,,,,,,,,,,,,,,,,,,,,,,,,,,,,,,,,,,,,,,,,,,,,,,,,,,,,,,,,"-8,195,587,480",,,,,"437,226,759","187,391,322",,,,,,,,,,,,,,,,,,,,,,,,"13,118,305,178",,,,,,,,,,,,,,,,,"-136,321,626",,,,,,,,,,,,,,,,,,,,,,,,,,,,,,,-574,,,"17,193,799,592",,-574,,,,,"920,142,361","976,030,939",,,,"4,922,717,698","152,711,646",,"-8,178,896,737",,"117,057,809","-8,295,954,546","-8,026,185,091",,,"22,116,517,290",,,
[005420],,,,,,,,,,,,,,,,,,,,,,,,,,,,,,,,,,,,,,,,,,,,,,,,,,,,,,,,,,,,,,,,,,,,,,,,,,,,,,,,,,,,,,,"3,136,163,092",,,,,,,,,,,,,,,,,,,,,,,,,,,,,,"7,080,826,506",,,,,,,,,,,,,,,,,"-1,038,737,362",,,,,,,,,,,,,,,,,,,,,,,,,,,,,,,-63,,,"144,384,741,142",,-68,,,,,"2,882,768,392","1,112,055,067",,,,"10,216,989,598","-1,822,656",,"328,535,061",,"1,272,529,796","-943,317,838","326,712,405",,,"154,601,730,740",,,
[066310],,,,,,,,,,,,,,,,,,,,,,,,,,,,,,,,,,,,,,,,,,,,,,,,,,,,,,,,,,,,,,,,,,,,,,,,,,,,,,,,,,,,,,,"68,582,204",,,,,"64,582,905","151,972,289",,,,,,,,,,,,,,,,,,,,,,,,"1,014,496,155",,,,,,,,,,,,,,,,,,,,,,,,,,,,,,,,,,,,,,,,,,,,,,,,91,,,"3,502,804,526",,,,,,,"17,080,169","158,330,087",,,,"1,083,078,359","-11,573,085",,"134,015,823",,,"134,015,823","122,442,738",,,"4,585,882,885",,,
[009410],,,,"-1,083,393,013",,,,,,,,,,,,,,,,,,,,,,,,,,,,,,,,,,,,,,,,,,,,,,,,,,,,,,,,,,,,,,,,,,,,,,,,,,,,,,"46,615,886,506",,,,,"121,494,627,283",,,,,"1,914,080,861","2,445,202,970",,,,,,,,,,,,,,,,,,,,,,,,"45,532,493,493",,,,,,,,,,,,,,,,,"1,606,534,975",,,,,,,,,,,,,,,,,,,,,,,,,,,,,,,953,,,"602,756,603,253",,953,,,,,"11,642,883,862","1,359,390,883",,,,"167,027,120,776","29,124,304,914",,"86,540,950,132",,"21,316,490,965","65,224,459,167","115,466,841,070","86,342,536,156","198,413,976","769,783,724,029",,,
[131290],,,,,,,,,,,,,,,,,,,,,,,,,,,,,,,,,,,,,,,,,,,,,,,,,,,,,,,,,,,,,,,,,,,,,,,,,,,,,,,,,,,,,,,"9,490,260,932",,,,,"330,759,612","80,623,532",,,,,,,,,,,,,,,,,,,,,,,,"6,572,927,536",,,,,,,,,,,,,,,,,"39,455,124",,,,,,,,,,,,,,,,,,,,,,,,,,,,,,,646,,,"36,426,462,476",,646,,,,,"1,223,775,667","777,796,555",,,,"16,063,188,468","2,304,964,136",,"7,028,908,888",,"428,975,759","6,599,933,129","9,333,873,024",,,"52,489,650,944",,,
[062860],,,,,,,,,,,,,,,,,,,,,,,,,,,,,,,,,,,,,,,,,,,,,,,,,,,,,,,,,,,,,,,,,,,,,,,,,,,,,,,,,,,,,,,"-3,125,890,450",,,,,"432,008,000","25,048,611",,,,,,,,,,,,,,,,,,,,,,,,"5,288,814,727",,,,,,,,,,,,,,,,,"49,595,650",,,,,,,,,,,,,,,,,,,,,,,,,,,,,,,-334,,,"10,964,550,716",,-334,,,,,,"101,986,244",,,,"2,162,924,277",,,"-2,666,540,467",,"2,377,293","-2,668,917,760","-2,666,540,467",,,"13,127,474,993",,,
[106240],,,,,,,,,,,,,,,,,,,,,,,,,,,,,,,,,,,,,,,,,,,,,,,,,,,,,,,,,,,,,,,,,,,,,,,,,,,,,,,,,,,,,,,"1,147,203,228",,,,,"978,097,534","798,263,429",,,,,,,,,,,,,,,,,,,,,,,,"6,861,257,269",,,,,,,,,,,,,,,,,"138,090,506",,,,,,,,,,,,,,,,,,,,,,,,,,,,,,,,8,,"26,985,336,618",,,8,,,,"1,017,093,853","66,368,524",,,,"8,008,460,497","50,911,126",,"281,401,876",,"217,035,442","64,366,434","332,313,002","281,401,876",,"34,993,797,115",,,
[043370],,,,,,,,,,,,,,,"222,803,889,680",,,,,,,,,,,,,,,,,,,,,,,,,,,,,,,,,,,,,,,,,,,,,,,,,,,,,,,,,,,,,,,,,,,,,,,,"5,921,057,508",,,,,"2,380,922,215","3,992,974,696",,,,,,,,,,,,,,,,,,,,,,,,"23,842,363,412",,,,,,,,,,,,,,,,,"673,466,137",,,,,,,,,,,,,,,,,,,,,,,,,,,,,,,185,,,"222,803,889,680",,,,,,,"5,061,117,847","6,674,186,125",,,,"29,763,420,920","2,705,230,668",,"3,890,308,774",,0,"3,890,308,774","6,595,539,442",,,"252,567,310,600",,,"252,567,310,600"
[075130],,,,,,,,,,,,,,,,,,,,,,,,,,,,,,,,,,,,,,,,,,,,,,,,,,,,,,,,,,,,,,,,,,,,,,,,,,,,,,,,,,,,,,"4,900,081,204","566,293,736",,,,,"35,506,327","51,178,849",,,,,,,,,,,,,,,,,,,,,,,,,,,,,,,,,,,,,,,,,"207,854,753",,,,,,,,,,,,,,,,,,,,,,,,,,,,,,,45,,,,,45,,,,,"47,743,180","135,420,665",,,,,"137,599,822",,"379,979,186",,"20,783,760","359,195,426","517,579,008",,,"5,466,374,940",,"5,466,374,940",
[013030],,,,,,,,,,,,,,,,,,,,,,,,,,,,,,,,,,,,,,,,,,,,,,,,,,,,,,,,,,,,,,,,,,,,,,,,,,,,,,,,,,,,,,,"5,319,757,154",,,,,"838,581,878","495,346,292",,,,,,,,,,,,,,,,,,,,,,,,"5,535,593,914",,,,,,,,,,,,,,,,,,,,,,,,,,,,,,,,,,,,,,,,,,,,,,,,332,,,"23,782,359,351",,,,,,,"353,563,314","807,976,714",,,,"10,855,351,068","1,449,936,381",,"4,667,469,759",,"146,098,747","4,521,371,012","6,117,406,140",,,"34,637,710,419",,,
[017890],,,,,"762,836,790","23,396,122",,,,"747,633,968",,,,,"46,666,902,690",,,,,"1,219,283,842","201,285,000",,"1,890,000","192,548,415","42,581,760",,,,,"1,252,940,510",,,,,,,,,,,"3,345,219",,"27,004,148","14,768","294,288",,,,,,,,,,,,,"20,783,642","271,352,876","99,861,239",,,,,"92,665,666",,,,,,"519,637",,"5,684,549",,,,,,,,"48,762,395",,"12,400,736","516,874",,,"8,448,428,559","2,536,200",,,,"1,512,757,745","95,592,177",,,"1,470,007,642","87,889,488","8,540,236","10,800,178","81,756,154",,,,,,,,,,,,"1,194,173,900",,,"24,273,389","39,911,431","5,179,384,787","17,293,640","30,276,986","70,799,136","31,023,341",,,,,,,,,,,,,,,,,,,,,,,"2,446,654",,,,,,,,,,,,,,,,,,,,,369,369,,"47,414,536,658",,369,369,,,,"277,037,425","301,455,295",,,,"13,627,813,346","2,305,162,075",,"7,584,849,922",,,"7,584,849,922","9,890,011,997","7,584,849,922",,"61,042,350,004",,"3,666,227,343","57,376,122,661"
[002390],,,,,,,,,,,,,,,,,,,,,,,,,,,,,,,,,,,,,,,,,,,,,,,,,,,,,,,,,,,,,,,,,,,,,,,,,,,,,,,,,,,,,,,"3,272,567,773",,,,,"9,590,753,149","604,939,649",,,,,,,,,,,,,,,,,,,,,,,,"33,011,963,295",,,,,,,,,,,,,,,,,"-3,779,329,237",,,,,,,,,,,,,,,,,,,,,,,,,,,,,,,397,,,"67,523,163,719",,394,,,,,"1,540,681,834","181,334,279",,,,"36,284,531,068","2,015,210,719",,"5,104,493,762",,"-203,395,774","5,307,889,536","7,119,704,481",,,"103,807,694,787",,,
[018880],,,,,,,,,,,,,,,,,,,,,,,,,,,,,,,,,,,,,,,,,,,,,,,,,,,,,,,,,,,,,,,,,,,,,,,,,,,,,,,,,,,,,,,"95,219,747,067",,,,,"52,284,260,355","55,504,503,324",,,,,,,,,,,,,,,,,,,,,,,,"116,171,328,790",,,,,,,,,,,,,,,,,"1,326,415,693",,,,,,,,,,,,,,,,,,,,,,,,,,,,,,,119,,,"1,175,532,541,852",,119,,,,,"6,743,998,801","3,479,779,940",,,,"211,391,075,857","24,457,239,506",,"65,604,461,424",,"2,277,186,640","63,327,274,784","90,061,700,930",,,"1,386,923,617,709",,,
[024740],,,,,,,,,,,,,,,,,,,,,,,,,,,,,,,,,,,,,,,,,,,,,,,,,,,,,,,,,,,,,,,,,,,,,,,,,,,,,,,,,,,,,,,"-198,692,220",,,,,"1,680,078,379","461,971,091",,,,,,,,,,,,,,,,,,,,,,,,"2,452,094,374",,,,,,,,,,,,,,,,,,,,,,,,,,,,,,,,,,,,,,,,,,,,,,,,4,,,"32,528,089,479",,4,,,,,"985,558,019","7,656,186",,,,"2,253,402,154","-193,530,293",,"235,043,528",,"149,228,518","85,815,010","41,513,235",,,"34,781,491,633",,,
[003300],,,,,,,,,,,,,,,,,,,,,,,,,,,,,,,,,,,,,,,,,,,,,,,,,,,,,,,,,,,,,,,,,,,,,,,,,,,,,,,,,,,,,,,"-11,264,133,475",,,,,"836,535,832","363,722,348",,,,,,,,,,,,,,,,,,,,,,,,"28,608,969,473",,,,,,,,,,,,,,,,,"-65,322,279",,,,,,,"300,036,985","4,177,620,557",,,,,,,,,,,,,,,,,,,,,,,-948,"-1,550",602,"250,601,181,584",,,,,,,"8,591,409,752","6,900,189,092",,,,"17,344,835,998","-2,093,620,360",,"-6,276,622,013",,"300,036,985","-6,576,658,998","-12,547,862,930","-10,454,242,570","4,177,620,557","267,946,017,582",,,
[130660],,,,,,,,,,,,,,,,,,,,,,,,,,,,,,,,,,,,,,,,,,,,,,,,,,,,,,,,,,,,,,,,,,,,,,,,,,,,,,,,,,,,,,,"8,073,935,783",,,,,"164,447,176","48,826,229",,,,,,,,,,,,,,,,,,,,,,,,"4,502,956,671",,,,,,,,,,,,,,,,,,,,,,,,,,,,,,,,,,,,,,,,,,,,,,,,202,202,,"65,285,451,129",,,,,,,"154,444,124","302,641,801",,,,"12,576,892,454","1,793,005,755",,"6,544,748,652",,"-36,160,792","6,580,909,444","8,337,754,407","6,544,748,652",,"77,862,343,583",,,
[097230],,,,,,,,,,,,,,,,,,,,,,,,,,,,,,,,,,,,,,,,,,,,,,,,,,,,,,,,,,,,,,,,,,,,,,,,,,,,,,,,,,,,,,,"21,607,000,000",,,,,"4,897,000,000","2,119,000,000",,,,,,,,,,,,,,,,,,,,,,,,"38,448,000,000",,,,,,,,,,,,,,,,,"3,686,000,000",,,,,,,,,,,,,,,,,,,,,,,,,,,,,,,-7,,,"443,202,000,000",,-7,,,,,"28,041,000,000","5,896,000,000",,,,"60,055,000,000","6,287,000,000",,"-361,000,000",,"254,000,000","-615,000,000","5,926,000,000",,,"503,257,000,000",,,
[003480],,,,,,,,,,,,,,,,,,,,,,,,,,,,,,,,,,,,,,,,,,,,,,,,,,,,,,,,,,,,,,,,,,,,,,,,,,,,,,,,,,,,,,,"30,713,000,000",,"302,901,000,000",,,"3,810,000,000","798,000,000",,,,,,,,,,,,,,,,,,,,,,,,,,,,,,,,,"17,047,000,000",,,,,,,,,,,,,,,,,"1,542,000,000",,,,,,,,,,,,,,,,,,,,,,509,509,,"319,948,000,000",,,,,,,"12,880,000,000","624,000,000",,,,,"4,782,000,000","349,119,000,000","16,687,000,000",,"3,412,000,000","13,275,000,000","21,469,000,000","16,687,000,000",,"350,661,000,000",,,
[086280],,,,,,,,,,,,,,,,,,,,,,,,,,,,,,,,,,,,,,,,,,,,,,,,,,,,,,,,,,,,,,,,,,,,,,,,,,,,,,,,,,,,,,,"150,456,304,891",,,,,"66,487,078,925","56,449,666,144",,,,,,,,,,,,,,,,,,,,,,,,"82,847,382,314",,,,,,,,,,,,,,,,,"9,184,082,741",,,,,"9,045,145",,,,,,,,,,,,,,,,,,,,,,,,,,"3,060",,,"3,514,614,109,391",,,,,,,"16,559,306,195","6,201,903,526",,,,"233,303,687,205","44,569,117,981",,"114,751,279,763",,,,"159,320,397,744",,,"3,747,917,796,596",,,
[012330],,,,,,,,,,,,,,,,,,,,,,,,,,,,,,,,,,,,,,,,,,,,,,,,,,,,,,,,,,,,,,,,,,,,,,,,,,,,,,,,,,,,,,,"449,846,000,000",,,,,"62,902,000,000","56,024,000,000",,,,,,,,,,,,,,,,,,,,,,,,"608,527,000,000",,,,,,,,,,,,,,,,,"143,700,000,000",,,,,,,,,,,,,,,,,,,,,,,,,,,,,,,"4,926",,,"7,135,970,000,000",,,,,,,"43,977,000,000","58,212,000,000",,,,"1,058,373,000,000","148,790,000,000",,"465,869,000,000",,"-632,000,000","466,501,000,000","614,659,000,000",,,"8,194,343,000,000",,,
[069960],,,,,,,,,,,,,,,,,,,,,,,,,,,,,,,,,,,,,,,,,,,,,,,,,,,,,,,,,,,,,,,,,,,,,,,,,,,,,,,,,,,,,,,"102,769,401,000",,,,,"8,406,300,000","2,124,632,000",,,,,,,,,,,,,,,,,,,,,,,,"262,990,225,000",,,,,,,,,,,,,,,,,"14,350,799,000",,,,,,,,,,,,,,,,,,,,,,,,,,,,,,,"3,489",,,"86,142,537,000",,"3,489",,,,,"2,610,225,000","4,635,897,000",,,,"365,759,626,000","34,173,569,000",,"91,253,971,000",,"12,553,499,000","78,700,472,000","125,427,540,000",,,"451,902,163,000",,,
[005380],,,,,,,,,,,,,,,,,,,,,,,,,,,,,,,,,,,,,,,,,,,,,,,,,,,,,,,,,,,,,,,,,,,,,,,,,,,,,,,,,,,,,,,,,,,,"266,571,000,000","351,836,000,000",,,,,,,,,,,,,,,,,,,,,,,,"2,786,222,000,000",,,,,,"2,494",,,,"2,494",,,,,,,"731,635,000,000",,,,,,,,,,,,,,,,,,,,,,,,,,,,,,,,,,"18,969,048,000,000",,,,,,,"116,464,000,000","203,829,000,000",,,,"3,467,513,000,000","194,251,000,000",,,,"63,621,000,000","668,014,000,000","925,886,000,000",,,"22,436,561,000,000",,,
[011760],,,,,,,,,,,,,,,,,,,,,,,,,,,,,,,,,,,,,,,,,,,,,,,,,,,,,,,,,,,,,,,,,,,,,,,,,,,,,,,,,,,,,,,"11,358,490,433",,,,,"13,529,386,243","14,325,986,380",,,,,,,,,,,,,,,,,,,,,,,,"19,219,487,131",,,,,,,,,,,,,,,,,"2,514,449,175",,,,,,,,,,,,,,,,,,,,,,,,,,,,,,,621,,,"1,159,884,713,459",,,,,,,"7,696,225,487","6,106,873,693",,,,"30,577,977,564","3,629,037,906",,"7,857,949,771",,"33,544,907","7,824,404,864","11,486,987,677",,,"1,190,462,691,023",,,
[008770],,,,,,,,,,,,,,,,,,,,,,,,,,,,,,,,,,,,,,,,,,,,,,,,,,,,,,"2,784,954,613",,,,,,,,,,,,,,,,,,,,,,,,,,,,,"8,683,134,448",,,,"44,171,801,538",,,,,"-2,663,970,022",,,,"-847,915,978",,,,,,,,,,,,,,,,,,,,,,,,,,,,,,,,,,,,,,"31,729,769,062",,,"-7,974,269,783",,,,,,,,,,,,,,,,,,,,,,,,,,,,838,,,,,850,,,,,,,,,,,"-9,778,062,454",,,,"495,157","31,729,273,905","41,507,831,516",,,"1,125,501,228,469",,,
[298020],,,,,,,,,,,,,,,,,,,,,,,,,,,,,,,,,,,,,,,,,,,,,,,,,,,,,,,,,,,,,,,,,,,,,,,,,,,,,,,,,,,,,,,,,,,,,,,,,,,,,,,,,,,,,,,,,,,,,,,,,,,,,,,,,,,,,,,,,,,,,,,,,,,,,,,,,,,,,,,,,,,,,,,,,,,,,,,,,,,,,,,,,,,,,,,,,
[298000],,,,,,,,,,,,,,,,,,,,,,,,,,,,,,,,,,,,,,,,,,,,,,,,,,,,,,,,,,,,,,,,,,,,,,,,,,,,,,,,,,,,,,,,,,,,,,,,,,,,,,,,,,,,,,,,,,,,,,,,,,,,,,,,,,,,,,,,,,,,,,,,,,,,,,,,,,,,,,,,,,,,,,,,,,,,,,,,,,,,,,,,,,,,,,,,,
[050090],,,,,,,,,,,,,,,,,,,,,,,,,,,,,,,,,,,,,,,,,,,,,,,,,,,,,,,,,,,,,,,,,,,,,,,,,,,,,,,,,,,,,,,"-967,623,043",,,,,"38,824,709","18,787,531",,,,,,,,,,,,,,,,,,,,,,,,"1,046,307,201",,,,,,,,,,,,,,,,,"146,410,466",,,,,,,,,,,,,,,,,,,,,,,,,,,,,,,-17,,,"3,804,747,404",,-17,,,,,"102,665,612","215,145",,,,"78,684,158",0,,"-1,196,446,798",,0,"-1,196,446,798","-1,196,446,798",,,"3,883,431,562",,,
