,dart_AdvertisingExpenses,dart_AmortisationExpense,dart_BadDebtExpenses,dart_Commissions,dart_CommunicationExpenses,dart_CostOfSalesFromConstructionContracts,dart_CostOfSalesFromRenderingOfServices,dart_CostOfSalesFromSaleOfGoods,dart_DepreciationExpense,dart_DividendIncome,dart_Donations,dart_EmployeeBenefits,dart_EntertainmentExpenses,dart_FreightExpenses,dart_GainOnForeignExchangeTranslations,dart_GainsForeignCurrencyTransactions,dart_GainsOnDisposalsOfOtherNonCurrentAssets,dart_GainsOnDisposalsOfPropertyPlantAndEquipment,dart_InsurancePremiums,dart_InterestExpenseFinanceExpense,dart_InterestIncomeFinanceIncome,dart_LossOnForeignExchangeTranslations,dart_LossesForeignCurrencyTransactions,dart_LossesOnDisposalsOfInvestments,dart_LossesOnDisposalsOfPropertyPlantAndEquipment,dart_MiscellaneousIncome,dart_MiscellaneousLosses,dart_OperatingIncomeLoss,dart_OrdinaryDevelopmentExpense,dart_OtherCostOfSales,dart_OtherGains,dart_OtherLosses,dart_OtherReversalsOfProvisions,dart_ProvisionForSeveranceIndemnities,dart_PublicationExpenses,dart_RentalExpenses,dart_RepairExpenses,dart_SalariesWages,dart_SupplyExpenses,dart_TaxesDues,dart_TotalSellingGeneralAdministrativeExpenses,dart_TrainingExpenses,dart_TravelExpenses,dart_UtilityExpenses,dart_VehicleMaintenanceExpenses,dart_WritedownsOfPropertyPlantAndEquipment,entity_BasicEarningsLossPerShare,entity_CostOfSales,entity_DilutedEarningsLossPerShare,entity_EarningsPerShareAbstract,entity_FinanceCosts,entity_FinanceIncome,entity_GrossProfit,entity_IncomeStatementAbstract,entity_OperatingIncomeLoss,entity_OtherGains,entity_OtherLosses,entity_ProfitLoss,entity_ProfitLossBeforeTax,entity_ProfitLossFromDiscontinuedOperations,entity_Revenue,entity_TotalSellingGeneralAdministrativeExpenses,ifrs_AdministrativeExpense,ifrs_BasicEarningsLossPerShare,ifrs_BasicEarningsLossPerShareFromContinuingOperations,ifrs_BasicEarningsLossPerShareFromDiscontinuedOperations,ifrs_CostOfSales,ifrs_DilutedEarningsLossPerShare,ifrs_DilutedEarningsLossPerShareFromContinuingOperations,ifrs_DilutedEarningsLossPerShareFromDiscontinuedOperations,ifrs_EarningsPerShareAbstract,ifrs_EmployeeBenefitsExpense,ifrs_FinanceCosts,ifrs_FinanceIncome,ifrs_GainsArisingFromDerecognitionOfFinancialAssetsMeasuredAtAmortisedCost,ifrs_GrossProfit,ifrs_IncomeTaxExpenseContinuingOperations,ifrs_OtherIncomeExpenseFromSubsidiariesJointlyControlledEntitiesAndAssociates,ifrs_OtherRevenue,ifrs_ProfitLoss,ifrs_ProfitLossBeforeTax,ifrs_ProfitLossFromContinuingOperations,ifrs_ProfitLossFromDiscontinuedOperations,ifrs_RawMaterialsAndConsumablesUsed,ifrs_Revenue,ifrs_RevenueFromConstructionContracts,ifrs_RevenueFromDividends,ifrs_RevenueFromRenderingOfServices,ifrs_RevenueFromRoyalties,ifrs_RevenueFromSaleOfGoods,ifrs_ShareOfProfitLossOfAssociatesAndJointVenturesAccountedForUsingEquityMethod
[001040],,,,,,,,,,,,,,,,,,,,"2,417,895,000","597,934,000",,,,,,,"11,107,916,000",,,,,,,,,,,,,,,,,,,,,,"314,000",,"97,052,000",,"107,962,000",,,,,,,"1,966,702,000",,,265,,,,264,,,,,"2,417,895,000","704,803,000",,,"-1,845,438,000",,,"7,657,348,000","9,502,786,000",,,,"21,983,043,000",,,,"20,016,341,000",,
[000120],,,,,,,,,,,,,,,,,,,,,,,,,,,,"40,690,985,006",,,"549,862,116","18,483,330,481",,,,,,,,,"78,776,503,313",,,,,,,,,,,,,0,,,,,,,,,,385,,,"1,095,813,442,123",,,,,,"15,256,734,949","6,665,151,971",,"119,467,488,319","4,957,816,867",,,"6,780,594,292","11,738,411,159",,,,"1,215,280,930,442",,,,,,
[037560],,,,,,,,,,,,,,,,,,,,,,,,,,,,"24,085,703,626",,,,,,,,,,,,,,,,,,,,,,,,,"-78,630,749,662",,"386,263,626",,,,,,,,,194,,,"177,558,719,499",194,,,,,,,,"102,716,453,288","4,404,389,746",,,"14,996,507,605","19,400,897,351",,,,"280,275,172,787",,,,,,
[155660],,,,,,,,,,,,,,,,,,,,,,,,,,,,"3,604,729,594",,,"693,534,721","341,450,223",,,,,,,,,"3,720,505,780",,,,,,,,,,,,,,,,,,,,,,,197,,,"32,449,777,289",,,,,,"160,360,836","260,689,358",,"7,325,235,374","909,709,930",,,"3,147,432,684","4,057,142,614",,,,"39,775,012,663",,,,,,
[078930],,,,,,,,,,,,,,,,,,,,,,,,,,,,"17,156,000,000",,,"2,139,000,000",,,,,,,,,,,,,,,,,,,"106,000,000",,,,"10,236,000,000",,,,,,,,,,,93,,,,,,,,"7,606,000,000","-56,000,000",,,"2,794,000,000",,,"8,839,000,000","11,633,000,000",,,,,,,,,,
[006360],,,,,,,"128,328,484,272","2,088,465,064,584",,,,,,,,,,,,,,,,,,,,"128,464,426,026",,"45,593,742,197","37,244,491,101","138,066,522,123",,,,,,,,,"80,192,088,618",,,,,,,,,,,,,298,,,,,,,,,,,,,"2,262,387,291,053",,,,,,"40,138,045,237","41,636,062,067",,"208,656,514,644","7,081,149,231",,"37,798,874,022","22,059,262,603","29,140,411,834",,,,"2,471,043,805,697",,,"158,398,221,190",,"2,274,846,710,485",
[028150],,,,,,,,,,,,,,,,,,,,,,,,,,,,"27,306,071,727",,,"66,782,901","621,578,176",,,,,,,,,"210,004,464,356",,,,,,,,,,,,,0,,,,,,,,,,"3,646",,,"21,649,511,015","3,646",,,,,"68,715,297","3,482,142,689",,"237,310,536,083","7,654,228,661",,,"22,510,475,183","30,164,703,844",,,,"258,960,047,098",,,,,,
[024120],,,,,,,,,,,,,,,,,,,,,,,,,,,,"3,946,658,085",,,"240,886,229","37,328,097",,,,,,,,,"1,381,549,145",,,,,,,,,,,,,,,,,,,,,,,309,,,"35,688,688,848",,,,,,"811,228,259","704,201,219",,"5,328,207,230","492,958,373",,,"3,550,230,804","4,043,189,177",,,,"41,016,896,078",,,,,,
[083470],,,,,,,,,,,,,,,,,,,,,,,,,,,,"597,629,456",,,,,,,,,,,,,,,,,,,,,,,,,,40,,,,,,,,,,,,,"13,929,629,212",,,,,,,,,"4,250,238,462","204,265,863",,,,"975,113,835",,,,,,,,,,
[036030],,,,,,,,,,,,,,,,,,,,,,,,,,,,"1,098,520,158",,,"67,891,727","2,007,354,030",,,,,,,,,"2,037,704,838",,,,,,,,,,,,,,,,,,,,,,,-27,-27,,"43,853,260,375",,,,,,"11,296,409","339,175,927",,"3,136,224,996","442,561,141","-6,685,779",,"-962,309,547","-519,748,406","-962,309,547",,,"46,989,485,371",,,,,,
[060370],,,,,,,,,,,,,,,,,,,,,,,,,,,,"1,510,766,984",,,"20,165,987","585,649,365",,,,,,,,,"1,149,834,798",,,,,,,,,,,,,"351,020,882",,,,,,,,,,22,,,"18,579,510,119",,,,,,,"-25,238,359",,"2,660,601,782","121,064,749",,,"447,959,616","569,024,365",,,,,,,,,,
[003550],,,,,,,,,,,,,,,,,,,,,,,,,,,,"32,580,000,000",,,,,,,,,,,,,,,,,,,,,,"149,000,000",,,,"13,000,000",,,,,,,"25,522,000,000",,,,,,,,,,,,,,,,"8,443,000,000",,,"26,171,000,000","34,614,000,000",,,,"84,727,000,000",,,,,,
[001120],,,,,,,,,,,,,,,,,,,,,,,,,,,,"24,130,616,711",,,,,,,,,,,,,"46,304,450,881",,,,,,,,,,,,,"-7,727,636,905",,,,,,,,,,730,,,"641,928,869,934",,,,,,,,,"70,435,067,592","-104,332,726",,,"28,214,111,338","28,109,778,612",,,,"712,363,937,526",,,,,,
[051900],,,,,,,,,,,,,,,,,,,,,,,,,,,,"164,690,805,972",,,,,,,,,,,,,"405,029,038,178",,,,,,,,,"6,979",,,,"-12,059,239,440",,,,,,,,,,"6,966",,,"358,811,511,230",,,,,,"4,613,799,604","3,318,509,942",,"569,719,844,150","34,582,507,644",,,"116,753,769,226","151,336,276,870",,,,"928,531,355,380",,,,,,
[032640],,,,"1,467,676,000,000",,,,,"403,276,000,000",,,,,,,,,,,,,,,,,,,"181,588,000,000",,,"24,918,000,000","5,897,000,000",,,,,,"147,190,000,000",,,"2,018,142,000,000",,,,,,,,,,,,,,,,,,,,,,,303,,,"672,228,000,000",,,,,,"41,041,000,000","10,484,000,000",,"2,199,730,000,000","37,674,000,000",,,"132,378,000,000","170,052,000,000",,,,"2,871,958,000,000",,,,,,
[011070],,,,,,,,,,,,,,,,,,,,,,,,,,,,"-46,013,870,643",,,"39,511,725,067","16,903,874,099",,,,,,,,,"123,955,176,683",,,,,,,,,,,,,,,,,,,,,"76,196,565,384",,,-587,,"937,804,871,670",,-587,,,,"11,485,646,811","3,623,492,524",,"77,941,306,040","-17,384,295,484",,,"-13,883,878,478","-31,268,173,962","-13,883,878,478",,,"1,015,746,177,710",,,,,,
[066570],,,,,,,,,,,,,,,,,,,,,,,,,,,,"190,838,000,000",,,"398,238,000,000","178,510,000,000",,,,,,,,,"708,779,000,000",,,,,,,,,"1,579,000,000",,,,"206,889,000,000",,,,,,,,,"157,108,000,000","1,566",,,"5,894,710,000,000",,,,,,"109,538,000,000","61,813,000,000",,"1,789,844,000,000","80,570,000,000",,,"282,271,000,000","362,841,000,000",,,,"7,684,554,000,000",,,,,,
[108670],,,,,,,,,,,,,,,,,,,,,,,,,,,,"39,350,000,000",,,,,,,,,,,,,"128,554,000,000",,,,,,,,,,,,,"4,614,000,000",,,,,,,,,,,"2,841",-300,"460,769,000,000",,"2,854",-300,,,,,,"167,904,000,000","8,642,000,000",,,"25,375,000,000","37,019,000,000","28,377,000,000","-3,002,000,000",,"628,673,000,000",,,,,,
[051910],,,,,,,,,,,,,,,,,,,,,,,,,,,,"558,004,000,000",,,"155,310,000,000","161,037,000,000",,,,,,,,,"438,092,000,000",,,,,,,,,"6,662,000,000",,,,,,,,,,,,,,,,,"3,313,314,000,000",,,,,,"36,930,000,000","97,475,000,000",,"996,096,000,000","123,758,000,000",,,"489,064,000,000","612,822,000,000",,,,"4,309,410,000,000",,,,,,
[104200],,,,,,,,,,,,,,,,,,,,,,,,,,,,"-871,464,707",,,"2,731,046","7,025,375",,,,,,,,,,,,,,,,,,,,,,"17,529,609,828",,,,,,,,,,-35,,,,-35,,,,,"-16,951,988","172,498,823",,,"-117,141,783",,,"-490,665,095","-607,806,878","-490,665,095",,,"16,658,145,121",,,,,,"78,501,347"
[010060],,"233,861,000",,"3,506,139,000",,,"1,485,530,000",,"170,394,000",,,"1,114,706,000",,"8,490,843,000",,,,,,,,,,,,,,"55,053,380,000","5,266,479,000",,,,,"1,256,783,000",,,,"7,644,908,000",,,"32,298,410,000",,"408,630,000",,,,,"4,781,459,000",,"-1,081,000",,,,"279,114,853,000",,,,,,,,"2,376,084,000",,"-1,081",,,"524,915,150,000",,,,,,,,,"87,351,790,000","-180,339,460,000",,,"-25,780,029,000","-206,119,489,000","-25,780,029,000",,,"612,266,940,000",,,"1,522,153,000",,,
[017670],,,,,,,,,,,,,,,,,,,,,,,,,,,,,,,,,,,,,,,,,,,,,,,,,,,,,,"3,905,000,000",,,,,,,"3,091,988,000,000",,,,,,,,,,,,,,,,,,,,,,,,"3,091,988,000,000",,,,,,
[005610],,,,,,,,,,,,,,,,,,,,,,,,,,,,"8,328,173,017",,,"430,570,717","126,229,220",,,,,,,,,,,,,,,,,,,,,,"-52,260,736",,,,,,,,,"13,210,568,779",761,,,"196,214,527,298",,,,,,"351,815,814","35,105,363",,"64,808,986,921","1,890,844,896",,,"6,372,698,431","8,263,543,327",,,,"261,023,514,219",,,,,,
[009450],,,,,,,,,,,,,,,,,,,,,,,,,,,,"6,577,852,882",,,"1,471,780,821","977,013,666",,,,,,,,,"17,164,633,785",,,,,,,,,,,,,,,,,,,,,,,392,,,"70,139,853,501",392,,,,,"201,785,879","276,647,261",,"23,742,486,667","2,202,966,194",,,"4,944,515,225","7,147,481,419",,,,"93,882,340,168",,,,,,
[000050],"144,236,707",,,"11,804,178,524","9,938,752",,,"38,786,409,757","1,029,179,655","212,700",,"61,237,525","49,694,479","198,729,982","-572,608,899","712,201,046",,"86,280,876","9,023,487","1,565,923,964","223,000,770","-521,774,186","809,306,085",,"53,000","718,508,061","116,422,470","10,777,827,335",,,"944,381,084","404,007,369",,"52,160,060",,,"127,222,785","518,772,191","3,447,113","311,564,705","14,829,040,371",,"38,991,238","432,588,796","11,100,896",,,"13,891,765,087",,449,"961,327,994",,,,,,,,,,"28,698,435,660","2,568,710",,,,,"52,678,174,844",,,,,,"2,527,251,958","223,213,470",,"25,606,867,706","-3,288,306,866",,,"12,302,469,428","9,014,162,562",,,,"78,285,042,550",,,,,"49,586,606,890",
[013580],,,,,,,,,,,,,,,,,,,,,,,,,,,,"12,131,548,860",,,"272,348,204","4,853,603,539",,,,,,,,,"10,601,373,425",,,,,,,,,,,,,,,,,,,,,,,367,,,"322,097,418,566",,,,,,"3,621,354,125","312,423,667",,"22,732,922,285","991,784,337",,,"3,249,578,730","4,241,363,067",,,,"344,830,340,851",,,,,,
[004200],,,,,,,,,,,,,,,,,,,,,,,,,,,,"6,789,221,527",,"261,564,703","591,326,619","3,532,599,537",,,,,,,,,"8,808,956,382",,,,,,,"2,964,000,000",,,,,,,,,,,,,"2,287,039,718",,,57,,,"160,747,030,104",57,,,,,"2,426,296,612","535,113,341",,"15,598,177,909","729,590,072",,"457,267,140","1,227,175,266","1,956,765,338",,,,"176,345,208,013",,,,,,
[060480],,,,,,,,,,,,,,,,,,,,,,,,,,,,"243,920,650",,,"6,615,844","21,155",,,,,,,,,"398,391,286",,,,,,,,,,,,,,,,,,,,,,,13,,,"6,164,020,939",,,,,,"29,104,976","22,836,593",,"642,311,936","113,467,081",,,"130,779,875","244,246,956",,,,"6,806,332,875",,,,,,
[011780],,,,,,,,,,,,,,,,,,,,,,,,,,,,"49,518,666,922",,,"17,333,847,903","12,700,701,626",,,,,,,,,"35,786,836,763",,,,,,,,,,,,,,,,,,,,,,,"1,027",,,"709,793,548,444",,,,,,"25,225,956,210","11,456,732,675",,"85,305,503,685","11,705,636,369",,,"28,676,953,295","40,382,589,664",,,,"795,099,052,129",,,,,,
[000270],,,,,,,,,,,,,,,,,,,,,,,,,,,,"601,346,000,000",,,"30,702,000,000",,,,,,,,,,"1,297,738,000,000",,,,,,,,,,,"71,952,000,000",,,,"86,063,000,000",,,,,,"645,594,000,000",,"1,205",,,"6,448,501,000,000",,,,,,,"-3,864,000,000",,"1,899,084,000,000","145,083,000,000",,,"483,101,000,000","628,184,000,000",,,,"8,347,585,000,000",,,,,,
[089600],,,,,,,,,,,,,,,,,,,,,,,,,,,,"3,600,259,678",,,,,,,,,,,,,,,,,,,,,,336,,,,"-29,631,780",,,,,,,,,,,,,,,,,,,,"165,303,496",,,"-802,187,054",,,"2,766,900,886","3,569,087,940",,,,"15,516,753,567",,,,,,
[004270],,,,,,,,,,,,,,,,,,,,,,,,,,,,"1,262,866,706",,,"111,724,602","137,785,131",,,,,,,,,"1,480,852,998",,,,,,,,,,,,,,,,,,,,,,,13,,,"13,745,675,947",,,,,,"351,177,932","-224,915,984",,"2,743,719,704","-163,768,938",,,"287,441,072","123,672,134",,,,"16,489,395,651",,,,,,"-537,040,127"
[095660],,,,,,,,,,,,,,,,,,,,,,,,,,,,"7,626,643,116",,,"2,467,537,788","271,882,509",,,,,,,,,"12,193,313,190",,,,,,,,,,,,,,,,,,,,,,,371,,,"13,012,952,365",,,,,,"75,849,345","1,145,324,991",,"19,819,956,306","2,961,079,951",,,"7,930,694,090","10,891,774,041",,,,"32,832,908,671",,,,,,
[042420],,,,,,,,,,,,,,,,,,,,,,,,,,,,"-42,913,534",,,,,,,,,,,,,,,,,,,,,,,,,,"309,640,882",,,,,,,,,,240,,,,,,,,,,,,,"603,072,280",,,"2,157,273,184","2,760,345,464",,,,"156,229,801",,,"28,303,750","126,351,773","1,574,278",
[090350],,,,,,,,,,,,,,,,,,,,,,,,,,,,"8,701,461,810",,,"556,331,234","588,402,622",,,,,,,,,"21,177,297,714",,,,,,,,,835,,,,,,,,,,,,,,,,,"90,717,208,231",,,,,,"2,476,357,837","21,427,375,048",,"29,878,759,524","10,564,015,018",,,"17,056,392,615","27,620,407,633",,,,"120,595,967,755",,,,,,
[000320],,,,,,,,,,,,,,,,,,,,,,,,,,,,"40,144,282,496",,,"49,727,675","643,418,362",,,,,,,,,,,,,,,,,,,,,,"3,459",,,,,,,,,,,,,,,,,,,"1,792,442,472","206,460,108",,,"1,940,829,280",,,"36,436,448,000","37,964,609,445",,,,,,,,,,
[004370],,,,,,,,,,,,,,,,,,,,,,,,,,,,"4,930,939,549",,,"7,184,961,391","469,003,825",,,,,,,,,"120,043,318,897",,,,,,,,,,,,,"-38,349,504,240",,,,,,,,,,"1,877",,,"315,773,271,054","1,877",,,,,"977,828,361","3,573,745,339",,"124,974,258,446","3,391,045,094",,,"10,851,768,999","14,242,814,093",,,,"440,747,529,500",,,,,,
[054050],"170,985,299",,,,"18,927,986",,,,"167,242,854",0,"61,940,000","832,274,515","120,675,387","366,030,463",,,,"152,641,727","9,488,836","112,272,293","6,914,634",,,,"1,000","25,457,958",8,"948,844,511","2,894,426,651",,"474,735,960","523,708,469",,"193,074,004","5,612,405","7,028,319","6,281,000","2,385,387,472","25,429,579","260,930,709","8,966,164,879","67,161,355","145,064,271","19,289,180","136,041,347",,,"3,000,285,445",,,0,"265,672,030",,"46,710,311",,"296,636,275","227,623,128",,,,"4,633,957,556","475,820",,,68,68,"9,418,603,556",,,,,,"265,031,312","379,677,675",,"9,915,009,390",,,,"967,808,054",,,,,"19,333,612,946",,,,,,
[064260],,,,,,,,,,,,,,,,,,,,,,,,,,,,"3,381,059,374",,,"1,220,593,214","1,488,170,039",,,,,,,,,,,,,,,,,,,,,,,,,,,,,,,,25,,,"26,345,878,154",25,,,,,"577,955,287","333,506,549",,,"874,376,103",,,"933,788,149","1,808,164,252",,,,"29,726,937,528",,,,,,
[019680],,,,,,,,,,,,,,,,,,,,,,,,,,,,"12,224,140,036",,,"1,503,343,414","3,876,172,093",,,,,,,,,"23,605,148,156",,,,,,75,,74,,,,,,,,,,,,,,,,,,"155,295,081,347",,,,,,"3,044,595","431,269,913",,"35,829,288,192","2,641,696,111",,,"6,762,434,096","9,404,130,207",,,,"191,124,369,539",,,,,,"-875,406,468"
[006370],,,,,,,,,,,,,,,,,,,,,,,,,,,,"-2,588,658,098",,,"60,955,043","226,488,973",,,,,,,,,"23,268,701,296",,,,,,,,,,,,,,,,,,,,,,,-274,,,"12,968,436,717",-274,,,,,"140,047,512","377,243,782",,"20,680,043,198","-399,095,927",,,"-2,117,899,831","-2,516,995,758",,,,"33,648,479,915",,,,,,
[000210],,,,,,,,,,,,,,,,,,,,,,,,,,,,"118,725,388,861",,,"22,182,883,155","99,084,356,792",,,,,,,,,"121,691,975,059",,,,,,,,,356,,,,,,,,,,,,,,343,,,"1,970,127,825,167",343,,,,,"16,769,675,144","14,174,204,078",,"240,417,363,920","25,940,065,370",,,"13,288,378,788","39,228,444,158",,,,"2,210,545,189,087",,,,,,
[078140],,,,,,,,,,,,,,,,,,,,,,,,,,,,"2,500,960,083",,,"63,625,113","-35,571,452",,,,,,,,,"1,657,165,396",,,,,,,,,,,,,,,,,,,,,,,201,,,"13,218,508,856",201,,,,,"2,210,005","28,794,199",,"4,158,125,479","400,238,060",,,"2,226,502,782","2,626,740,842",,,,"17,376,634,335",,,,,,
[045390],,,,,,,,,,,,,,,,,,,,,,,,,,,,"438,496,133",,,"169,368,736","-2,568,019",,,,,,,,,"1,807,545,180",,,,,,,,,,,,,,,,,,,,,,,10,,,"12,223,275,568",10,,,,,"41,092","138,440,055",,"2,246,041,313","5,806,063",,,"743,025,788","748,831,851",,,,"14,469,316,881",,,,,,
[047040],,,,,,,,,,,,,,,,,,,,,,,,,,,,"112,382,311,185",,,"77,842,953,213","97,456,045,789",,,,,,,,,"117,430,867,949",,,,,,,,,,,,,,,,,,,,,,,146,,,"2,766,351,517,492",146,,,,,"22,595,589,503","4,795,921,947",,"229,813,179,134","14,903,351,157",,,"60,066,199,896","74,969,551,053",,,,"2,996,164,696,626",,,,,,
[042660],,,,,,,,,,,,,,,,,,,,,,,,,,,,"-285,923,687,873",,,"-16,085,147,944","156,202,269,560",,,,,,,,,"27,289,823,890",,,,,,,,,,,,,"-65,876",,,,,,,,,"178,149,033,018",,,,"3,179,177,736,022",,,,,,"94,666,163,112","-9,036,146,371",,"-65,447,818,184","844,859,186,991",,,"-1,404,464,656,565","-559,605,469,574",,,,"3,113,729,917,838",,,,,,
[000430],,,,,,,,,,,,,,,,,,,,,,,,,,,,"11,183,044,107",,,,,,,,,,,,,"9,686,313,468",,,,,,,,,,,,,"1,273,612,472",,,,,,,,,,129,,,"185,634,985,381",,,,,,,,,"20,869,357,575","1,882,416,044",,,"8,016,169,924","9,898,585,968",,,,"206,504,342,956",,,,,,
[005710],,,,,,,,,,,,,,,,,,,,,,,,,,,,"6,460,114,181",,,"6,464,481,997","1,205,621,626",,,,,,,,,"5,029,017,359",,,,,,,,,,,,,,,,,,,,,,,283,,,"143,620,749,228",283,,,,,,"424,896,664",,"11,489,131,540","6,482,512,674",,,"5,661,358,542","12,143,871,216",,,,"155,109,880,768",,,,,,
[100130],,,,,,"14,657,180,582",,"37,776,785,643",,,,,,,,,,,,,,,,,,,,"8,234,750,162",,"312,016,859",,,,,,,,,,,,,,,,,,,,,,,"4,784,840,976","9,487,429",,,,,"2,255,393,575",,"7,280,535",,,,,,"52,745,983,084",,,,,,,,,"13,019,591,138",,,"397,766,059","6,623,945,579","8,879,339,154",,,,"65,765,574,222","17,090,051,094",,,,"48,270,476,534",
[005160],,,,,,,,,,,,,,,,,,,,,,,,,,,,"7,918,379,387",,,,,,,,,,,,,,,,,,,,,,,,,,"120,316,486",,,,,,,,,,121,,,,116,,,,,,,,,"1,221,432,258",,,"5,738,029,092","6,959,461,350",,,,,,,,,,
[001230],,,,,,,,,,,,,,,,,,,,,,,,,,,,"99,023,067,000",,,,,,,,,,,,,"103,695,842,000",,,,,,,,,,,,,,,,,,,,,,,489,,,"963,002,837,000",489,,,,,,,,"202,718,909,000","1,799,147,000",,,"45,648,674,000","47,447,821,000",,,,"1,165,721,746,000",,,,,,
[000990],"92,098,720","2,614,022,548",,"2,435,590,145","47,533,627",,"116,093,385,296",,"197,463,621",,"500,000","500,070,343","149,148,759","285,070,532","482,451,383","999,763,836",,"185,251,905","27,675,414","10,218,051,037","507,943,154","-1,295,274,494","2,815,769,848",,"9,000","194,451,729","1,593,677,306","44,066,416,003","13,529,006,129",,"3,542,252,390","13,891,983,984",,"838,620,991","72,421,753","477,392,995","6,987,371","7,081,660,983","37,441,697","129,314,331","29,890,794,996","58,562,106","193,219,948",,"41,723,594","7,688,761,523",,,,545,0,0,,"777,075,000",,"1,674,120,387",0,,,,,"660,168,428",,546,,,"116,093,385,296",,,,,,"11,103,080,860","1,998,076,998",,"73,957,210,999","1,781,930,761",,"5,348,317,286","23,606,824,786","25,388,755,547","23,606,824,786",,,"190,050,596,295",,,"184,702,279,009",,,
[001520],,,,,,,,,,,,,,,,,,,,,,,,,,,,"5,361,220,445",,,"4,590,668,242","216,234,899",,,,,,,,,"6,641,491,236",,,,,,,,,43,,,,,,,,,,,,,,,,,"81,453,445,695",,,,,,"-518,605,502","3,087,934,855",,"12,002,711,681","2,947,746,845",,,"10,394,447,300","13,342,194,145",,,,"93,456,157,376",,,,,,
[084670],,,,,,,"26,576,290,530",,,,,,,,,,,,,,,,,,,,,"4,189,521,869",,"657,362,736","371,385,686","20,497,431",,,,,,,,,"3,020,505,170",,,,,,,,,,,,,,,,,,,,,,,"1,133",,,"27,233,653,266","1,133",,,,,"564,276,265","144,997,979",,"7,210,027,039","1,123,884,881",,"1,050,242,926","2,997,246,957","4,121,131,838","2,997,246,957",,,"34,443,680,305",,,"33,393,437,379",,,
[030790],,,,,,,,,,,,,,,,,,,,,,,,,,,,"-1,961,396,417",,,"1,009,398,904","-222,460",,,,,,,,,"3,494,530,945",,,,,,,,,,,,,,,,,,,,,,,-16,,,"20,589,548,177",-16,,,,,"245,225,148","205,617,584",,"1,533,134,528","-147,616,871",,,"-843,765,746","-991,382,617",,,,"22,122,682,705",,,,,,
[001530],,,,,,,,,,"81,077,590",,,,,,,,,,"1,134,854,072","238,111,436",,,,,,,"1,113,381,018",,,"347,605,893","1,000,609,415",,,,,,,,,"2,287,972,276",,,,,,,,,,"-996,938,419","-5,790,570",,,,,,,,,,,,,,,"69,419,490,706",136,,,,,"535,031,701","-371,675,700",,"3,401,353,294","672,694,015",,,"226,364,110","-446,329,905",,,,"72,820,844,000",,,,,,
[000150],,,,,,,,"309,980,629,440",,,,,,,,,,,,,,,,,,,,"154,014,433,335",,"41,237,372,669","309,406,369","2,644,746,929",,,,,,,,,,,,,,,"7,148","92,753,632,995","7,148",,,,,,,,,,,,,,,,"7,135",,"443,971,635,104",,"7,135",,,,"13,444,610,891","3,723,251,897",,,"1,512,178,957",,"60,262,623,531","140,445,554,824","141,957,733,781","140,445,554,824",,,"597,986,068,439",,"138,202,197,346",,,"399,521,247,562",
[011160],,,,,,,,,,,,,,,,,,,,,,,,,,,,"10,314,147,055",,,"15,617,804,580","7,144,684,593",,,,,,,,,"25,474,167,408",,,,,,,,,,,,,,,,,,,,,,,-473,-58,-415,"275,562,916,421",-473,-58,-415,,,"27,513,439,634","1,989,140,239",,"35,788,314,463","-3,369,662,484",,,"-27,523,894,369","-6,737,032,353","-3,367,369,869","-24,156,524,500",,"311,351,230,884",,,,,,
[241560],,,,,,,,,,,,,,,,,,,,,,,,,,,,,,,0,"33,000",,,,,,,,,"4,176,212,000",,,,,,,,,,,,,"726,038,000",,,,,,,,,,,-163,-163,0,,,,,,"193,723,000","1,308,274,000",,"3,989,658,000","201,926,000",,,,"927,964,000",,,,"3,989,658,000",,,,,,
[082740],,,,,,,,,,,,,,,,,,,,,,,,,,,,"2,530,252,628",,,"148,305,461","16,285,582,124",,,,,,,,,"8,802,953,728",,,,,,,,,,,,,"274,728,663,211",,,,,,,,,,"4,196",,,"198,120,696,104","4,196",,,,,"21,993,116,352","19,255,557,827",,"11,333,206,356","-33,240,197,986",,,"291,624,278,637","258,384,080,651","291,624,278,637",,,"209,453,902,460",,,,,,
[042670],,,,,,,,,,,,,,,,,,,,,,,,,,,,"20,360,293,240",,,"1,306,289,875","2,318,878,896",,,,,,,,,"89,078,047,162",,,,,,,,,,,,,,,,,,,,,,,,836,836,"485,621,765,173",,-91,-91,,,"42,028,834,735","-2,115,178,585",,"109,438,340,402","-11,959,352,431",,,"179,257,965,779","-24,796,309,101","-12,836,956,670","192,094,922,449",,"595,060,105,575",,,,,,
[034020],,,,,,,,,,,,,,,,,,,,,,,,,,,,"67,777,933,622",,,"23,440,175,678","32,087,248,148",,,,,,,,,"105,513,265,800",,,,,,,,,,,,,,,,,,,,,,,65,65,,"951,213,219,891",65,65,,,,"108,561,509,232","59,516,790,539",,"173,291,199,422","468,714,802",,,"9,617,427,657","10,086,142,459","9,617,427,657",,,"1,124,504,419,313",,,,,,
[003160],,,,,,,,,,,,,,,,,,,,"249,116,264","81,240,767",,,,,,,"-197,391,506",,,"32,768","25,227,599",,,,,,,,,"3,490,339,991",,,,,,,,,,,,,"518,230,378",,,,,,,,,,-10,,,"7,140,783,761",-10,,,,,"398,901,546","292,868,441",,"3,811,178,863","-47,308,931",,,"-281,310,511","-328,619,442",,,,"10,951,962,624",,,,,,
[066900],,,,,,,,,,,,,,,,,,,,,,,,,,,,"239,638,866",,,"275,450,247","25,279,184",,,,,,,,,"2,407,707,112",,,,,,,,,,,,,,,,,,,,,,,-48,,,"53,775,312,501",-48,,,,,"1,752,490,670","461,538,802",,"2,647,345,978","91,973,979",,,,"-801,141,939","-893,115,918",,,"56,422,658,479",,,,,,
[101000],,,,,,,,,,,,,,,,,,,,,,,,,,,,"3,795,587,035",,,"240,238,128","186,214,635",,,,,,,,,"3,883,816,626",,,,,,,,,,,,,,,,,,,,,,,188,,,"31,842,106,274",177,,,,,"332,866,073","61,175,063",,"7,679,403,661","1,165,430,227",,,"2,412,489,291","3,577,919,518",,,,"39,521,509,935",,,,,,
[171010],,,,,,,,,,,,,,,,,,,,,,,,,,,,"-847,174,099",,,"108,873,800","49,058,110",,,,,,,,,"635,392,822",,,,,,,,,,,,,,,,,,,,,,,-90,,,"6,564,367,614",,,,,,"370,549,159","70,688,919",,"-211,781,277","-59,788,263",,,"-1,027,430,386","-1,087,218,649",,,,"6,352,586,337",,,,,,
[131100],,,,,,,,,,,,,,,,,,,,,,,,,,,,"-1,011,215,196",,,"69,772,807","14,215,242",,,,,,,,,"1,305,599,354",,,,,,,,,,,,,"-509,821,236",,,,,,,,,,-180,,,"8,995,196,293",-180,,,,,"1,041,973,510","38,454,176",,"294,384,158",,,,"-2,361,720,308","-1,851,899,072","-1,851,899,072",,,"9,289,580,451",,,,,,
[267980],,,,,,,,,,,,,,,,,,,,,,,,,,,,,,,,,,,,,,,,,,,,,,,,,,,,,,,,,,,,,,,,,,,,,,,,,,,,,,,,,,,,,,,,,,,
[005990],,,,,,,,,,,,,,,,,,,,,,,,,,,,"-3,270,157,170",,,"651,804,808","811,986,363",,,,,,,,,,,,,,,,,,717,,,,"10,070,696,261",,,,,,,,,,532,,,"3,568,310,081",483,,,,,,"414,288,679",,,"275,512,481",,,"6,779,133,734","-3,016,050,046",,,,"298,152,911",,,,,,
[067280],,,,,,,,,,,,,,,,,,,,,,,,,,,,,,,,,,,,,,,,,,,,,,,,,,,,,"11,241,193,904","1,195,134,804",,,,,,,,,,594,,,"29,515,137,574",594,,,,,,,,"16,106,229,457",,,,"3,498,606,157",,,,,"45,621,367,031",,,,,,
[041920],,,,,,,,,,,,,,,,,,,,,,,,,,,,"2,583,783,006",,,"321,997,895","188,682,420",,,,,,,,,"2,490,093,478",,,,,,,,,,,,,,,,,,,,,,,274,,,"9,068,691,804",274,,,,,0,"20,914,435",,"5,073,876,484","389,074,516",,,"2,348,938,400","2,738,012,916",,,,"14,142,568,288",,,,,,
[015540],,,,,,,,,,,,,,,,,,,,,,,,,,,,"-590,950,546",,,,,,,,,,,,,"617,370,395",,,,,,,,,,,"606,888,353",,"1,333,762,190",,,,,,,,,,,-827,,"2,796,407,241",,,,,,,"-589,916,662",,"26,419,849",,,,"-2,493,057,898","-2,493,057,898","-2,493,057,898",0,,"2,822,827,090",,,,,,
[009680],,,,,,,,,,,,,,,,,,,,,,,,,,,,"214,482,435",,,"301,550,809","73,646,886",,,,,,,,,"3,179,167,283",,,,,,,,,,,,,,,,,,,,,,,76,,,"42,106,588,154",,,,,,"114,323,995","1,670,887,230",,"3,393,649,718","271,771,518",,,"1,727,178,075","1,998,949,593",,,,"45,500,237,872",,,,,,
[033920],,,,,,,,,,,,,,,,,,,,,,,,,,,,"14,813,933,723",,,"3,214,330,202","134,139,468",,,,,,,,,"18,564,578,944",,,,,,,,,,,,,"383,724,785",,,,,,,,,,,,,"32,372,524,351",,,,,,,,,"33,378,512,667","4,651,625,831",,,"13,626,223,411","18,277,849,242",,,,"65,751,037,018",,,,,,
[003000],,,,,,,,,,,,,,,,,,,,,,,,,,,,"6,032,492,188",,,"73,008,800","63,681,877",,,,,,,,,"11,713,591,115",,,,,,,,,,,,,,,,,,,,,,"3,273,316,620",123,,,"16,825,212,966",122,,,,,"3,628,422","188,682,992",,"21,019,399,923","1,132,619,359",,,"5,094,254,322","6,226,873,681",,,,"37,844,612,889",,,,,,
[015350],,,,,,,,,,,,,,,,,,,,,,,,,,,,"6,128,498,629",,,"1,580,019,058","908,025,012",,,,,,,,,"24,408,866,498",,,,,,,,,,,,,,,,,,,,,,,877,,,"130,112,270,544",,,,,,"36,073,815","514,829,247",,"30,537,365,127","2,112,406,664",,,"8,770,172,185","10,882,578,849",,,,"160,649,635,671",,,,,,"3,603,330,742"
[065450],,,,,,,,,,,,,,,,,,,,,,,,,,,,"-210,036,431",,,"-28,418,294",,,,,,,,,,"707,105,501",,,,,,,,,,,,,,,,,,,,,,,-8,,,"9,088,009,774",-8,,,,,"34,516,203","61,857,516",,"497,069,070","-12,679,879",,,"-198,433,533","-211,113,412",,,,"9,585,078,844",,,,,,0
[018260],,,,,,,,,,,,,,,,,,,,"133,358,429","4,316,513,680",,,,,,,"70,390,559,388",,,"8,139,704,098","24,338,994,855",,,,,,,,,"146,906,165,148",,,,,,,,,,"-6,085,629,005","-92,260,045",,,,,,,,,,,,608,,,"781,230,566,453",608,,,,,"1,878,722,014","9,467,002,801",,"217,296,724,536","14,717,120,946",,,"47,062,428,472","61,779,549,418","47,062,428,472",,,"998,527,290,989",,,,,,
[028050],,,,,,,,,,,,,,,,,,,,"1,726,497,057","902,601,853",,,,,,,"83,971,427,953",,,"303,801,648,213","310,472,698,826",,,,,,,,,"133,950,198,944",,,,,,,,,,"-4,719,285,181","-133,602,411",,,,,,,,,,,,409,,,"1,390,859,753,748",409,,,,,"702,932,848","6,798,112,347",,"217,921,626,897","3,175,251,945",,,"80,220,304,894","83,395,556,839",,,,"1,608,781,380,645",,,,,,
[005930],,,,,,,,,,,,,,,,,,,,,,,,,,,,"3,653,720,000,000",,,"165,190,000,000","353,952,000,000",,,,,,,,,"5,629,632,000,000",,,,,,,,,,,,,,,,,,,,,,,"19,274",,,"24,054,073,000,000","19,274",,,,,"776,433,000,000","826,759,000,000",,"9,283,352,000,000","769,888,000,000",,,"2,745,396,000,000","3,515,284,000,000","2,745,396,000,000",,,"33,337,425,000,000",,,,,,
[010140],,,,,,,,,,,,,,,,,,,,,,,,,,,,"-255,840,551,700",,,"429,434,864,812","347,703,774,983",,,,,,,,,"283,065,960,684",,,,,,,,,-699,,,,,,,,,,,,,,-699,,,"2,563,062,556,715",-699,,,,,"39,514,031,696","27,614,196,105",,"27,225,408,984","42,865,438,401",,,"-143,143,859,061","-186,009,297,462",,,,"2,590,287,965,699",,,,,,
[002170],,,,,,,,,,,,,,,,,,,,,,,,,,,,"6,780,876,069",,,"123,562,880","2,362,634",,,,,,,,,"1,571,909,969",,,,,,,,,,,,,,,,,,,,,,,"1,803",,,"39,442,111,581","1,803",,,,,"1,186,689,041","1,305,543,672",,"8,352,786,038","1,612,613,746",,,"5,408,317,200","7,020,930,946",,,,"47,794,897,619",,,,,,
[001880],,,,,,,,,,,,,,,,,,,,,,,,,,,,"26,767,956,408",,,"26,405,646,465","23,506,712,924",,,,,,,,,"7,388,772,444",,,,,,,,,,,,,"-446,452",,,,,,,,,,"1,288",,,"205,489,101,713",,,,,,"1,393,123,133","677,750,775",,"34,156,728,852","9,393,322,580",,,"19,558,641,463","28,951,964,043",,,,"239,645,830,565",,,,,,
[004450],,,,,,,,,,,,,,,,,,,,,,,,,,,,"3,874,375,004",,,"149,126,644","5,143,812",,,,,,,,,"2,442,277,971",,,,,,,,,,,,,,,,,,,,,,,"1,677",,,"19,675,170,684","1,676",,,,,"50,823,755","175,259,822",,"6,316,652,975","934,289,382",,,"3,118,750,483","4,053,039,865",,,,"25,991,823,659",,,,,,"-89,754,038"
[033790],,"599,611","1,620,589","40,750,113","3,237,200",,,"2,345,264,011","45,814,766","368,000","900,000","40,828,332","7,996,837","3,181,235","927,589",,0,0,"2,283,904","5,134,752","85,602,656",0,0,,"4,803,334","2,126,183",0,"-688,678,072","333,170,704","67,292,973","3,053,772","5,703,334",,"29,663,235","746,761","720,000","48,400","140,375,860","3,384,179","13,839,795","695,762,211","20,655","10,490,241","9,099,157","5,408,357",,,,,,-110,"1,293,273",,,,,,,,,,"362,000",,-46,,,"2,412,556,984",-46,,,,,"8,790,416","208,593,783",,"7,084,139","15,027,946",,"128,820,640","-506,552,213","-491,524,267",,,,"2,419,641,123",,,,,"2,290,820,483",
[003100],,,,,,,,,,,,,,,,,,,,,,,,,,,,"1,893,034,277",,,"127,166,018","57,801,764",,,,,,,,,"2,718,096,557",,,,,,,"65,216,929",,,,,,,,,,,,,"497,997,209",,,871,,,"14,678,623,474",871,,,,,"-3,046,773","114,209,258",,"4,611,130,834","-3,474,598,236",,,"5,554,252,798","2,079,654,562",,,,"19,289,754,308",,,,,,
[017510],,,,,,,,,,,,,,,,,,,,,,,,,,,,"2,795,786,957",,,"291,223,916","4,481,832",,,,,,,,,"291,972,259",,,,,,,,,,,,,,,,,,,,,,,167,,,"3,236,967,813",,,,,,"334,693","106,109,286",,"3,087,759,216","638,555,495",,,"2,549,748,139","3,188,303,634",,,,"6,324,727,029",,,,,,
[091090],,,,,,,,,,,,,,,,,,,,,,,,,,,,"1,384,787,730",,,"3,456,937,414","2,057,524,383",,,,,,,,,"3,888,643,801",,,,,,,,,,,,,"307,212,585",,,,,,,,,,8,,,"56,537,023,416",8,,,,,"1,888,351,373","14,397,709",,"5,580,644,116","240,190,721",,,"502,744,921","742,935,642",,,,"62,117,667,532",,,,,,"-167,311,455"
[021820],,,,,,,,,,,,,,,,,,,,,,,,,,,,"1,127,230,901",,,"4,305,469,937","128,443,415",,,,,,,,,"1,291,411,863",,,,,,,,,,,,,,,,,,,,,,,485,,,"11,802,956,899",,,,,,"421,980,190","1,145,813,602",,"2,418,642,764","1,182,656,213",,,"4,845,434,622","6,028,090,835",,,,"14,221,599,663",,,,,,
[036630],,,,,,,,,,,,,,,,,,,,,,,,,,,,"-352,492,454",,,"218,836,985","495,076,992",,,,,,,,,"46,879,680,145",,,,,,,,,,,,,"46,527,187,691",,,,,,,,,,-2,,,,-2,,,,,"201,653,636","150,970,585",,,"8,529,117","-16,472",,"-687,961,101","-679,431,984",,,,,,,,,,
[108860],,,,,,,,,,,,,,,,,,,,,,,,,,,,"-975,645,583",,,"24,285,077","12,130,161",,,,,,,,,"3,731,642,847",,,,,,,,,,,,,,,,,,,,,,,-60,,,,-60,,,,,"132,157,846","187,090,083",,"2,755,997,264","406,160,672",,,"-1,314,719,102","-908,558,430",,,,,,,,,,
[068270],,,,,,,,,,,,,,,,,,,,,,,,,,,,"75,231,884,679",,,"32,867,046,959","-1,682,356,297",,,,,,,,,"22,496,844,032",,,,,,,,,,,,,,,,,,,,,,,743,,,"62,198,534,493",739,,,,,"1,826,791,517","1,334,305,922",,"97,728,728,711","18,678,600,053",,,"90,610,202,287","109,288,802,340",,,,"159,927,263,204",,,,,,
[086980],,,,,,,,,,,,,,,,,,,,,,,,,,,,"128,314,792",,,"-1,374,152",,,,,,,,,,"2,063,825,452",,,,,,,,,,,,,13,,,,,,,,,,,,,"6,704,378,506",,,,,,,"288,074,970",,"2,192,140,244","-370,822,278",,,"785,837,888","415,015,610",,,,"8,896,518,750",,,,,,
[050960],,,,,,,,,,,,,,,,,,,,,,,,,,,,"1,734,440,621",,,"1,833,289",0,,,,,,,,,"2,470,516,107",,,,,,,,,,,,,"4,204,956,728",,,,,,,,,,371,,,,,,,,,"5,830,134","118,305,646",,,"-7,948,439",,,"1,856,697,861","1,848,749,422",,,,,,,,,,
[004970],,,,,,,,,,,,,,,,,,,,,,,,,,,,"2,781,231,572",,,,,,,,,,,,,"9,364,770,351",,,,,,,,,,,,,"-3,415,240,113",,,,,,,,,,490,,,"56,796,600,028",,,,,,,,,"12,146,001,923","1,979,576,929",,,"7,835,629,458","9,815,206,387",,,,"68,942,601,951",,,,,,
[065350],,,,,,,,,,,,,,,,,,,,,,,,,,,,"1,825,130,907",,,"1,331,322,101","1,208,011,178",,,,,,,,,"3,867,525,701",,,,,,,,,,,,,,,,,,,,,,,62,,,"32,810,314,201",,,,,,"696,414,863","193,692,920",,"5,692,656,608","237,964,580",,,"1,207,755,307","1,445,719,887","1,207,755,307",,,"38,502,970,809",,,,,,
[011930],,,,,,,,,,,,,,,,,,,,,,,,,,,,"3,147,009,818",,,"1,391,303,438","2,092,243,002",,,,,,,,,"1,500,363,892",,,,,,,,,,,,,0,,,,,,,,,"-540,565,279",28,,,"52,348,753,819",28,,,,,"2,341,932,681","323,091,282",,"4,496,506,587","46,293,508",,,"380,935,347","427,228,855",,,,"56,845,260,406",,,,,,
[004170],,,,,,,,,,,,,,,,,,,,,,,,,,,,"36,833,132,344",,,"3,244,359,523","3,312,559,669",,,,,,,,,"261,277,954,019",,,,,,,,,,,,,,,,,,,,,,,"2,553",,,"88,341,248,044","2,553",,,,,"8,239,592,680","3,673,474,944",,"298,111,086,363","7,082,210,903",,,"25,116,603,559","32,198,814,462",,,,"386,452,334,407",,,,,,
[031430],,,,,,,,,,,,,,,,,,,,,,,,,,,,"7,001,098,224",,,"1,732,477,418","4,409,498,210",,,,,,,,,"99,672,544,840",,,,,,,,,,,,,,,,,,,,,,,,60,,"103,732,505,659",,,,,,"3,518,847,405","3,070,329,336",,"106,673,643,064","3,445,748,655",,,"429,810,708","3,875,559,363",,,,"210,406,148,723",,,,,,
[056000],,,,,,,,,,,,,,,,,,,,,,,,,,,,"-346,457,726",,,"149,624,375","595,043,238",,,,,,,,,"1,127,180,758",,,,,,,,,,,,,,,,,,,,,,,,,,"2,331,810,574",-71,,,,,"131,864,621","99,928,170",,"780,723,032","635,748",,,"-824,448,788","-823,813,040",,,,"3,112,533,606",,,,,,
[108320],,,,,,,,,,,,,,,,,,,,,,,,,,,,"10,997,299,795",,,"721,148,365","1,260,912,658",,,,,,,,,"18,551,838,130",,,,,,,,,,,,,,,,,,,,,,,686,,,"121,323,772,389",686,,,,,0,"3,766,487,638",,"29,549,137,925","3,065,131,099",,,"11,158,892,041","14,224,023,140",,,,"150,872,910,314",,,,,,
[003410],,,,,,,,,,,,,,,,,,,,,,,,,,,,"52,869,591,928",,,"3,475,047,522","4,042,751,254",,,,,,,,,"23,154,351,121",,,,,,,,,458,,,,,,,,,,,,,,441,,,"279,602,911,751",441,,,,,"6,657,852,415","160,172,541",,"76,023,943,049","9,053,268,656",,,"36,750,939,666","45,804,208,322",,,,"355,626,854,800",,,,,,
[010280],,,,,,,,,,,,,,,,,,,,,,,,,,,,"1,183,455,964",,,"64,773,393","146,484,086",,,,,,,,,"5,219,039,643",,,,,,,,,27,,,,,,,,,,,,,,,,,"41,130,060,679",,,,,,"406,049,646","445,304,896",,"6,402,495,607","46,770,830",,,"1,094,229,691","1,141,000,521",,,,"47,532,556,286",,,,,,
[099190],,,,,,,,,,,,,,,,,,,,,,,,,,,,"7,376,453,902",,,,,,,,,,,,,"6,775,283,961",,,,,,,,,,,,,"494,422,227",,,,,,,,,,319,,,"16,894,253,700",318,,,,,,,,"14,151,737,863","2,041,951,990",,,"4,374,740,575","6,416,692,565",,,,"31,045,991,563",,,,,,
[032080],,,,,,,,,,,,,,,,,,,,,,,,,,,,"1,525,905,427",,,"94,098,199","-154,362,868",,,,,,,,,"1,017,860,845",,,,,,,,,,,,,,,,,,,,,,,65,,,"9,806,326,509",58,,,,,"91,891,877","340,657,350",,"2,543,766,272","774,395,938",,,"1,248,736,029","2,023,131,967",,,,"12,350,092,781",,,,,,
[065660],,,,,,,,,,,,,,,,,,,,,,,,,,,,"-445,029,495",,,"13,887,838","26,281,997",,,,,,,,,"854,120,616",,,,,,,,,,,,,,,,,,,,,,,-66,,,"342,565,253",-66,,,,,,"91,835,222",,"409,091,121",,,,"-365,588,432","-365,588,432",,,,"751,656,374",,,,,,
[011090],,,,,,,,,,,,,,,,,,,,,,,,,,,,"227,979,438",,,"297,756,500","102,375,500",,,,,,,,,"15,837,793,807",,,,,,,,,,,,,,,,,,,,,,,12,,,"74,399,984,533",,,,,,"151,043,756","446,095,985",,"16,065,773,245","74,415,823",,,"643,996,844","718,412,667",,,,"90,465,757,778",,,,,,
[031330],,,,,,,,,,,,,,,,,,,,,,,,,,,,"5,823,114,880",,,"2,410,600,479","2,454,393,241",,,,,,,,,"6,884,186,241",,,,,,,,,,,,,,,,,,,,,,,44,,,"247,524,950,359",44,,,,,"1,231,536,460","9,817,435",,"12,707,301,121","1,084,439,874",,,"3,473,163,219","4,557,603,093",,,,"260,232,251,480",,,,,,
[060540],,"1,173,382",,"21,086,855","5,010,179",,"751,976,829",,"8,141,139",,"1,000,000","24,421,996","41,450,995","1,853,860",,,,"544,454","18,288,635","33,351,422","39,915,197",,,,,"862,102","880,011","396,197,671","238,053,038",,"1,406,556","1,880,011",,"12,751,711","1,204,102","12,159,071",,"201,435,524","4,142,675","6,572,640","845,966,067","170,000","4,953,483","16,649,590","9,708,499",,,"77,354,252",,,"-198,229,202","34,039,928",,,,,,,,,"264,400,000","14,363,128",,19,,,"5,165,882,976",,,,,,"63,305,511","109,782,508",,"1,242,163,738","9,938,967",,,"432,262,246","442,201,213",,,,"6,408,046,714",,,"851,429,494",,,
[056190],,,,,,,,,,0,,,,,,,,,,0,"1,276,785,684",,,,,,,"20,629,867,814",,,"6,732,988,830","6,494,940,226",,,,,,,,,"12,677,980,979",,,,,,,,,474,"-104,579,266","-163,361",,,,,,,,,,,,,,,"137,255,077,578",,,,,,"-6,141,334","1,324,602,862",,"33,307,848,793","-5,649,827,879",,,"16,548,832,735","22,198,660,614",,,,"170,562,926,371",,,,,,
[005850],,,,,,,,,,,,,,,,,,,,,,,,,,,,"3,710,845,137",,,,,,,,,,,,,,,,,,,,,,,,,"-12,610,991,007","-1,154,082,483",,,,,,,,,,723,,,"124,251,975,206",,,,,,,,,"16,321,836,144","3,567,225,965",,,"24,490,152,891","28,057,378,856",,,,"140,573,811,350",,,,,,
[012750],,,,,,,,,,,,,,,,,,,,,,,,,,,,"52,821,985,208",,,"2,436,719,075","5,893,410,928",,,,,,,,,"86,082,007,777",,,,,,,,,,,,,,,,,,,,,,,"1,118",,,"311,716,864,936","1,118",,,,,"36,565,568","361,811,953",,"138,903,992,985","11,864,494,392",,,"37,826,045,348","49,690,539,740",,,,"450,620,857,921",,,,,,
[123700],,"1,145,317","68,599,778","283,915,380","14,885,209",,,,"44,177,875",,"3,000,000","90,249,509","36,790,823","120,461,176","74,605,866","194,963,136",,"199,968,750","31,010,290",,"23,532,655","-243,657,349","208,227,809",,"2,000","279,252,897","19,120,960","-1,194,437,129","773,055,566",,"3,491,869,415","-13,306,580",,"242,832,639","4,919,697","28,650,000","10,276,391","853,382,734","12,376,215","40,228,293","3,101,745,495","16,184,421","64,136,982",,"14,696,848",,,"6,007,551,064",,,"83,311,147","9,563,000",,,,"4,780,000",,,,,"7,257,207,274","16,427,109",,143,143,,"21,305,583,730",143,143,,,,"83,311,147","33,095,655",,"1,907,308,366","-32,125,248",,,"2,228,398,126","2,260,523,374",,,,"23,212,892,096",,,,,"15,955,684,822",
[025530],,,,"42,816,977","1,238,770",,,,"25,394,056",,,"18,123,913","1,000,000",,,"63,770",,,"-2,518,741","43,612,053","94,283,390","23,763,775",,,,"489,381","2,640,006","2,214,317,008",,,"15,137,094","101,246,803",,"25,808,523","103,100",,,"148,269,479","15,096,969","2,159,020","760,510,390",,"7,079,652",,"3,721,118",,,,,,,,,,,,"74,843,022",,,,,"11,733,692",,,159,,0,,159,,,,"43,612,053","94,283,390",,"2,974,827,398","22,612,589",,,"2,156,266,047","2,178,878,636",,,,"2,974,827,398",,,,,,
[069510],,,,,,,,,,,,,,,,,,,,,,,,,,,,"674,636,658",,,"5,612,404,630","2,599,227,836",,,,,,,,,"7,153,207,543",,,,,,,,,,,,,,,,,,,,,,,492,,,"38,307,846,358",,,,,,"-475,745,358","743,121,610",,"7,827,844,201","769,489,063",,,"4,137,191,357","4,906,680,420",,,,"46,135,690,559",,,,,,
[050760],,,,,,,,,,,,,,,,,,,,,,,,,,,,"1,680,487,528",,,"110,431,937","2,803,790",,,,,,,,,"2,657,504,499",,,,,,,,,,,,,"-263,614,291",,,,,,,,,,61,,,"24,316,403,510",61,,,,,"290,458,486","35,011,065",,"4,337,992,027","318,377,332",,,"950,676,631","1,269,053,963",,,,"28,654,395,537",,,,,,
[003800],,,,,,,,,,,,,,,,,,,,,,,,,,,,"9,800,915,055",,,"1,020,803,834","495,080,110",,,,,,,,,"17,591,004,490",,,,,,,,,,,,,,,,,,,,,,,"4,245",,,"21,930,793,047","4,245",,,,,"1,010,502,732","1,191,164,828",,"27,391,919,545","2,380,831,806",,,"8,126,469,069","10,507,300,875",,,,"49,322,712,592",,,,,,
[089530],,,,,,,,,,,,,,,,,,,,,,,,,,,,"-5,788,773,305",,,"2,079,633,869","3,301,279,961",,,,,,,,,"2,832,797,391",,,,,,,,,,,,,,,,,0,,,,,,-139,,,"19,384,559,513",-139,,,,,"1,108,286,119","94,799,340",,"-2,955,975,914",0,,,"-8,023,906,176","-8,023,906,176",,,,"16,428,583,599",,,,,,
[065160],,,,,,,,,,0,0,,,,"151,605,153","124,255,616",,0,,"380,260,391","305,431,955","1,994,193","26,666,717",,0,"21,010,931","7,695,332","-234,207,754",,,"492,271,435","36,356,242",0,,,,,,,,"532,510,733",,,,,,,,,,0,0,,,,0,0,,,,,,,4,,,"6,750,393,607",4,4,,,,"380,260,391","391,703,955",,"298,302,979",0,,,"233,151,003","233,151,003",,,,"7,048,696,586",,,,,,
[069410],,,,,,,,,,,,,,,,,,,,,,,,,,,,"18,626,191",,,"107,414,920","119,265,181",,,,,,,,,"3,192,500,232",,,,,,,,,,,,,,,,,,,,,,,7,,,"8,990,618,389",,,,,,,"58,967,192",,"3,211,126,423","16,590,762",,,"49,152,360","65,743,122",,,,"12,201,744,812",,,,,,
[111770],,,,,,,,,,,,,,,,,,,,,,,,,,,,"29,186,035,581",,,"6,364,086,828","7,581,804,308",,,,,,,,,"18,556,356,676",,,,,,,,,,,,,,,,,,,,,,,472,,,"296,063,062,276",,,,,,"1,358,837,601","1,604,213,998",,"47,742,392,257","7,280,672,265",,,"20,933,022,233","28,213,694,498",,,,"343,805,454,533",,,,,,
[009970],,,,,,,,,,,,,,,,,,,,,,,,,,,,"586,333,071",,,"2,608,609","1,771,577",,,,,,,,,,,,,,,,,,,,,,"531,023,413",,,,,,,,,,42,,,,,,,,,,"14,006,073",,,"114,289,921",,,"486,886,255","601,176,176",,,,,,,,,,
[036180],,,,,,,,,,,,,,,,,,,,,,,,,,,,"160,711,060",,,"681,170","11,412,960",,,,,,,,,"1,510,995,721",,,,,,,,,,,,,,,,,,,,,,,11,,,"5,067,644,480",11,,,,,"12,448,563","50,408,328",,"1,671,706,781",,,,"187,939,035","187,939,035",,,,"6,739,351,261",,,,,,
[036000],,,,,,,,,,,,,,,,,,,,,,,,,,,,"1,566,282,021",,,"12,722,345","23,964,397",,,,,,,,,"3,892,341,455",,,,,,,,,,,,,0,,,,,,,,,,13,,,"3,760,150,111",,,,,,"24,987,826","33,068,778",,"5,458,623,476","257,071,517",,,"309,434,864","566,506,381",,,,"9,218,773,587",,,,,,
[039830],,,,,,,,,,,,,,,,,,,,,,,,,,,,"1,771,539,900",,,"281,701,479","312,234,015",,,,,,,,,"4,352,501,265",,,,,,,,,,,,,,,,,,,,,,,104,,,"20,227,513,403",,,,,,"332,156,273","-118,611,399",,"6,124,041,165","-205,916,519",,,"1,084,323,173","1,290,239,692",,,,"26,351,554,568",,,,,,
[010470],,,,,,,,,,,,,,,,,,,,,,,,,,,,"1,982,456,547",,,"206,817","15,546,265",,,,,,,,,"8,555,330,504",,,,,,,,,,,,,,,,,,,,,,,386,,,"16,101,674,505",363,,,,,"221,209,567","3,030,034,108",,"10,537,787,051","550,100,244",,,"4,225,841,396","4,775,941,640",,,,"26,639,461,556",,,,,,
[048260],,,,,,,,,,,,,,,,,,,,,,,,,,,,"13,975,539,761",,,"206,072,043","161,682,469",,,,,,,,,"17,413,876,735",,,,,,,,,,,,,"-241,663,083",,,,,,,,,,749,,,"30,917,319,626",,,,,,"195,250,755","-254,859,665",,"31,389,416,496","2,756,486,018",,,"10,571,669,814","13,328,155,832",,,,"62,306,736,122",,,,,,
[037400],,,,,,,,,,,,,,,,,,,,,,,,,,,,"-289,039,721",,,"87,034,984","186,617,370",,,,,,,,,"1,933,028,224",,,,,,,,,,,,,,,,,,,,,,,-16,,,"7,292,124,207",,,,,,"91,536,746","1,971,824",,"1,643,988,503","87,562,462",,,"-370,453,044","-458,015,506",,,,"8,936,112,710",,,,,,"20,171,523"
[136540],,,,,,,,,,,,,,,,,,,,,,,,,,,,"1,996,792,247",,,"-21,564,273",,,,,,,,,,"5,045,106,525",,,,,,,,,,,,,,,,,,,,,,,235,,,"8,595,695,023",235,,,,,"141,283,440","972,644,679",,"7,041,898,772","226,754,752",,,"2,579,834,461","2,806,589,213",,,,"15,637,593,795",,,,,,
[011320],,,,,,,,,,,,,,,,,,,,,,,,,,,,"1,641,502,811",,,"1,015,865,696","217,470,134",,,,,,,,,"5,971,356,510",,,,,,,,,,,,,,,,,,,,,,,113,,,"54,337,935,172",,,,,,"294,245,157","53,864,515",,"7,612,859,321","205,001,494",,,"1,994,516,237","2,199,517,731",,,,"61,950,794,493",,,,,,
[056090],,,,,,,,,,,,,,,,,,,,,,,,,,,,"-988,111,667",,,"50,136,381","24,919,458",,,,,,,,,"1,940,555,754",,,,,,,,,,,,,,,,,,,,,,,-113,,,"1,168,842,931",-112,,,,,"90,097,635","169,919,570",,"952,444,087","-17,553,247",,,"-865,519,562","-883,072,809",,,,"2,121,287,018",,,,,,
[084370],,,,,,,,,,,,,,,,,,,,,,,,,,,,"12,001,748,885",,,"102,895,094","389,943,532",,,,,,,,,"6,851,487,440",,,,,,,,,,,,,,,,,,,,,,,432,,,"21,862,944,411",,,,,,,"546,363,709",,"18,853,236,325","2,615,142,955",,,"9,645,921,201","12,261,064,156",,,,"40,716,180,736",,,,,,
[025820],,,,,,,,,,,,,,,,,,,,,,,,,,,,"2,257,700,965",,,"474,465,427","46,854,680",,,,,,,,,"1,242,063,583",,,,,,,,,,,,,,,,,,,,,,,84,,,"43,575,682,426",,,,,,"1,702,027,986","558,650,566",,"3,499,764,548","-1,228,205,040",,,"2,801,505,392","1,573,300,352",,,,"47,075,446,974",,,,,,"31,366,060"
[060230],,,,,,,,,,,,,,,,,,,,,,,,,,,,"-41,583,270",,,,,,,,,,,,,"2,061,197,179",,,,,,,,,,,,,"526,269,812",,,,,,,,,,-273,,,"6,431,903,126",-273,,,,,,,,"2,019,613,909","2,240,553,948",,,"-4,872,536,149","-2,631,982,201",,,,"8,451,517,035",,,,,,
[139480],,,,,,,,,,,,,,,,,,,,,,,,,,,,"66,067,688,469",,,"2,901,888,514","5,988,894,549",,,,,,,,,"749,563,219,932",,,,,,,,,,,,,,,,,,,,,,,"1,146",,,"1,850,420,367,082","1,146",,,,,"32,894,927,016","12,018,561,471",,"815,630,908,401","10,177,920,718",,,"31,926,396,171","42,104,316,889",,,,"2,666,051,275,483",,,,,,
[134060],,,,,,,,,,,,,,,,,,,,,,,,,,,,"1,654,135",,,"45,151,144","7,449,077",,,,,,,,,"1,256,306,109",,,,,,,,,,,,,,,,,,,,,,,3,,,"559,700,077",3,,,,,,"12,591,000",,"1,257,960,244","37,535,909",,,"14,411,293","51,947,202",,,,"1,817,660,321",,,,,,
[000760],,,,,,,,,,,,,,,,,,,,,,,,,,,,"313,805,583",,,"153,853,563","136,115,455",,,,,,,,,"2,093,298,800",,,,,,,,,,,,,,,,,,,,,,,18,,,"12,638,830,217",,,,,,"308,786,109","26,273,968",,"2,407,104,383",,,,"49,031,550","49,031,550",,,,"15,045,934,600",,,,,,
[129260],,,,,,,,,,,,,,,,,,,,,,,,,,,,"3,496,002,213",,,"392,095,770","344,037,940",,,,,,,,,"4,026,833,023",,,,,,,,,,,,,,,,,,,,,,,81,,,"111,726,652,805",67,,,,,"1,618,986,188","1,012,843,917",,"7,522,835,236","649,447,739",,,"2,288,470,033","2,937,917,772","2,288,470,033",,,"119,249,488,041",,,,,,
[023810],,,,,,,,,,,,,,,,,,,,,,,,,,,,"936,360,835",,,"1,590,758,368","813,279,886",,,,,,,,,"1,090,686,434",,,,,,,,,,,,,,,,,,,,,,"3,684,513,880",156,,,"30,555,651,853",156,,,,,"66,479,261","71,897,765",,"5,711,561,149","157,059,540",,,"1,562,198,281","1,719,257,821",,,,"36,267,213,002",,,,,,
[007570],,,,,,,,,,,,,,,,,,,,,,,,,,,,"702,453,990",,,"486,392,349","154,745,745",,,,,,,,,"12,318,654,967",,,,,,,,,,,,,"2,427,333,471",,,,,,,,,,4,,,"25,250,197,039",4,,,,,"1,358,176,237","306,101,147",,"15,448,442,428","-87,227,198",,,"69,252,702","-17,974,496",,,,"40,698,639,467",,,,,,
[159580],,,,,,,,,,,,,,,,,,,,,,,,,,,,"-1,692,818,793",,,"182,890,174","277,986,787",,,,,,,,,"21,831,249,536",,,,,,,,,,,,,,,,,,,,,,,-118,,,"28,388,565,752",-118,,,,,"101,708,284","32,847,772",,"20,138,430,743","-408,387,721",,,"-1,448,388,197","-1,856,775,918",,,,"48,526,996,495",,,,,,
[054950],,,,,,,,,,,,,,,,,,,,,,,,,,,,"4,649,780,208",,,"284,186,528","537,599,202",,,,,,,,,"3,939,629,241",,,,,,,,,,,,,0,,,,,,,,,,698,,,"14,214,409,853",,,,,,"-184,675,787","120,175,201",,"9,026,734,735","444,611,149",,,"4,256,607,373","4,701,218,522",,,,"23,241,144,588",,,,,,
[000480],,,,,,,,,,,,,,,,,,,,,,,,,,,,"5,284,910,962",,,"627,248,927","1,611,831,633",,,,,,,,,"11,138,494,965",,,,,,,,,,,,,0,,,,,,,,,,"1,899",,,"95,705,989,248","1,899",,,,,"2,339,173,263","6,928,856,587",,"16,423,405,927","2,717,879,785",,,"6,172,131,795","8,890,011,580",,,,"112,129,395,175",,,,,,
[034940],,,,,,,,,,,,,,,,,,,,,,,,,,,,"258,277,562",,,"187,166,808","369,483,095",,,,,,,,,"6,385,337,460",,,,,,,,,,,,,,,,,,,,,,,1,,,"6,906,940,884",1,,,,,"128,993,214","96,678,655",,"6,643,615,022","6,304,674",,,"37,342,042","43,646,716",,,,"13,550,555,906",,,,,,
[185750],,,,,,,,,,,,,,,,,,,,,,,,,,,,"10,574,399,594",,,,,,,,,,,,,"56,703,694,978",,,,,,,,,,,,,777,"-485,351,403",,,,,,,,,,,,"119,874,686,430",,,,,,,,,"85,813,251,622","-2,931,331,981",,,"7,303,586,757","10,234,918,738",,,,"205,687,938,052",,,,,,
[063160],,,,,,,,,,,,,,,,,,,,,,,,,,,,"3,351,954,448",,,"141,098,713",25,,,,,,,,,"3,696,187,040",,,,,,,,,,,,,,,,,,,,,,,600,,,"20,621,626,250",,,,,,"-214,270,665","114,686,204",,"7,048,141,488","746,654,607",,,"3,075,355,398","3,822,010,005",,,,"27,669,767,738",,,,,,
[001630],,,,,,,,,,,,,,,,,,,,,,,,,,,,"1,535,908,895",,,,,,,,,,,,,,,,,,,,,,367,,,,,,,,,,,,,,,,,"1,287,912,163",,,,,,,,,,"246,830,379",,,"1,540,032,102","1,786,862,481",,,,"2,823,821,058",,,,,,
[044380],,,,,,,,,,,,,,,,,,,,,,,,,,,,"266,628,063",,,"7,040,621","562,724",,,,,,,,,"1,752,228,129",,,,,,,,,,,,,"25,439,739",,,,,,,,,,,,,"9,005,423,772",,,,,,"114,271,357","258,853,464",,"2,018,856,192",0,,,"392,248,328","392,248,328",,,,"11,024,279,964",,,,,,
[043610],,,,,,,,,,,,,,,,,,,,,,,,,,,,"520,113,306",,,"7,359,874","71,624,667",,,,,,,,,,,,,,,,,,,,,,"-26,382,710,568",,,,,,,,,,11,,,,11,,,,,"2,457,366","237,659,991",,,"219,442,893",,,"458,520,981","677,963,874",,,,"26,902,823,874",,,,,,"-13,087,264"
[035000],"1,408,364","177,550,835",,"66,890,536","18,312,521",,,,"136,831,181","59,369,600",,"308,350,026","55,155,712",,"801,500",,,919,,,"157,100,725",,,,,"27,983,235","3,164,011","-172,558,523",,,"28,785,654","3,164,011",,"162,188,464","33,710,000","85,403,700","17,070,636","1,960,945,739","6,021,300","9,506,718","3,758,701,253","23,073,838","67,679,955","70,555,175","24,573,480",,,,,,,,,"5,014,554,575",,,,,,,,"533,398,718",,5,,,"1,428,411,845",5,,,,,,"216,470,325",,"3,586,142,730","-7,241,423",,,"76,774,868","69,533,445",,,,,,,,,,
[002780],,,,,,,,,,,,,,,,,,,,,,,,,,,,"10,806,867,419",,,"2,100,664,227","16,488,134,778",,,,,,,,,"3,343,301,345",,,,,,,,,,,,,,,,,,,,,,,-24,,,"147,702,440,416",-24,,,,,"247,495,767","272,441,204",,"14,150,168,764",,,,"-3,555,657,695","-3,555,657,695",,,,"161,852,609,180",,,,,,
[030200],,,,,,,,,,,,,,,,,,,,,,,,,,,,"321,944,000,000",,,,,,,,,,,,,,,,,,,,,,,,,,"822,000,000","90,676,000,000",,,,,,,,,,,,,,,,,,,,,,"-28,339,000,000",,,"201,325,000,000",,,,,,,,,,,
[058860],,,,,,,,,,,,,,,,,,,,,,,,,,,,"2,097,064,552",,,"322,305,086","110,165,069",,,,,,,,,,,,,,,,,,,,,,,,,,,,,,,,59,,,"106,400,467,267",59,,,,,,"234,657,859",,,"526,050,110",,,"2,017,812,318","2,543,862,428",,,,"108,497,531,819",,,,,,
[053210],,,,,,,,,,,,,,,,,,,,,,,,,,,,"29,015,227,590",,,,,,,,,,,,,"132,384,098,827",,,,,,,,,,,,,"410,653,653",,,,,,,,,,464,,,,464,,,,,,,,"161,399,326,417","-7,047,869,496",,,"22,086,922,429","29,134,791,925",,,,,,,,,,
[024880],,,,,,,,,,,,,,,,,,,,,,,,,,,,"4,128,440,610",,,"865,250,596","1,071,215,592",,,,,,,,,"6,137,837,449",,,,,,,,,,,,,,,,,,,,,,,248,,,"60,899,543,344",248,,,,,"1,657,298,315","1,552,713,466",,"10,266,278,059","198,423,475",,,"3,619,467,290","3,817,890,765",,,,"71,165,821,403",,,,,,
[052400],,,,,,,,,,,,,,,,,,,,,,,,,,,,"489,376,181",,,"384,635,935","1,775,501,773",,,,,,,,,"6,424,464,025",,,,,,,,,,,,,,,,,,,,,,,6,,,"21,824,007,952",6,,,,,"-203,127,896","305,595,196",,"6,913,840,206","-481,445,137",,,"88,678,572","-392,766,565",,,,"28,737,848,158",,,,,,
[005420],,,,,,,,,,,,,,,,,,,,,,,,,,,,"-6,828,420,932",,,,,,,,,,,,,"7,591,363,782",,,,,,,,,,,,,"-1,985,713,380",,,,,,,,,,-950,-950,,"23,701,203,130",-950,-950,,,,"3,996,724,030","175,096,000",,"762,942,850",,,,"-12,635,762,342","-12,635,762,342","-12,635,762,342",,,"24,464,145,980",,,,,,
[066310],,,,,,,,,,,,,,,,,,,,,,,,,,,,"537,305,496",,,"279,869,327","67,509,880",,,,,,,,,"806,924,133",,,,,,,,,,,,,,,,,,,,,,,88,,,"4,720,496,415",,,,,,"-49,098,595","29,450,353",,"1,344,229,629","102,660,542",,,"725,553,349","828,213,891",,,,"6,064,726,044",,,,,,
[045520],,,,,,,,,,,,,,,,,,,,"115,580,692","38,818,848",,,,,,,"802,835,977",,,"32,678,795","10,503",,,,,,,,,"2,331,297,303",,,,,,,,,,"-61,132,418","26,915,000",,,,,,,,,,,,159,,,"10,522,771,714",159,,,,,"78,893,315","429,280,358",,"3,134,133,280","189,877,417",,,"996,013,895","1,185,891,312",,,,"13,656,904,994",,,,,,
[219130],,,,,,,,,,,,,,,,,,,,,,,,,,,,"426,154,936",,,"6,650,518","16,535,331",,,,,,,,,"607,359,930",,,,,,,,,,,,,,,,,,,,,,,61,,,"5,742,343,064",61,,,,,"-15,487,122","65,887,621",,"1,033,514,866","109,935,472",,,"387,709,394","497,644,866",,,,"6,775,857,930",,,,,,
[009410],,,,,,,,,,,,,,,,,,,,,,,,,,,,"9,177,806,031",,,"2,246,354,791","4,994,162,976",,,,,,,,,"18,404,075,530",,,,,,,,,,,,,,,,,,,,,,,19,,,"198,379,362,631",19,,,,,"3,839,228,424","1,248,799,388","4,774,966,865","27,581,881,561","7,315,299,698",,,"1,299,235,977","8,614,535,675",,,,"225,961,244,192",,,,,,
[066700],,,,,,,,,,,,,,,,,,,,,,,,,,,,"588,565,815",,,"560,954,028","27,953,270",,,,,,,,,"5,032,334,020",,,,,,,,,,,,,,,,,,,,,,,30,,,"7,146,486,728",30,,,,,"194,812,223","42,281,514",,"5,620,899,835","143,459,181",,,"825,576,683","969,035,864",,,,"12,767,386,563",,,,,,
[131290],,,,,,,,,,,,,,,,,,,,,,,,,,,,"-1,491,646,632",,,"40,289,359","10,360,605",,,,,,,,,"3,501,981,972",,,,,,,,,,,,,,,,,,,,,,,-51,,,"12,782,729,949",-51,,,,,"308,902,464","575,056,217",,"2,010,335,340","-677,270,388",,,"-518,293,737","-1,195,564,125",,,,"14,793,065,289",,,,,,
[062860],,,,,,,,,,,,,,,,,,,,,,,,,,,,"-999,094,282",,,"192,461,218","474,480,420",,,,,,,,,"5,229,990,754",,,,,,,,,,,,,,,,,,,,,,,-142,,,"13,332,868,871",-142,,,,,,"104,060,843",,"4,230,896,472","159,676,869",,,"-1,336,729,510","-1,177,052,641",,,,"17,563,765,343",,,,,,
[106240],,,,,,,,,,,,,,,,,,,,,,,,,,,,,,,,,,,,,,,,,,,,,,,,,,,,,,"-839,923,283",,,,,,,,,,-21,,,,-21,,,,,,,,,"117,510,415",,,"-722,412,868",,,,,,,,,,,
[091700],,,,,,,,,,,,,,,,,,,,,,,,,,,,"5,589,041,216",,,"8,178,197,462","3,266,608,551",,,,,,,,,"4,432,744,836",,,,,,,,,,,,,"6,947,647,525",,,,,,,,,,146,,,"174,572,296,132",,,,,,"194,068,781","30,679,694",,"16,969,433,577","2,665,875,706",,,"7,671,365,334","10,337,241,040",,,,"191,541,729,709",,,,,,
[043090],,,,,,,,,,,,,,,,,,,,,,,,,,,,"-420,341,449",,,,,,,,,,,,,"1,269,039,172",,,,,,,,,,,,,"229,947,665",,,,"-440,725,281",,,,,,,-19,0,"3,549,516,359",,-19,0,,,,"263,821,605",,"848,697,723",,,,"-440,725,281","-440,725,281",,,,"4,398,214,082",,,,,,
[016800],,,,,,,,,,,,,,,,,,,,,,,,,,,,"4,547,298,146",,,"1,323,305,869","10,371,226",,,,,,,,,"9,166,997,666",,,,,,,,,,,,,,,,,,,,,,,561,,,"40,417,027,885",,,,,,"63,055,964","769,023,426",,"13,714,295,812","1,320,211,778",,,"5,340,646,199","6,660,857,977",,,,"54,131,323,697",,,,,,
[043370],,,,,,,,"153,793,971,454",,,,,,,,,,,,,,,,,,,,"1,693,992,015",,,"5,064,475,948","323,610,950",,,,,,,,,"11,416,564,844",,,,,,,,,,,,,,,,,,,,,,,245,,,"153,793,971,454",,,,,,"1,011,691,370","1,379,532,812",,"13,110,556,859","1,648,867,791",,,"5,153,830,664","6,802,698,455",,,,"166,904,528,313",,,,,"166,904,528,313",
[075130],,,,,,,,,,,,,,,,,,,,,,,,,,,,"189,854,020",,,,,,,,,,,,,,,,,,,,,,,,,,"17,398,102",,,,,,,,,,94,,,,94,,,,,,"747,485,650",,,"160,657,731",,,"772,230,619","932,888,350",,,,"3,762,558,330",,,,,,
[032580],,,,,,,,,,,,,,,,,,,,,,,,,,,,"-10,840,122",,,"126,133,223","27,762,852",,,,,,,,,"2,441,360,199",,,,,,,,,,,,,0,,,,,,,,,,0,,,"13,602,543,962",0,,,,,"88,013,148","11,676,684",,"2,430,520,077","2,570,272",,,"8,623,513","11,193,785",,,,"16,033,064,039",,,,,,
[013030],,,,,,,,,,,,,,,,,,,,,,,,,,,,"9,584,541,604",,,"265,613,984","67,890,914",,,,,,,,,"3,746,521,092",,,,,,,,,,,,,,,,,,,,,,,549,,,"29,682,688,969",,,,,,"49,461,788","516,881,383",,"13,331,062,696","2,780,648,077",,,"7,469,036,192","10,249,684,269","7,469,036,192",,,"43,013,751,665",,,,,,
[002960],,,,,,,,,,,,,,,,,,,,,,,,,,,,"9,592,738,572",,,"672,205,249","681,232,098",,,,,,,,,"10,609,518,242",,,,,,,,,,,,,,,,,,,,,,,"5,771",,,"36,016,674,083","5,771",,,,,,"162,279,152",,"20,202,256,814","2,243,598,669",,,"7,502,392,206","9,745,990,875",,,,"56,218,930,897",,,,,,
[017890],,,,"468,276,485","14,738,574",,"810,338,541","36,981,699,181","215,838,775","441,319,950","4,890,000","120,196,631","18,925,829","931,366,393",,,,"480,711","701,195","41,093,466","78,354,572",,,,"160,000","4,018,648",23,"5,384,330,050","5,728,300",,"14,872,501,946","18,904,368",,"69,226,638","2,824,500",,"148,677,700","700,697,131","34,550,622","310,036,565","3,273,614,257","5,671,853","22,271,217","10,549,447","12,244,631",,,,,,"13,870,377","11,688,904",,,,"6,000,000","-40,000,000",,,,,"3,724,400",,693,,,"37,792,037,722",693,,,,,"-124,808,452","350,726,235",,"8,657,944,307","6,441,199,149",,,"14,272,263,166","20,713,462,315","14,272,263,166",,,"46,449,982,029",,,"1,859,822,221",,"44,590,159,808",
[023350],,,,,,,,,,,,,,,,,,,,,,,,,,,,"2,490,200,153",,,"342,592,268","124,317,876",,,,,,,,,"4,254,943,044",,,,,,,,,,,,,,,,,,,,,,,168,,,"46,043,337,064",168,,,,,"396,945,947","116,569,464",,"6,745,143,197","587,439,279",,,"1,840,658,783","2,428,098,062",,,,"52,788,480,261",,,,,,
[104700],,,,,,,,,,,,,,,,,,,,,,,,,,,,"26,545,791,391",,,"1,365,545,879","201,012,544",,,,,,,,,"10,041,911,528",,,,,,,,,,,,,,,,,,,,,,,"2,419",,,"141,578,361,446",,,,,,"157,086","1,232,281,793",,"36,587,702,919","6,685,125,306",,,"22,266,841,617","28,951,966,923",,,,"178,166,064,365",,,,,,"9,517,490"
[007280],,,,,,,,,,,,,,,,,,,,,,,,,,,,"4,370,178,809",,,"79,503,551","9,638,499",,,,,,,,,"5,399,820,429",,,,,,,,,,,,,,,,,,,,,,,175,,,"59,888,873,978",,,,,,"3,460,710,728","54,695,036",,"9,769,999,238","-693,947,727",,,"1,746,460,152","1,052,512,425",,,,"69,658,873,216",,,,,,"18,484,256"
[002390],,,,,,,,,,,,,,,,,,,,,,,,,,,,"1,038,748,388",,,"1,145,402,176","1,244,866,255",,,,,,,,,"31,290,215,396",,,,,,,,,,,,,,,,,,,,,,,12,,,"69,333,446,186",12,,,,,"694,588,270","15,644,834",,"32,328,963,784","105,333,975",,,"155,006,898","260,340,873",,,,"101,662,409,970",,,,,,
[099660],,,,,,,,,,,,,,,,,,,,,,,,,,,,"2,959,379,661",,,"492,763,960","404,116,068",,,,,,,,,"3,881,222,168",,,,,,,,,,,,,,,,,,,,,,,17,,,"25,030,497,011",,,,,,"2,078,117,518","172,235,044",,"6,840,601,829","288,366,840",,,"853,778,239","1,142,145,079",,,,"31,871,098,840",,,,,,
[018880],,,,,,,,,,,,,,,,,,,,,,,,,,,,"-4,075,127,296",,,,,,,,,,,,,"41,439,010,530",,,,,,,,,,,,,"21,230,810,080",,,,,,,,,,46,,,"551,676,717,834",,,,,,,,,"37,363,883,234","1,468,657,889",,,"24,655,621,851","26,124,279,740",,,,"589,040,601,068",,,,,,
[024740],,,,,,,,,,,,,,,,,,,,,,,,,,,,"527,009,666",,,"1,191,292,505","356,841,202",,,,,,,,,"2,159,754,003",,,,,,,,,,,,,,,,,,,,,,,35,,,"26,194,372,008",33,,,,,"667,718,831","23,668,963",,"2,686,763,669","209,489,977",,,"507,921,124","717,411,101",,,,"28,881,135,677",,,,,,
[003300],,,,,,,,,,,,,,,,,,,,,,,,,,,,"28,472,489,174",,,"1,240,629,187","275,247,148",,,,,,,,,"35,253,026,952",,,,,,,,,,,,,,,,,,,,,"10,105,276,701",,"3,240",,,"224,405,013,405",,,,,,"1,698,845,714","1,915,782,088",,"63,725,516,126","7,180,853,019",,,"22,473,954,568","29,654,807,587",,,,"288,130,529,531",,,,,,
[130660],,,,,,,,,,,,,,,,,,,,,,,,,,,,"10,447,813,873",,,"217,419,384","160,829,500",,,,,,,,,"4,776,659,268",,,,,,,,,,,,,266,,,,,,,,,,,,,"65,602,354,326",,,,,,"88,458,078","790,654,275",,"15,224,473,141","2,538,326,752",,,"8,668,273,202","11,206,599,954",,,,"80,826,827,467",,,,,,
[097230],,,,,,,,,,,,,,,,,,,,,,,,,,,,"82,783,000,000",,,,,,,,,,,,,"22,071,000,000",,,,,,,,,,,,,"-4,788,000,000",,,,,,,,,,795,,,"494,102,000,000",795,,,,,,"56,858,000,000",,"104,854,000,000","28,877,000,000",,,"81,309,000,000","110,186,000,000",,,,"598,956,000,000",,,,,,
[003480],,,,,,,,,,,,,,,,,,,,,,,,,,,,"583,000,000",,,"279,000,000",,,,,,,,,,,,,,,,,,,,,,,"1,332,000,000",,,,,,,,,,-33,,,,-33,,,,,"1,017,000,000","63,000,000",,,"773,000,000",,,"-865,000,000","-92,000,000",,,,,,,,,,
[008800],,,,,,,,,,,,,,,,,,,,,,,,,,,,"-238,260,734",,,"110,243,210","14,543,365",,,,,,,,,"1,267,411,573",,,,,,,,,,,,,0,,,,,,,,,,-7,,,"7,093,156,492",-7,,,,,"343,362,264","51,614,529",,"1,029,150,839","37,602,433",,,"-471,911,057","-434,308,624","-471,911,057",,,"8,122,307,331",,,,,,
[089470],,,,,,,"4,504,514,214","151,406,829,504",,,,,,,,,,,,,,,,,,,,"11,657,900,093",,,"1,865,036,676","4,051,976",,,,,,,,,"8,929,083,839",,,,,,,,,,,,,,,,,,,,,,,303,,,"155,911,343,718",303,,,,,"2,352,720,655","1,502,010,548",,"20,586,983,932","3,014,312,510",,,"9,653,862,176","12,668,174,686",,,,"176,498,327,650",,,"4,833,659,932",,"171,664,667,718",
[086280],,,,,,,,,,,,,,,,,,,,,,,,,,,,"135,232,183,044",,,"45,226,514,261","76,050,985,975",,,,,,,,,"83,551,630,014",,,,,,,,,"1,854",,,,,,,,,,,,,,,,,"2,808,153,262,348",,,,,,"14,315,060,019","11,470,181,025",,"218,783,813,058","32,025,069,490",,,"69,537,762,846","101,562,832,336",,,,"3,026,937,075,406",,,,,,
[012330],,,,,,,,,,,,,,,,,,,,,,,,,,,,"492,639,000,000",,,,,,,,,,,,,"395,565,000,000",,,,,,,,,,,,,,,,,,"129,165,000,000",,,,,"5,546",,,"4,164,109,000,000",,,,,,,,,"888,204,000,000",,,,"525,022,000,000","654,187,000,000",,,,"5,052,313,000,000",,,,,,
[069960],,,,,,,,,,,,,,,,,,,,,,,,,,,,"54,343,702,000",,,"5,896,124,000","1,815,766,000",,,,,,,,,"229,886,193,000",,,,,,,,,,,,,,,,,,,,,,,"1,947",,,"56,418,058,000","1,947",,,,,"2,888,777,000","1,957,117,000",,"284,229,895,000","13,115,504,000",,,"44,376,896,000","57,492,400,000",,,,"340,647,953,000",,,,,,
[012630],,,,,,"434,498,873,692",,"239,569,817,585",,,,,,,,,,,,,,,,,,,,"130,234,677,574",,"30,305,535,663","8,215,430,894","7,127,676,808",,,,,,,,,"59,938,846,957",,,,,,,,,,,,,,,,,,,,,,,"1,372",,,"704,374,226,940","1,372",,,,,"4,786,968,142","8,002,641,241",,"190,173,524,531","33,598,053,410",,"31,329,042,498","100,940,051,349","134,538,104,759",,,,"894,547,751,471","520,697,630,960",,,,"342,521,078,013",
[005380],,,,,,,,,,,,,,,,,,,,,,,,,,,,"1,102,940,000,000",,,"211,587,000,000","109,929,000,000",,,,,,,,,"1,878,942,000,000",,,,,,"5,118",,"5,118",,,,,"1,372,965,000,000",,,,,,,,,,,,,"8,560,246,000,000",,,,,,"68,367,000,000","571,770,000,000",,"2,981,882,000,000","335,036,000,000",,,,"1,708,001,000,000",,,,"11,542,128,000,000",,,,,,
[011760],,,,,,,,,,,,,,,,,,,,,,,,,,,,"2,033,187,655",,,"23,101,484,000","21,462,680,920",,,,,,,,,"15,260,705,835",,,,,,,,,,,,,,,,,,,,,,,494,,,"632,686,897,224",,,,,,"9,648,972,748","9,447,162,511",,"17,293,893,490","3,251,140,916",,,"6,534,484,909","9,785,625,825",,,,"649,980,790,714",,,,,,"6,315,445,327"
[227840],,,,,,,,,,,,,,,,,,,,,,,,,,,,"2,881,158,311",,,"232,291,117","165,203,705",,,,,,,,,"3,161,698,525",,,,,,,,,,,,,0,,,,,,,,,,353,,,"36,006,562,809",,,,,,"11,407,680","271,480,558",,"6,042,856,836","1,243,226,983",,,"3,212,626,422","4,455,853,405",,,,"42,049,419,645",,,,,,"1,247,534,804"
[008770],,,,,,,,,,,,,,,,,,,,,,,,,,,,"30,360,278,941",,,,,,,,,,,,,,,,,,,,,,,,,,"-6,666,482,338",,,,,"-6,286,862,299",,,,,459,,,,474,,,,"40,876,987,259",,,,,,,,"17,406,934,304","23,693,796,603",,,"477,397,396,010","821,292,094,766",,,,,,
[064240],,,,,,,,,,,,,,,,,,,,,,,,,,,,"7,231,687,857",,,"176,868,929","129,700,498",,,,,,,,,"4,689,704,737",,,,,,,,,,,,,"50,000",,,,,,,,,,226,,,"26,770,824,425",226,,,,,"180,168,984","753,367,723",,"11,921,392,594","874,355,112",,,"6,977,749,915","7,852,105,027",,,,"38,692,217,019",,,,,,
[006060],,,,,,,,,,,,,,,,,,,,,,,,,,,,"6,645,002,150",,,,,,,,,,,,,"4,213,120,481",,,,,,,,,,,,,"11,101,602,153",,,,,,,,,,276,,,"213,019,675,925",,,,,,,,,"10,858,122,631","2,788,721,804",,,"15,148,500,040","17,937,221,844",,,,"223,877,798,556",,,,,,
[010660],,,,,,,,,,,,,,,,,,,,,,,,,,,,"985,133,161",,,"244,389,304","86,535,605",,,,,,,,,"5,074,653,227",,,,,,,,,,,,,,,,,,,,,,,531,,,"48,094,300,159",,,,,,"46,017,603","242,260,338",,"6,059,786,388","288,758,611",,,"1,050,470,984","1,339,229,595",,,,"54,154,086,547",,,,,,
[050090],,,,,,,,,,,,,,,,,,,,,,,,,,,,"977,028,984",,,"220,001,579","153,719,296",,,,,,,,,"860,931,317",,,,,,,,,,,,,"200,011,106",,,,,,,,,,,7,,"9,412,270,858",,7,,,,"454,369,138","99,762",,"1,837,960,301",0,,,"389,030,785","389,030,785","389,030,785",,,"11,250,231,159",,,,,,
