,dart_AdvertisingExpenses,dart_AmortisationExpense,dart_BadDebtExpenses,dart_Commissions,dart_CommunicationExpenses,dart_CostOfSalesFromConstructionContracts,dart_CostOfSalesFromRenderingOfServices,dart_CostOfSalesFromSaleOfGoods,dart_DepreciationExpense,dart_DividendIncome,dart_Donations,dart_EmployeeBenefits,dart_EntertainmentExpenses,dart_FreightExpenses,dart_GainOnForeignExchangeTranslations,dart_GainsForeignCurrencyTransactions,dart_GainsOnDisposalsOfPropertyPlantAndEquipment,dart_InsurancePremiums,dart_InterestExpenseFinanceExpense,dart_InterestIncomeFinanceIncome,dart_LossOnForeignExchangeTranslations,dart_LossesForeignCurrencyTransactions,dart_LossesOnDisposalsOfInvestments,dart_LossesOnDisposalsOfPropertyPlantAndEquipment,dart_MiscellaneousIncome,dart_MiscellaneousLosses,dart_OperatingIncomeLoss,dart_OrdinaryDevelopmentExpense,dart_OtherCostOfSales,dart_OtherGains,dart_OtherLosses,dart_OtherReversalsOfProvisions,dart_ProvisionForSeveranceIndemnities,dart_PublicationExpenses,dart_RentalExpenses,dart_RepairExpenses,dart_SalariesWages,dart_SupplyExpenses,dart_TaxesDues,dart_TotalSellingGeneralAdministrativeExpenses,dart_TrainingExpenses,dart_TravelExpenses,dart_UtilityExpenses,dart_VehicleMaintenanceExpenses,dart_WritedownsOfInventories,dart_WritedownsOfPropertyPlantAndEquipment,entity_BasicEarningsLossPerShare,entity_CostOfSales,entity_DilutedEarningsLossPerShare,entity_EarningsPerShareAbstract,entity_FinanceCosts,entity_FinanceIncome,entity_GrossProfit,entity_IncomeStatementAbstract,entity_OperatingIncomeLoss,entity_OtherGains,entity_OtherIncomeExpenseFromSubsidiariesJointlyControlledEntitiesAndAssociates,entity_OtherLosses,entity_ProfitLoss,entity_ProfitLossBeforeTax,entity_ProfitLossFromDiscontinuedOperations,entity_Revenue,entity_TotalSellingGeneralAdministrativeExpenses,ifrs_AdministrativeExpense,ifrs_BasicEarningsLossPerShare,ifrs_BasicEarningsLossPerShareFromContinuingOperations,ifrs_BasicEarningsLossPerShareFromDiscontinuedOperations,ifrs_CostOfSales,ifrs_DepreciationAndAmortisationExpense,ifrs_DilutedEarningsLossPerShare,ifrs_DilutedEarningsLossPerShareFromContinuingOperations,ifrs_DilutedEarningsLossPerShareFromDiscontinuedOperations,ifrs_DistributionCosts,ifrs_EarningsPerShareAbstract,ifrs_EmployeeBenefitsExpense,ifrs_FinanceCosts,ifrs_FinanceIncome,ifrs_GainsArisingFromDerecognitionOfFinancialAssetsMeasuredAtAmortisedCost,ifrs_GrossProfit,ifrs_IncomeTaxExpenseContinuingOperations,ifrs_OtherIncomeExpenseFromSubsidiariesJointlyControlledEntitiesAndAssociates,ifrs_OtherRevenue,ifrs_ProfitLoss,ifrs_ProfitLossBeforeTax,ifrs_ProfitLossFromContinuingOperations,ifrs_ProfitLossFromDiscontinuedOperations,ifrs_RawMaterialsAndConsumablesUsed,ifrs_Revenue,ifrs_RevenueFromConstructionContracts,ifrs_RevenueFromDividends,ifrs_RevenueFromRenderingOfServices,ifrs_RevenueFromRoyalties,ifrs_RevenueFromSaleOfGoods,ifrs_ShareOfProfitLossOfAssociatesAndJointVenturesAccountedForUsingEquityMethod
[001040],,,,,,,,,,,,,,,,,,,"2,406,689,000","917,312,000",,,,,,,"9,896,249,000",,,,,,,,,,,,,,,,,,,,,,,"286,000",,,,"-32,352,000",,,,,,,,"2,059,363,000",,,237,,,,,236,,,,,,"2,407,680,000","933,357,000",,,"1,536,240,000",,,"6,853,334,000","8,389,574,000",,,,"20,411,004,000",,,,"18,351,641,000",,
[000120],,,,,,,,,,,,,,,,,,,,,,,,,,,"28,245,909,492",,,"1,498,205,361","23,046,879,558",,,,,,,,,"68,821,597,976",,,,,,,,,,,,,,,,,,,,,,,,,,,,"985,371,981,489",,,,,,,,"11,250,077,091","5,173,856,004",,"97,067,507,468","249,690,214",,,"371,323,994","621,014,208",,,,"1,082,439,488,957",,,,,,
[037560],,,,,,,,,,,,,,,,,,,,,,,,,,,"27,530,847,515",,,,,,,,,,,,,,,,,,,,,,,,,,"-80,742,974,671",,,,,,"-36,380,563",,,,,,269,,,"194,051,198,473",,269,,,,,,,,,"108,273,822,186","1,831,085,920",,,"20,809,661,727","22,640,747,647",,,,"302,325,020,659",,,,,,
[155660],,,,,,,,,,,,,,,,,,,,,,,,,,,"3,774,154,010",,,"340,031,228","92,626,453",,,,,,,,,"3,732,663,589",,,,,,,,,,,,,,,,,,,,,,,,,200,,,"34,861,773,822",,,,,,,,"106,060,270","128,703,621",,"7,506,817,599","838,939,735",,,"3,205,262,401","4,044,202,136",,,,"42,368,591,421",,,,,,
[078930],,,,,,,,,,,,,,,,,,,,,,,,,,,"16,532,000,000",,,"17,000,000","150,000,000",,,,,,,,,,,,,,,,,,,"83,000,000",,,,"11,563,000,000",,,,,,,,,,,,71,,,,,,,,,,"8,987,000,000","20,000,000",,,"702,000,000",,,"6,730,000,000","7,432,000,000",,,,,,,,,,
[006360],,,,,,,"51,462,502,065","1,947,173,652,244",,,,,,,,,,,,,,,,,,,"30,484,252,437",,"43,277,931,276","91,567,120,422","90,557,731,306",,,,,,,,,"78,692,023,405",,,,,,,,,,,,,,245,,,,,,,,,,,,,,"2,041,914,085,585",,,,,,,,"57,399,846,069","44,732,155,035",,"109,176,275,842","1,498,918,897",,"37,365,060,780","17,327,031,622","18,825,950,519",,,,"2,151,090,361,427",,,"53,904,388,377",,"2,059,820,912,270",
[028150],,,,,,,,,,,,,,,,,,,,,,,,,,,"25,349,051,245",,,"55,575,754","442,327,019",,,,,,,,,"218,521,483,628",,,,,,,,,,,,,,,,,,,,,,,,,"3,993",,,"18,519,784,126",,"3,993",,,,,,"61,636,806","5,533,486,364",,"243,870,534,873","7,792,854,074",,,"24,912,458,270","32,705,312,344",,,,"262,390,318,999",,,,,,
[024120],,,,,,,,,,,,,,,,,,,,,,,,,,,"2,657,818,918",,,"231,308,035","66,781,769",,,,,,,,,"1,692,839,177",,,,,,,,,,,,,,,,,,,,,,,,,204,,,"25,099,958,225",,,,,,,,"480,994,403","481,654,139",,"4,350,658,095","476,903,721",,,"2,346,101,199","2,823,004,920",,,,"29,450,616,320",,,,,,
[083470],,,,,,,,,,,,,,,,,,,,,,,,,,,"1,657,535,050",,,,,,,,,,,,,,,,,,,,,,,,,,,106,,,,,,,,,,,,,,"15,461,435,621",,,,,,,,,,,"4,964,817,133","11,010,295",,,,"2,052,449,084",,,,,,,,,,
[036030],,,,,,,,,,,,,,,,,,,,,,,,,,,"1,323,479,759",,,"98,132,971","1,595,756,853",,,,,,,,,"1,901,625,576",,,,,,,,,,,,,,,,,,,,,,,,,109,109,,"34,203,723,231",,,,,,,,,"240,968,126",,"3,225,105,335","-602,331,187","-3,554,665",,"665,600,525","63,269,338","665,600,525",,,"37,428,828,566",,,,,,
[043610],,,,,,,,,,,,,,,,,,,,,,,,,,,"-1,007,935,360",,,"333,880,512","703,737",,,,,,,,,,,,,,,,,,,,,,,"-23,165,609,457",,,,,,,,,,,-9,,,,,-9,,,,,,"2,357,087","218,041,626",,,"-117,364,747","-27,051,607",,"-368,760,906","-486,125,653",,,,"22,157,674,097",,,,,,
[060370],,,,,,,,,,,,,,,,,,,,,,,,,,,"179,989,347",,,"23,583,813","20,185,905",,,,,,,,,"1,170,127,383",,,,,,,,,,,,,,"2,012,625,265",,,,,,,,,,,9,,,"13,411,113,935",,,,,,,,,"2,065,411,039",,"1,350,116,730","58,804,189",,,"177,368,840","236,173,029",,,,,,,,,,
[003550],,,,,,,,,,,,,,,,,,,,,,,,,,,"39,479,000,000",,,,,,,,,,,,,,,,,,,,,,,"178,000,000",,,,"80,000,000",,,,,,,,"25,867,000,000",,,,,,,,,,,,,,,,,,"10,082,000,000",,,"31,188,000,000","41,270,000,000",,,,"87,465,000,000",,,,,,
[001120],,,,,,,,,,,,,,,,,,,,,,,,,,,"7,047,574,314",,,,,,,,,,,,,"48,693,028,220",,,,,,,,,,,,,,"4,526,932,574",,,,,,,,,,,71,,,"908,419,047,848",,,,,,,,,,,"55,740,602,534","10,249,546,091",,,"2,754,602,618","13,004,148,709",,,,"964,159,650,382",,,,,,
[051900],,,,,,,,,,,,,,,,,,,,,,,,,,,"108,147,816,347",,,,,,,,,,,,,"308,214,412,281",,,,,,,,,,"4,585",,,,"-2,210,590,191",,,,,,,,,,,"4,573",,,"297,952,305,922",,,,,,,,"8,124,824,229","1,553,176,554",,"416,362,228,628","22,730,316,591",,,"76,635,261,890","99,365,578,481",,,,"714,314,534,550",,,,,,
[032640],,,,"1,325,992,000,000",,,,,"399,708,000,000",,,,,,,,,,,,,,,,,,"194,661,000,000",,,"17,605,000,000","13,179,000,000",,,,,,"146,961,000,000",,,"1,872,661,000,000",,,,,,,,,,,,,,,,,,,,,,,,,271,,,"591,228,000,000",,,,,,,,"58,701,000,000","11,071,000,000",,"2,067,322,000,000","33,276,000,000",,,"118,181,000,000","151,457,000,000",,,,"2,658,550,000,000",,,,,,
[011070],,,,,,,,,,,,,,,,,,,,,,,,,,,"37,276,823,589",,,"19,255,857,414","45,987,575,684",,,,,,,,,"120,732,703,091",,,,,,,,,,,,,,,,,,,,,,,"74,961,185,073",,,275,,"1,177,601,900,482",,,275,,,,,"14,082,807,046","3,079,472,615",,"158,009,526,680","-6,968,631,044",,,"6,510,401,932","-458,229,112","6,510,401,932",,,"1,335,611,427,162",,,,,,
[066570],,,,,,,,,,,,,,,,,,,,,,,,,,,"89,688,000,000",,,"229,108,000,000","184,672,000,000",,,,,,,,,"662,720,000,000",,,,,,,,,,"-1,000,000",,,,"111,429,000,000",,,,,,,,,,"158,726,000,000",342,343,-1,"5,717,497,000,000",,,,,,,,"87,232,000,000","35,569,000,000",,"1,520,535,000,000","20,454,000,000",,,"61,801,000,000","82,461,000,000","62,007,000,000","-206,000,000",,"7,238,032,000,000",,,,,,
[108670],,,,,,,,,,,,,,,,,,,,,,,,,,,"40,682,000,000",,,,,,,,,,,,,"118,884,000,000",,,,,,,,,,,,,,"4,905,000,000",,,,,,,,,,,,"2,757",-2,"462,193,000,000",,,"2,770",-2,,,,,,,"159,566,000,000","8,385,000,000",,,"27,505,000,000","35,915,000,000","27,530,000,000","-25,000,000",,"621,759,000,000",,,,,,
[051910],,,,,,,,,,,,,,,,,,,,,,,,,,,"501,316,000,000",,,"154,979,000,000","214,566,000,000",,,,,,,,,"399,041,000,000",,,,,,,,,,"4,698,000,000",,,,,,,,,,,,,,,,,,"3,419,399,000,000",,,,,,,,"28,453,000,000","44,331,000,000",,"900,357,000,000","112,945,000,000",,,"344,662,000,000","457,607,000,000",,,,"4,319,756,000,000",,,,,,
[010060],,"153,320,000",,"4,761,977,000",,,"1,963,649,000",,"192,683,000",,,"1,263,551,000",,"10,215,894,000",,,,,,,,,,,,,"-4,621,025,000","6,239,847,000",,,,,"1,185,104,000",,,,"8,503,030,000",,,"38,908,486,000",,"677,499,000",,,,,,"5,304,360,000",,"665,000",,,,"-2,230,334,000",,,,,,,,"10,837,895,000","5,110,689,000",,552,,,"534,795,107,000",,,,,,,,,,,"34,287,461,000","-19,550,091,000",,,"13,166,664,000","-3,682,392,000","15,867,699,000","-2,701,035,000",,"569,082,568,000",,,"1,963,355,000",,,
[066270],,,,,,,,,,,,,,,,,,,,,,,,,,,"-1,903,580,328",,,,,,,,,,,,,,,,,,,,,,,,,,,,,,,,,,,,,,-40,,,,,,,,,,,,"347,521,650",,,,,,"-1,701,970,883","-1,701,970,883",,,,"20,794,508,021",,,,,,
[017670],,,,,,,,,,,,,,,,,,,,,,,,,,,,,,,,,,,,,,,,,,,,,,,,,,,,,,"3,135,000,000",,,,,,,,"3,143,766,000,000",,,,,,,,,,,,,,,,,,,,,,,,,,"3,143,766,000,000",,,,,,
[048770],,,,,,,,,,,"7,000,000",,,,"69,064,722","3,745,311","11,817,182",,"289,126,889","69,481,114","4,733,713","6,470,364",,,"14,742,607","1,249,589","833,647,988",,,"128,432,938","69,017,466",,,,,,,,,,,,,,,,,,,,,,,"3,131,923",,"6,000,000",,,,,,,,,33,,,,,,,,,,,"289,126,889","69,481,114",,,"248,305,024",,,"425,112,661","673,417,685",,,,,,,,,,
[009450],,,,,,,,,,,,,,,,,,,,,,,,,,,"1,268,069,724",,,"2,202,305,508","478,905,726",,,,,,,,,"17,548,266,375",,,,,,,,,,,,,,,,,,,,,,,,,158,,,"72,832,878,895",,158,,,,,,"599,929,932","148,219,614",,"18,816,336,099","549,832,904",,,"1,989,926,284","2,539,759,188",,,,"91,649,214,994",,,,,,
[000050],"147,330,241",,,"11,449,840,850","11,123,419",,,"38,136,475,993","1,008,619,847","212,700",,"78,504,070","46,267,529","173,837,186","583,804,663","346,116,090","1,199,000","5,128,913","2,374,608,479","161,038,798","442,836,992","431,184,212",,,"321,137,020","13,630,020","9,631,713,662",,,"1,357,733,501","887,651,224",,"46,777,639",,,"88,545,181","611,704,812","7,536,713","275,969,213","14,447,299,620",,"38,240,192","420,765,562","13,781,229",,,,"12,444,664,930",,"2,533","915,127,578",,,,,"105,476,728",,,,,,"25,815,892,153","4,794,880",,,,,"50,581,140,923",,,,,,,,"3,289,736,057","161,251,498",,"24,079,013,282","28,029,518",,,"6,945,281,862","6,973,311,380",,,,"74,660,154,205",,,,,"48,844,262,052",
[013580],,,,,,,,,,,,,,,,,,,,,,,,,,,"4,501,771,455",,,"2,078,676,168","519,065,918",,,,,,,,,"9,754,942,918",,,,,,,,,,,,,,,,,,,,,,,,,232,,,"273,965,050,723",,,,,,,,"4,370,423,403","971,165,484",,"14,256,714,373","605,125,315",,,"2,056,998,471","2,662,123,786",,,,"288,221,765,096",,,,,,
[004200],,,,,,,,,,,,,,,,,,,,,,,,,,,"-6,548,154,464",,0,"2,954,471,074","2,308,793,032",,,,,,,,,"7,883,374,726",,,,,,,,"1,110,703,000",,,,,,,,,,,,,,"1,084,270,643",,,-910,,,"152,256,982,606",,,,,,,,"3,193,293,106","350,363,768",,"1,335,220,262","-1,269,391,687",,0,"-7,476,014,073","-8,745,405,760",,,,"153,592,202,868",,,,,,
[060480],,,,,,,,,,,,,,,,,,,,,,,,,,,"397,965,822",,,"9,864,718","107,906",,,,,,,,,"434,860,190",,,,,,,,,,,,,,,,,,,,,,,,,29,,,"7,011,728,692",,,,,,,,"42,601,114","8,211,727",,"832,826,012","75,231,443",,,"298,101,804","373,333,247",,,,"7,844,554,704",,,,,,
[011780],,,,,,,,,,,,,,,,,,,,,,,,,,,"48,221,556,726",,,"16,156,555,247","9,660,570,270",,,,,,,,,"36,264,096,435",,,,,,,,,,,,,,,,,,,,,,,,,"1,091",,,"778,057,810,010",,,,,,,,"22,831,085,504","7,859,481,420",,"84,485,653,161","9,281,172,959",,,"30,464,764,660","39,745,937,619",,,,"862,543,463,171",,,,,,
[000270],,,,,,,,,,,,,,,,,,,,,,,,,,,"591,158,000,000",,,"22,392,000,000",,,,,,,,,,"1,188,775,000,000",,,,,,,,,,,,"41,089,000,000",,,,"39,125,000,000",,,,,,,"513,378,000,000",,"1,178",,,"6,619,241,000,000",,,,,,,,,"-2,041,000,000",,"1,779,933,000,000","139,312,000,000",,,"472,197,000,000","611,509,000,000",,,,"8,399,174,000,000",,,,,,
[089600],,,,,,,,,,,,,,,,,,,,,,,,,,,"2,972,252,032",,,,,,,,,,,,,,,,,,,,,,,,,,,"-13,403,166",,,,,,,,,,,301,,,,,301,,,,,,,,,,"-731,160,187",,,"2,482,754,444","3,213,914,631",,,,"12,047,434,306",,,,,,
[004270],,,,,,,,,,,,,,,,,,,,,,,,,,,"732,773,523",,,"472,829,355","427,718,333",,,,,,,,,"1,030,784,624",,,,,,,,,,,,,,,,,,,,,,,,,28,,,"11,960,949,114",,,,,,,,"1,908,720,686","1,876,883,589",,"1,763,558,147","154,084,059",,,"591,963,389","746,047,448",,,,"13,724,507,261",,,,,,
[095660],,,,,,,,,,,,,,,,,,,,,,,,,,,"9,313,324,198",,,"823,929,446","6,995,578,091",,,,,,,,,"9,357,673,228",,,,,,,,,,,,,,,,,,,,,,,,,-32,,,"11,060,194,441",,,,,,,,"1,020,462,170","1,790,219,089",,"18,670,997,426","4,608,035,440",,,"-696,602,968","3,911,432,472",,,,"29,731,191,867",,,,,,
[042420],,,,,,,,,,,,,,,,,,,,,,,,,,,"-154,186,150",,,,,,,,,,,,,,,,,,,,,,,,,,,"2,674,635,999",,,,,,,,,,,"6,750",,,,,,,,,,,,,,,"13,741,662,680",,,"60,692,590,000","74,434,252,680",,,,"186,540,412",,,"22,928,750","162,057,473","1,554,189",
[153460],,,,,,,,,,,,,,,,,,,,,,,,,,,"-466,762,283",,,,,,,,,,,,,"2,850,206,058",,,,,,,,,,,,,,"390,150",,,,,,,,,,,-68,,,"2,520,009,822",,-68,,,,,,"43,612,968","106,634,848",,"2,383,443,775","-50,768,376",,,"-322,634,312","-373,402,688",,,,"4,903,453,597",,,,,,
[090350],,,,,,,,,,,,,,,,,,,,,,,,,,,"7,530,077,902",,,"588,295,546","167,795,780",,,,,,,,,"19,548,317,179",,,,,,,,,,249,,,,,,,,,,,,,,,,,,"89,740,631,877",,,,,,,,"2,089,039,965","691,601,523",,"27,078,395,081","1,480,251,959",,,"5,072,887,267","6,553,139,226",,,,"116,819,026,958",,,,,,
[000320],,,,,,,,,,,,,,,,,,,,,,,,,,,"-2,017,169,086",,,"3,195","71,620,345",,,,,,,,,,,,,,,,,,,,,,,-238,,,,,,,,,,,,,,,,,,,,,,"527,515,141","281,637,446",,,"158,209,800",,,"-2,492,873,731","-2,334,663,931",,,,,,,,,,
[004370],,,,,,,,,,,,,,,,,,,,,,,,,,,"19,661,572,525",,,"26,037,916,813","1,907,210,205",,,,,,,,,"110,812,866,372",,,,,,,,,,,,,,"-33,464,820,328",,,,,,,,,,,"5,904",,,"326,639,057,156",,"5,904",,,,,,"1,939,957,439","3,279,440,845",,"130,474,438,897","10,989,546,191",,,"34,142,216,348","45,131,762,539",,,,"457,113,496,053",,,,,,
[054050],,,,,,,,,,,,,,,,,,,,,,,,,,,,,,,,,,,,,,,,,,,,,,,,,,,,,,,,,,,,,,,,,,,,,,,,,,,,,,,,,,,,,,,,,,,,,,
[064260],,,,,,,,,,,,,,,,,,,,,,,,,,,"2,405,532,877",,,"470,680,854","1,064,660,442",,,,,,,,,,,,,,,,,,,,,,,,,,,,,,,,,,-41,,,"21,319,747,228",,,,,,,,"471,333,579","344,747,396",,,"855,404,438",,,"-1,275,131,643","-419,727,205",,,,"23,725,280,105",,,,,,
[019680],,,,,,,,,,,,,,,,,,,,,,,,,,,"11,099,783,037",,,"5,534,855,934","3,684,191,274",,,,,,,,,"22,435,157,450",,,,,,,,,,133,,,,132,,,,,,,,,,,,,,"152,634,990,259",,,,,,,,"35,362,426","732,783,594",,"33,534,940,487","5,642,994,244",,,"12,182,225,422","17,825,219,666",,,,"186,169,930,746",,,,,,"4,177,350,801"
[006370],,,,,,,,,,,,,,,,,,,,,,,,,,,"-2,228,461,632",,,"3,359,153","152,319,300",,,,,,,,,"23,740,897,168",,,,,,,,,,,,,,,,,,,,,,,,,-87,,,"14,482,511,316",,-87,,,,,,"322,394,190","1,792,375,030",,"21,512,435,536","-238,092,948",,,"-669,347,991","-907,440,939",,,,"35,994,946,852",,,,,,
[000210],,,,,,,,,,,,,,,,,,,,,,,,,,,"99,192,953,636",,,"51,414,180,001","133,028,293,184",,,,,,,,,"109,148,304,770",,,,,,,,,,270,,,,,,,,,,,,,,,258,,,"1,846,046,467,071",,258,,,,,,"18,038,022,630","33,473,507,201",,"208,341,258,406","23,014,295,707",,,"10,000,029,317","33,014,325,024",,,,"2,054,387,725,477",,,,,,
[078140],,,,,,,,,,,,,,,,,,,,,,,,,,,"1,796,983,637",,,"62,828,217","4,730,718",,,,,,,,,"1,363,928,879",,,,,,,,,,,,,,,,,,,,,,,,,145,,,"11,100,577,087",,145,,,,,,,"101,986,365",,"3,160,912,516","350,584,191",,,"1,606,483,310","1,957,067,501",,,,"14,261,489,603",,,,,,
[005620],,,,,,,,,,,,,,,,,,,,,,,,,,,,,,"7,605,519","1,000",,,,,,,,,"1,444,162,401",,,,,,,,,,,,,,84,,,,,,,,,,,,,,"6,109,502,222",,,,,,,,"775,278,621","1,137,662,124",,"1,631,193,930","439,297,184",,,"117,722,367","557,019,551",,,,"7,740,696,152",,,,,,
[045390],,,,,,,,,,,,,,,,,,,,,,,,,,,"634,370,569",,,"15,287,017","6,834,627",,,,,,,,,"1,583,568,304",,,,,,,,,,,,,,,,,,,,,,,,,10,,,"9,794,983,247",,9,,,,,,"379,589","130,238,790",,"2,217,938,873","46,001,907",,,"726,680,253","772,682,160",,,,"12,012,922,120",,,,,,
[047040],,,,,,,,,,,,,,,,,,,,,,,,,,,"92,392,643,012",,,"87,279,910,424","82,176,644,415",,,,,,,,,"84,271,934,341",,,,,,,,,,,,,,,,,,,,,,,,,203,,,"2,340,222,832,886",,203,,,,,,"22,435,273,379","5,471,936,930",,"176,664,577,353","-3,011,911,876",,,"83,544,484,448","80,532,572,572",,,,"2,516,887,410,239",,,,,,
[042660],,,,,,,,,,,,,,,,,,,,,,,,,,,"-659,930,443,409",,,"25,495,585,319","49,009,764,267",,,,,,,,,"36,971,192,913",,,,,,,,,,,,,,"-2,111",,,,,,,,,,"103,634,870,545",,,,"4,026,809,635,011",,,,,,,,"12,675,071,154","2,114,502,653",,"-499,940,359,832","-289,161,387,181",,,"-398,995,226,731","-688,156,613,912",,,,"3,526,869,275,179",,,,,,
[000430],,,,,,,,,,,,,,,,,,,,,,,,,,,"9,087,218,185",,,,,,,,,,,,,"10,481,030,439",,,,,,,,,,,,,,"3,132,501,253",,,,,,,,,,,158,,,"181,844,415,632",,,,,,,,,,,"19,568,248,624","2,759,390,026",,,"9,783,291,912","12,542,681,938",,,,"201,412,664,256",,,,,,
[005710],,,,,,,,,,,,,,,,,,,,,,,,,,,"5,247,153,564",,,"3,229,650,337","316,016,313",,,,,,,,,"5,437,405,632",,,,,,,,,,,,,,,,,,,,,,,,,369,,,"148,486,089,630",,369,,,,,,,"532,907,687",,"10,684,559,196","1,974,967,631",,,"6,718,727,644","8,693,695,275",,,,"159,170,648,826",,,,,,
[100130],,,,,,"16,167,044,545",,"53,784,729,665",,,,,,,,,,,,,,,,,,,"6,223,056,056",,"265,831,320","1,891,906,350","2,160,355,017",,,,,,,,,"1,664,814,728",,,,,,,,,,88,,,,,,,,,,,,,,,88,,,"70,217,605,530",,,,,,,,"13,078,627","424,488,950",,"7,887,870,784","1,468,678,665",,"268,831,320","4,897,339,047","6,366,017,712",,,,"78,105,476,314","16,622,519,413",,,,"61,214,125,581",
[005160],,,,,,,,,,,,,,,,,,,,,,,,,,,"5,951,616,017",,,,,,,,,,,,,,,,,,,,,,,,,,,"1,662,945,094",,,,,,,,,,,34,,,,,34,,,,,,,,,,"1,116,923,988",,,"1,613,366,173","2,730,290,161",,,,,,,,,,
[001230],,,,,,,,,,,,,,,,,,,,,,,,,,,"38,623,117,000",,,,,,,,,,,,,"72,578,049,000",,,,,,,,,,,,,,"31,536,281,000",,,,,,,,,,,966,,,"1,072,347,187,000",,966,,,,,,,,,"111,201,166,000","50,755,102,000",,,"90,176,120,000","140,931,222,000",,,,"1,183,548,353,000",,,,,,
[000990],"85,850,009","2,739,538,551",,"2,357,442,821","50,789,541",,"100,007,663,794",,"204,092,964",,,"944,597,532","320,710,884","190,575,166","727,826,907","967,073,660","153,964,450","32,564,582","11,470,970,626","321,242,355","73,153,063","1,114,712,915",,"11,706,857","484,829,186","116,746,029","27,592,572,161","10,610,428,583",,"2,555,640,539","7,895,414,647",,"518,194,444","61,877,464","478,868,358","17,964,614","4,843,520,667","57,186,715","258,151,975","23,745,659,957","105,025,164","180,682,933",,"48,813,481",,,,,,555,,,,"5,519,225,000",,,,,,,,,"-543,672,193",,610,,,"100,007,663,794",,,,,,,,"15,931,065,194","530,981,763",,"51,338,232,118","-13,224,680,762",,"4,241,666,838","25,596,620,384","12,371,939,622","25,596,620,384",,,"151,345,895,912",,,"147,104,229,074",,,
[001520],,,,,,,,,,,,,,,,,,,,,,,,,,,"7,293,922,705",,,"748,259,026","1,276,650,922",,,,,,,,,"5,084,315,652",,,,,,,,,,7,,,,,,,,,,,,,,,,,,"70,601,474,600",,,,,,,,"7,321,285,054","6,949,498,392",,"12,378,238,357","4,632,623,717",,,"1,761,120,430","6,393,744,147","1,761,120,430",,,"82,979,712,957",,,,,,
[084670],,,,,,,"24,937,777,919",,,,,,,,,,,,,,,,,,,,"4,478,882,770",,"617,479,868","262,911,461","81,827,392",,,,,,,,,"1,989,638,911",,,,,,,,,,,,,,,,,,,,,,,,,"1,192",,,"25,555,257,787",,"1,192",,,,,,"743,760,687","150,327,233",,"6,468,521,681","906,883,535",,"1,044,006,853","3,159,649,850","4,066,533,385","3,159,649,850",,,"32,023,779,468",,,"30,979,772,615",,,
[030790],,,,,,,,,,,,,,,,,,,,,,,,,,,"-1,963,625,776",,,"3,268,176,956","4,614,039,917",,,,,,,,,"3,389,933,888",,,,,,,,,,,,,,,,,,,,,,,,,-121,,,"23,539,444,472",,-117,,,,,,"1,400,356,539","256,961,736",,"1,426,308,112","-663,034,359",,,"-3,789,849,181","-4,452,883,540",,,,"24,965,752,584",,,,,,
[001530],,,,,,,,,,"288,360,972",,,,,,,,,"668,192,453","181,053,073",,,,,,,"-93,465,956",,,"157,287,032","199,266,923",,,,,,,,,"1,653,978,650",,,,,,,,,,,0,0,,,,,,,,,,,,,-704,,,"60,769,601,694",,,,,,,,"2,585,895,336","1,290,483,896",,"1,560,512,694","-293,593,192",,,"-1,137,264,095","-1,430,857,287",,,,"62,330,114,388",,,,,,
[000150],,,,,,,,"311,890,015,235",,,,,,,,,,,,,,,,,,,"41,497,540,054",,"42,384,092,225","7,814,796,034","2,055,228,082",,,,,,,,,,,,,,,,"1,033","60,979,630,198","1,033",,,,,,,,,,,,,,,,,"1,020",,"415,253,737,658",,,"1,020",,,,,"13,121,184,063","7,266,799,323",,,"20,603,562,089",,"64,519,279,113","20,799,161,177","41,402,723,266","20,799,161,177",,,"456,751,277,712",,"748,347,778",,,"391,483,650,821",
[011160],,,,,,,,,,,,,,,,,,,,,,,,,,,"1,675,576,039",,,"14,564,056,628","8,668,437,535",,,,,,,,,"29,395,907,343",,,,,,,,,,,,,,,,,,,,,,,,,-706,-537,-169,"259,331,541,695",,-706,-537,-169,,,,"42,727,277,738","4,582,042,896",,"31,071,483,382","-397,644,516",,,"-40,288,204,033","-30,574,039,710","-30,176,395,194","-10,111,808,839",,"290,403,025,077",,,,,,
[082740],,,,,,,,,,,,,,,,,,,,,,,,,,,"-6,456,761,288",,,"2,696,467,040","3,696,898,499",,,,,,,,,"9,638,529,176",,,,,,,,,,,,,,,,,,,,,,,,,-147,,,"161,869,517,672",,-147,,,,,,"24,447,814,498","18,205,945,063",,"3,181,767,888","-3,460,540,857",,,"-10,238,521,325","-13,699,062,182","-10,238,521,325",,,"165,051,285,560",,,,,,
[042670],,,,,,,,,,,,,,,,,,,,,,,,,,,"-39,387,784,850",,,"15,750,604,820","2,612,533,743",,,,,,,,,"121,781,448,586",,,,,,,,,,,,,,"14,546,856,318",,,,,,,,,,,,-116,-116,"569,044,554,800",,,-318,-318,,,,"70,832,472,487","25,643,341,482",,"82,393,663,736","3,514,701,679",0,,"-18,442,554,490","-56,891,988,460","-60,406,690,139","41,964,135,649",,"651,438,218,536",,,,,,
[034020],,,,,,,,,,,,,,,,,,,,,,,,,,,"76,959,661,958",,,"3,171,241,456","9,487,929,389",,,,,,,,,"100,567,481,509",,,,,,,,,,,,,,,,,,,,,,,,,205,205,,"1,069,722,784,333",,205,205,,,,,"248,300,547,435","212,022,301,745",,"177,527,143,467","10,997,813,936",,,"23,366,914,399","34,364,728,335","23,366,914,399",,,"1,247,249,927,800",,,,,,
[003160],,,,,,,,,,,,,,,,,,,"259,786,762","266,597,236",,,,,,,"2,149,598,351",,,"31,302,717","583,527,187",,,,,,,,,"2,754,735,979",,,,,,,,,,,"793,323","8,485,697",,"508,570,044",,,,,,,,,,,45,,,"13,105,061,340",,45,,,,,,"306,732,544","334,550,977",,"5,412,904,374","348,104,159",,,"1,277,088,155","1,625,192,314","1,277,088,155",,,"18,517,965,714",,,,,,
[066900],,,,,,,,,,,,,,,,,,,,,,,,,,,"1,745,105,465",,,"1,783,206,555","36,821,428",,,,,,,,,"961,446,340",,,,,,,,,,,,,,,,,,,,,,,,,87,,,"53,831,913,412",,87,,,,,,"2,227,748,045","892,497,843",,"2,706,551,805","552,111,091",,,,"2,156,240,390","1,604,129,299",,,"56,538,465,217",,,,,,
[101000],,,,,,,,,,,,,,,,,,,,,,,,,,,"1,676,298,361",,,"202,647,834","344,061,826",,,,,,,,,"1,837,171,696",,,,,,,,,,,,,,,,,,,,,,,,,100,,,"25,686,528,426",,100,,,,,,"284,002,618","69,769,080",,"3,513,470,057","42,997,528",,,"1,277,653,303","1,320,650,831",,,,"29,199,998,483",,,,,,
[108860],,,,,,,,,,,,,,,,,,,,,,,,,,,"-1,530,739,077",,,"294,830,857","23,298,870",,,,,,,,,"3,768,318,154",,,,,,,,,,,,,,,,,,,,,,,,,-90,,,,,-90,,,,,,"545,965,000","165,896,031",,"2,237,579,077","336,112,759",,,"-1,975,388,818","-1,639,276,059",,,,,,,,,,
[171010],,,,,,,,,,,,,,,,,,,,,,,,,,,"211,170,549",,,"159,051,336","37,654,644",,,,,,,,,"791,181,397",,,,,,,,,,,,,,,,,,,,,,,,,4,,,"5,789,792,573",,,,,,,,"368,847,834","46,635,930",,"1,002,351,946","-37,217,917",,,"47,573,254","10,355,337",,,,"6,792,144,519",,,,,,
[131100],,,,,,,,,,,,,,,,,,,,,,,,,,,"-1,407,479,551",,,"90,458,210","75,566,983",,,,,,,,,"1,508,918,405",,,,,,,,,,,,,,"-1,160,556,237",,,,,,,,,,,-237,,,"10,042,828,445",,-237,,,,,,"459,247,237","42,683,911",,"101,438,854","-197,226,785",,,"-2,772,481,102","-2,969,707,887","-2,772,481,102",,,"10,144,267,299",,,,,,
[005990],,,,,,,,,,,,,,,,,,,"1,127,571,403","560,756,630",,,,,,,"4,328,494,086",,,"2,200,140,817","1,966,345,570",,,,,,,,,"84,011,295,045",,,,,,,,,,,"44,999,137","53,985,143",,,,,,,,,,,,,241,,,"215,736,920,773",,215,,,,,,"1,256,564,999","785,436,773",,"88,339,789,131","1,060,119,455",,,"3,031,041,652","4,091,161,107",,,,"304,076,709,904",,,,,,
[067280],,,,,,,,,,,,,,,,,,,,,,,,,,,,,,,,,,,,,,,,,,,,,,,,,,,,,"7,654,286,755","791,132,911",,,,,,,,,,,422,,,"21,035,671,429",,422,,,,,,,,,"10,442,738,540",,,,"2,498,916,726",,,,,"31,478,409,969",,,,,,
[041920],,,,,,,,,,,,,,,,,,,,,,,,,,,"1,738,462,493",,,"231,226,386","130,499,352",,,,,,,,,"2,344,553,546",,,,,,,,,,,,,,,,,,,,,,,,,198,,,"6,376,566,589",,198,,,,,,"8,218,900","76,871,181",,"4,083,016,039","495,140,640",,,"1,412,701,168","1,907,841,808",,,,"10,459,582,628",,,,,,
[009680],,,,,,,,,,,,,,,,,,,,,,,,,,,"2,264,324,705",,,"616,784,731","142,790,005",,,,,,,,,"4,275,213,166",,,,,,,,,,,,,,,,,,,,,,,,,182,,,"43,774,826,598",,,,,,,,"153,064,496","2,676,833,938",,"6,539,537,871","1,108,540,536",,,"4,153,548,337","5,262,088,873",,,,"50,314,364,469",,,,,,
[033920],,,,,,,,,,,,,,,,,,,,,,,,,,,"15,795,275,218",,,"5,861,252,045","6,112,539,184",,,,,,,,,"16,487,894,794",,,,,,,,,,,,,,"180,540,725",,,,,,,,,,,,,,"32,652,613,586",,,,,,,,,,,"32,283,170,012","3,929,236,683",,,"11,795,292,121","15,724,528,804",,,,"64,935,783,598",,,,,,
[104200],,,,,,,,,,,,,,,,,,,,,,,,,,,"1,081,368,599",,,"92,214,874","4,001,831",,,,,,,,,,,,,,,,,,,,,,,"12,336,599,249",,,,,,,,,,,10,,,,,10,,,,,,"14,330,264","262,077,894",,,"189,469,293",,,"128,731,201","318,200,494","128,731,201",,,"13,417,967,848",,,,,,"-1,099,128,778"
[003000],,,,,,,,,,,,,,,,,,,,,,,,,,,"5,706,811,552",,,"136,388,265","71,065,498",,,,,,,,,"10,869,437,575",,,,,,,,,,,,,,,,,,,,,,,,"3,812,336,655",135,,,"14,759,931,967",,134,,,,,,"9,700,973","351,344,768",,"20,388,585,782","1,290,375,170",,,"4,823,402,944","6,113,778,114",,,,"35,148,517,749",,,,,,
[015350],,,,,,,,,,,,,,,,,,,,,,,,,,,"6,047,701,314",,,"1,644,574,800","964,888,981",,,,,,,,,"23,714,891,551",,,,,,,,,,,,,,,,,,,,,,,,,"2,392",,,"170,252,739,838",,,,,,,,"46,942,943","644,167,086",,"29,762,592,865","2,255,925,709","18,851,007,326",,"23,919,692,893","26,175,618,602",,,,"200,015,332,703",,,,,,
[065450],,,,,,,,,,,,,,,,,,,,,,,,,,,"797,664,931",,,"-175,082,825",,,,,,,,,,"693,552,599",,,,,,,,,,,,,,,,,,,,,,,,,29,,,"10,318,252,968",,29,,,,,,"19,083,087","97,053,956",,"1,491,217,530","28,324,134",,,"672,228,841","700,552,975",,,,"11,809,470,498",,,,,,0
[005610],,,,,,,,,,,,,,,,,,,,,,,,,,,"6,854,560,003",,,"791,729,991","412,249,912",,,,,,,,,,,,,,,,,,,,,,,"-6,369,033",,,,,,,,,,"13,459,056,799",629,,,"190,849,174,718",,,,,,,,"514,731,000","30,634,747",,"58,019,725,595","-1,480,619,948",,,"5,262,954,848","6,743,574,796",,,,"248,868,900,313",,,,,,
[018260],,,,,,,,,,,,,,,,,,,"162,468,404","5,296,499,444",,,,,,,"97,492,515,717",,,"7,155,230,180","1,931,713,215",,,,,,,,,"134,520,514,319",,,,,,,,,,,"-613,195,099","3,638,627,397",,,,,,,,,,,,,"1,125",,,"877,991,081,458",,"1,125",,,,,,"3,527,082,538","12,752,086,767",,"232,013,030,036","24,897,904,507",,,"87,043,132,404","111,941,036,911","87,043,132,404",,,"1,110,004,111,494",,,,,,
[028050],,,,,,,,,,,,,,,,,,,"2,349,766,991","1,259,281,576",,,,,,,"28,279,354,856",,,"73,090,808,201","120,627,954,665",,,,,,,,,"87,116,278,951",,,,,,,,,,,"1,921,298,443","2,830,311,279",,,,,,,,,,,,,-465,,,"1,324,827,089,600",,-465,,,,,,"8,653,823,389","10,210,448,843",,"115,395,633,807","-505,676,090",,,"-17,195,490,064","-17,701,166,154",,,,"1,440,222,723,407",,,,,,
[005930],,,,,,,,,,,,,,,,,,,,,,,,,,,"3,925,985,000,000",,,"466,553,000,000","61,548,000,000",,,,,,,,,"5,345,159,000,000",,,,,,,,,,,,,,,,,,,,,,,,,"24,419",,,"23,281,164,000,000",,"24,419",,,,,,"963,141,000,000","1,052,570,000,000",,"9,271,144,000,000","783,793,000,000",,,"3,636,626,000,000","4,420,419,000,000","3,636,626,000,000",,,"32,552,308,000,000",,,,,,
[010140],,,,,,,,,,,,,,,,,,,,,,,,,,,"-1,758,979,442,120",,,"629,502,318,833","583,178,062,147",,,,,,,,,"85,836,071,909",,,,,,,,,,,,,,,,,,,,,,,,,"-6,696",,,"3,027,622,751,377",,"-6,696",,,,,,"36,374,971,122","32,273,268,231",,"-1,673,143,370,211","-343,991,955,262",,,"-1,372,764,933,063","-1,716,756,888,325",,,,"1,354,479,381,166",,,,,,
[002170],,,,,,,,,,,,,,,,,,,,,,,,,,,"2,244,553,276",,,"5,795,856,449","2,078,581,361",,,,,,,,,"1,200,955,533",,,,,,,,,,,,,,,,,,,,,,,,,"1,618",,,"52,735,294,738",,"1,618",,,,,,"177,748,684","505,773,230",,"3,445,508,809","1,434,978,962",,,"4,854,873,948","6,289,852,910",,,,"56,180,803,547",,,,,,
[001880],,,,,,,,,,,,,,,,,,,,,,,,,,,"25,037,301,489",,,"2,081,273,984","3,260,632,634",,,,,,,,,"5,667,746,424",,,,,,,,,,,,,,0,,,,,,,,,,,"1,189",,,"195,553,234,644",,,,,,,,"1,476,471,514","541,465,974",,"30,705,047,913","4,954,842,355",,,"18,043,081,017","22,997,923,372",,,,"226,258,282,557",,,,,,
[004450],,,,,,,,,,,,,,,,,,,,,,,,,,,"3,390,344,810",,,"144,575,031","5,882,600",,,,,,,,,"2,477,985,239",,,,,,,,,,,,,,,,,,,,,,,,,"1,451",,,"19,336,010,786",,"1,450",,,,,,"53,529,405","112,164,146",,"5,868,330,049","819,968,447",,,"2,699,127,433","3,519,095,880",,,,"25,204,340,835",,,,,,"-68,576,102"
[033790],,"531,588","34,573,364","69,418,840","3,436,259",,,,"68,552,385","77,298,606","900,000","46,694,598","9,336,099","7,301,630","-1,096","54,526,668",0,"1,026,147","13,445,176","45,360,262","833,372","61,917,186",,0,"6,320,628",9,"-55,604,207","112,461,899",,"139,925,720","122,184,087",,"28,454,808","578,000","720,000","33,000","137,455,480","5,895,824","10,881,369","564,968,000","75,000","6,040,831","13,742,779","5,631,608",,,,0,,,"34,309","71,576,240",,,,0,,0,,,,0,"416,800",,17,,,"7,135,041,893",,17,,,,,,"13,479,485","201,423,798",,"509,363,793","-36,108,496",,"157,801,000","186,190,235","150,081,739",,,,"7,644,405,686",,,"4,645,071,416",,"2,796,468,270",
[003100],,,,,,,,,,,,,,,,,,,,,,,,,,,"4,010,759,647",,,"3,043,155,924","26,967,614",,,,,,,,,"2,486,530,273",,,,,,,,"82,697,794",,,,,,,,,,,,,,"431,607,200",,,829,,,"13,297,851,747",,829,,,,,,"574,773,289","251,438,012",,"6,497,289,920","1,734,757,243",,,"5,286,222,568","6,703,612,680","4,968,855,437","317,367,131",,"19,795,141,667",,,,,,
[017510],,,,,,,,,,,,,,,,,,,,,,,,,,,"1,831,149,922",,,"220,381,815","1,485,502,153",,,,,,,,,"344,997,725",,,,,,,,,,,,,,,,,,,,,,,,,39,,,"4,050,378,115",,,,,,,,"1,439,480","123,243,103",,"2,176,147,647","99,232,990",,,"588,600,217","687,833,207",,,,"6,226,525,762",,,,,,
[091090],,,,,,,,,,,,,,,,,,,,,,,,,,,"1,970,656,008",,,"5,452,839,040","899,999,679",,,,,,,,,"4,781,982,913",,,,,,,,,,,,,,"785,544,657",,,,,,,,,,,143,,,"55,167,952,395",,137,,,,,,"1,922,488,836","1,328,492,303",,"7,538,183,578","-392,350,322",,,"6,090,582,740","5,698,232,418",,,,"62,706,135,973",,,,,,"-231,266,418"
[021820],,,,,,,,,,,,,,,,,,,,,,,,,,,"-1,633,738,005",,,"2,845,127,600","1,034,439,005",,,,,,,,,"1,348,447,062",,,,,,,,,,,,,,,,,,,,,,"4,098,092,142",,,69,,,"15,231,231,994",,,,,,,,"686,460,243","1,198,942,917",,"-285,290,943","-2,055,804",,,"691,489,068","689,433,264",,,,"14,945,941,051",,,,,,
[036630],,,,,,,,,,,,,,,,,,,,,,,,,,,"500,212,356",,,"165,541,261","387,256,120",,,,,,,,,"44,316,464,749",,,,,,,,,,,,,,"44,816,677,105",,,,,,,,,,,-4,,,,,-4,,,,,,"1,111,389,629","36,459,672",,,0,"3,201,202",,"-793,231,258","-793,231,258",,,,,,,,,,
[068270],,,,,,,,,,,,,,,,,,,,,,,,,,,"79,753,996,138",,,"-6,764,852,826","17,259,934,568",,,,,,,,,"18,212,223,200",,,,,,,,,,,,,,,,,,,,,,,,,469,,,"50,982,260,122",,467,,,,,,"6,847,195,834","5,188,112,735",,"97,966,219,338","1,299,191,149",,,"52,770,934,496","54,070,125,645",,,,"148,948,479,460",,,,,,
[086980],,,,,,,,,,,,,,,,,,,,,,,,,,,"377,343,876",,,"-690,754,034",,,,,,,,,,"1,899,181,657",,,,,,,,,,,,,,-2,,,,,,,,,,,,,,"11,047,503,486",,,,,,,,,"198,744,971",,"2,276,525,533",0,,,"-114,665,187","-114,665,187",,,,"13,324,029,019",,,,,,
[004970],,,,,,,,,,,,,,,,,,,,,,,,,,,"724,181,648",,,,,,,,,,,,,"11,154,842,230",,,,,,,,,,,,,,"1,437,088,707",,,,,,,,,,,557,,,"44,838,969,277",,,,,,,,,,,"11,879,023,878","2,509,413,347",,,"8,917,295,282","11,426,708,629",,,,"56,717,993,155",,,,,,
[065350],,,,,,,,,,,,,,,,,,,,,,,,,,,"1,265,036,628",,,"5,715,418,589","4,805,465,429",,,,,,,,,"3,322,694,429",,,,,,,,,,,,,,,,,,,,,,,,,66,,,"31,146,135,107",,,,,,,,"774,889,233","127,532,050",,"4,587,731,057","266,740,121",,,"1,260,892,484","1,527,632,605","1,260,892,484",,,"35,733,866,164",,,,,,
[104120],,,,,,,,,,,,,,,,,,,,,,,,,,,"2,616,545,200",,,"1,825,874,890","239,654,382",,,,,,,,,"2,961,661,067",,,,,,,,,,,,,,"-46,157,982",,,,,,,,,,"1,774,510,909",215,,,"37,843,019,384",,215,,,"666,792,318",,,"187,425,600","658,822,085",,"8,019,509,494","831,230,315",,,"3,796,773,896","4,628,004,211",,,,"45,862,528,878",,,,,,
[104110],,,,,,,,,,,,,,,,,,,,,,,,,,,"1,052,476,072",,,"258,299,769","355,888,113",,,,,,,,,"1,607,065,573",,,,,,,,,,,,,,0,,,,,,,,,,"1,986,943,994",49,,,"27,076,602,423",,47,,,,,,"310,914,123","567,883,111",,"5,120,535,544","346,430,762",,,"865,425,954","1,211,856,716",,,,"32,197,137,967",,,,,,
[004170],,,,,,,,,,,,,,,,,,,,,,,,,,,"37,726,016,451",,,"327,142,614,998","2,673,640,945",,,,,,,,,"234,964,821,633",,,,,,,,,,,,,,,,,,,,,,,,,"27,186",,,"82,640,371,741",,"27,186",,,,,,"17,275,288,580","8,272,377,747",,"272,690,838,084","85,776,801,542",,,"267,415,278,129","353,192,079,671",,,,"355,331,209,825",,,,,,
[031430],,,,,,,,,,,,,,,,,,,,,,,,,,,"3,600,559,196",,,"1,557,482,228","1,293,723,261",,,,,,,,,"94,246,000,893",,,,,,,,,,,,,,,,,,,,,,,,,,117,,"104,943,841,132",,,,,,,,"6,106,352,648","4,041,638,396",,"97,846,560,089","962,772,820",0,,"836,831,091","1,799,603,911",,,,"202,790,401,221",,,,,,
[056000],,,,,,,,,,,,,,,,,,,,,,,,,,,"-255,457,234",,,"-122,480,711","37,477,123",,,,,,,,,"1,057,986,574",,,,,,,,,,,,,,,,,,,,,,,,,-32,,,"2,946,262,011",,,,,,,,"234,188,494","141,316,979",,"802,529,340",,"188,400,000",,"-319,886,583","-319,886,583",,,,"3,748,791,351",,,,,,
[108320],,,,,,,,,,,,,,,,,,,,,,,,,,,"12,462,884,822",,,"225,862,763","271,670,610",,,,,,,,,"13,091,739,656",,,,,,,,,,,,,,,,,,,,,,,,,697,,,"98,900,822,065",,697,,,,,,,"1,181,643,534",,"25,554,624,478","2,496,720,862",,,"11,101,999,647","13,598,720,509",,,,"124,455,446,543",,,,,,
[003410],,,,,,,,,,,,,,,,,,,,,,,,,,,"41,950,683,913",,,"10,338,198,741","5,572,022,235",,,,,,,,,"26,376,307,636",,,,,,,,,,312,,,,,,,,,,,,,,,476,,,"316,761,460,972",,464,,,,,,"9,538,256,848","106,341,855",,"68,326,991,549",,,,"37,284,945,426","37,284,945,426",,,,"385,088,452,521",,,,,,
[010280],,,,,,,,,,,,,,,,,,,,,,,,,,,"30,862,529",,,"166,724,397","283,820,056",,,,,,,,,"5,233,409,027",,,,,,,,,,-3,,,,,,,,,,,,,,,,,,"27,852,593,493",,,,,,,,"147,558,636","232,741,744",,"5,264,271,556","133,633,660",,,"-134,683,682","-1,050,022",,,,"33,116,865,049",,,,,,
[099190],,,,,,,,,,,,,,,,,,,,,,,,,,,"5,723,376,767",,,,,,,,,,,,,"5,827,057,687",,,,,,,,,,,,,,"194,873,556",,,,,,,,,,,355,,,"15,141,032,475",,353,,,,,,,,,"11,550,434,454","1,247,023,910",,,"4,849,734,279","6,096,758,189",,,,"26,691,466,929",,,,,,
[032080],,,,,,,,,,,,,,,,,,,,,,,,,,,"1,408,902,773",,,"683,514,810","-277,340,148",,,,,,,,,"1,406,317,938",,,,,,,,,,,,,,,,,,,,,,,,,93,,,"8,801,919,990",,70,,,,,,"314,144,508","276,172,954",,"2,815,220,711","828,970,802",,,"1,502,815,375","2,331,786,177",,,,"11,617,140,701",,,,,,
[065660],,,,,,,,,,,,,,,,,,,,,,,,,,,"-353,606,673",,,"1,136,442","34,502,670",,,,,,,,,"815,666,231",,,,,,,,,,,,,,,,,,,,,,,,,-58,,,"274,640,383",,-58,,,,,,,"10,345,263",,"462,059,558",,,,"-376,627,638","-376,627,638",,,,"736,699,941",,,,,,
[011090],,,,,,,,,,,,,,,,,,,,,,,,,,,"2,903,980,221",,,"182,735,593","170,929,890",,,,,,,,,"14,489,513,904",,,,,,,,,,,,,,,,,,,,,,,,,50,,,"57,209,801,692",,,,,,,,"137,634,218","77,164,056",,"17,393,494,125","93,076,772",,,"2,762,238,990","2,855,315,762",,,,"74,603,295,817",,,,,,
[031330],,,,,,,,,,,,,,,,,,,,,,,,,,,"9,085,807,828",,,"4,145,782,891","3,654,881,430",,,,,,,,,"3,753,960,824",,,,,,,,,,,,,,,,,,,,,,,,,81,,,"243,286,992,109",,81,,,,,,"1,311,009,318","17,512,303",,"12,839,768,652","-1,915,683,099",,,"6,367,529,175","8,283,212,274",,,,"256,126,760,761",,,,,,
[060540],,"1,146,523","-98,940,370","27,392,767","5,821,515",,"634,454,139",,"15,132,281",,"500,000","17,682,417","35,669,420","351,837",,,"49,115,068","22,392,017","167,903,103","71,023,468",,,,,"10,842,453","434,013","251,691,370","225,502,173",,"59,957,521","934,013",,"25,137,759","3,322,983","9,642,732","1,734,455","166,419,740","2,107,840","4,281,930","636,714,082","1,305,242","4,192,690","12,733,680","10,896,149",,,,"83,878,527",,,"1,409,150","35,845",,,,,,,,,,"242,156,640","745,031",,12,,,"2,191,161,340",,,,,,,,"169,407,081","71,059,313",,"888,405,452","837,714",,,"211,529,396","212,367,110",,,,"3,079,566,792",,,"703,359,859",,,
[056190],,,,,,,,,,"1,880,000",,,,,,,,,0,"1,567,309,393",,,,,,,"15,001,774,823",,,"2,296,511,074","4,065,078,838",,,,,,,,,"12,078,791,609",,,,,,,,,,299,"-10,331,910","131,724,754",,"-276,754",,,,,,,,,,,,,,"108,284,276,374",,,,,,,,"-9,190,442","1,701,069,901",,"27,080,566,432","9,723,919,149",,,"5,219,271,499","14,943,190,648",,,,"135,364,842,806",,,,,,
[005850],,,,,,,,,,,,,,,,,,,,,,,,,,,"9,773,608,365",,,,,,,,,,,,,,,,,,,,,,,,,,"-13,128,664,458","-941,257,540",,,,,,,,,,,849,,,"128,264,772,676",,,,,,,,,,,"22,902,272,823","5,118,710,609",,,"28,767,053,243","33,885,763,852",,,,"151,167,045,499",,,,,,
[012750],,,,,,,,,,,,,,,,,,,,,,,,,,,"43,112,616,425",,,"3,862,457,680","5,496,844,119",,,,,,,,,"89,173,750,484",,,,,,,,,,,,,,,,,,,,,,,,,907,,,"315,618,397,164",,907,,,,,,"929,448,762","25,973,790",,"132,286,366,909","9,904,534,260",,,"30,670,220,754","40,574,755,014",,,,"447,904,764,073",,,,,,
[123700],"6,302,684","1,023,192","-70,333,001","184,697,470","14,360,824",,,,"42,849,192",,"3,000,000","71,943,388","51,884,732","135,763,205","370,790,850","180,612,776",0,"19,902,851","16,444,205","71,546,977","33,339,122","215,971,510",,"1,000","283,685,415","17,553,489","-267,200,698","717,683,884",,"7,220,042,598","274,070,789",,"240,539,539","6,042,940","30,630,000","6,096,000","833,841,694","4,365,865","46,434,692","2,727,580,771","12,358,133","42,756,412",,"19,317,077",,,,"5,508,640,991",,,0,0,,,,"5,790,000",,"4,205,668",,,,"6,243,818,730","13,117,736",,378,378,,"20,192,901,103",,378,378,,,,,"26,477,435","98,048,254",,"2,460,380,073","847,238,384",,,"5,903,103,546","6,750,341,930",,,,"22,653,281,176",,,,,"16,409,462,446",
[025530],0,,,"14,531,695","2,739,470",,,,"514,300",,0,"8,725,987","80,000",,,0,,"-3,614,831",0,"113,349,024",0,"2,231,307",,,"802,090",9,"3,326,824,786",,,"71,369,365","64,881,316",,"26,496,952","336,050","7,500,000",,"141,542,530","1,397,464","2,655,390","123,573,234",0,"2,180,564",,"3,080,796",,,,,,,,,,,,"66,666,666",,0,,,,"184,014,299","177,038",,,253,,0,,,253,,,,,0,"113,349,024",,"3,450,398,020","15,511,753",,,"3,431,150,106","3,446,661,859",,,,"3,450,398,020",,,,,,
[069510],,,,,,,,,,,,,,,,,,,,,,,,,,,"1,634,520,533",,,"5,156,115,579","1,561,845,634",,,,,,,,,"7,178,684,629",,,,,,,,,,,,,,,,,,,,,,,,,572,,,"34,165,584,843",,,,,,,,"68,434,066","516,092,572",,"8,813,205,162","862,353,207",,,"4,814,095,777","5,676,448,984",,,,"42,978,790,005",,,,,,
[050760],,,,,,,,,,,,,,,,,,,,,,,,,,,"477,889,200",,,,,,,,,,,,,"2,874,188,833",,,,,,,,,,,,,,"348,498,441",,,,,,,,,,,27,,,"20,354,680,950",,27,,,,,,,,,"3,352,078,033","-14,228,583",,,"424,566,253","410,337,670",,,,"23,706,758,983",,,,,,
[003800],,,,,,,,,,,,,,,,,,,,,,,,,,,"8,292,390,993",,,"667,760,207","110,980,820",,,,,,,,,"16,496,917,760",,,,,,,,,,,,,,,,,,,,,,,,,"3,829",,,"20,922,977,948",,"3,829",,,,,,"415,013,274","866,039,029",,"24,789,308,753","1,970,187,754",,,"7,330,008,381","9,300,196,135",,,,"45,712,286,701",,,,,,
[089530],,,,,,,,,,,,,,,,,,,,,,,,,,,"1,558,180,079",,,"654,803,525","239,552,740",,,,,,,,,"2,667,194,246",,,,,,,,,,,,,,,,,,,0,,,,,,59,,,"30,322,936,941",,55,,,,,,"1,588,326,275","2,649,406,251",,"4,225,374,325","154,605,851",,,"2,879,904,989","3,034,510,840",,,,"34,548,311,266",,,,,,
[065160],,,,,,,,,,"600,000",,,,,"882,260,196","21,123,409",0,,"818,048,882","192,506,471","57,988,780","49,375,335",,0,"3,747,820","3,386,348","-26,045,697",,,"907,277,453","2,187,722,520",0,,,,,,,,"2,147,002,806",,,,,,,,,,,0,0,,,,0,,"1,448,220,106",,,,,,,-47,,,"8,139,322,541",,-47,-47,,,,,"931,259,455","193,106,471",,"2,120,957,109",0,,,"-2,044,643,748","-2,044,643,748",,,,"10,260,279,650",,,,,,
[069410],,,,,,,,,,,,,,,,,,,,,,,,,,,"918,761,534",,,"66,253,394","217,916,529",,,,,,,,,"2,723,903,337",,,,,,,,,,,,,,,,,,,,,,,,,99,,,"9,004,843,285",,,,,,,,"707,540","65,550,634",,"3,642,664,871","163,202,945",,,"668,738,548","831,941,493",,,,"12,647,508,156",,,,,,
[111770],,,,,,,,,,,,,,,,,,,,,,,,,,,"21,222,020,082",,,"6,764,089,462","8,780,931,536",,,,,,,,,"19,261,297,472",,,,,,,,,,,,,,,,,,,,,,,,,320,,,"265,753,471,559",,,,,,,,"1,488,607,547","1,369,063,264",,"40,483,317,554","4,894,095,131",,,"14,191,538,594","19,085,633,725",,,,"306,236,789,113",,,,,,
[009970],,,,,,,,,,,,,,,,,,,,,,,,,,,"-43,944,807",,,"8,043,518","2,414,214",,,,,,,,,,,,,,,,,,,,,,,"969,645,224",,,,,,,,,,,-19,,,,,,,,,,,0,"7,459,640",,,"194,776,503",,,"-225,632,366","-30,855,863",,,,,,,,,,
[036180],,,,,,,,,,,,,,,,,,,,,,,,,,,"75,959,726",,,"20,893,916","136,392",,,,,,,,,"1,482,364,653",,,,,,,,,,,,,,,,,,,,,,,,,7,,,"4,122,341,013",,7,,,,,,"18,507,810","42,983,230",,"1,558,324,379",,,,"121,192,670","121,192,670",,,,"5,680,665,392",,,,,,
[036000],,,,,,,,,,,,,,,,,,,,,,,,,,,"110,720,217",,,"19,400,844","27,644,291",,,,,,,,,"2,351,676,357",,,,,,,,,,,,,,0,,,,,,,,,,,-8,,,"2,086,010,813",,,,,,,,"36,719,675","7,661,373",,"2,462,396,574","171,726,369",,,"-187,056,304","-15,329,935",,,,"4,548,407,387",,,,,,
[039830],,,,,,,,,,,,,,,,,,,,,,,,,,,"1,820,583,929",,,"247,074,202","1,287,803,340",,,,,,,,,"3,767,425,164",,,,,,,,,,,,,,,,,,,,,,,,,32,,,"14,206,063,166",,,,,,,,"512,457,307","141,658,754",,"5,588,009,093","72,398,725",,,"336,657,513","409,056,238",,,,"19,794,072,259",,,,,,
[002630],,,,,,,,,,,,,,,,,,,,,,,,,,,"-548,188,673",,,"15,372","108,617,691",,,,,,,,,"1,302,413,416",,,,,,,,,,,,,,-5,,,,,,,,,,,,,,"3,854,329,534",,,,,,,,"182,995,495","67,933,633",,"754,224,743",,,,"-771,852,854","-771,852,854",,,,"4,608,554,277",,,,,,
[010470],,,,,,,,,,,,,,,,,,,,,,,,,,,"2,211,749,950",,,"4,581,224","36,391,002",,,,,,,,,"8,942,378,583",,,,,,,,,,,,,,,,,,,,,,,,,250,,,"13,815,792,578",,204,,,,,,"-44,837,382","1,160,945,762",,"11,154,128,533","755,054,953",,,"2,630,668,363","3,385,723,316",,,,"24,969,921,111",,,,,,
[048260],,,,,,,,,,,,,,,,,,,,,,,,,,,"9,385,809,970",,,"421,406,413","68,132,675",,,,,,,,,"15,058,079,707",,,,,,,,,,,,,,,,,,,,,,,,,516,,,"24,433,647,333",,,,,,,,"1,107,108,073","2,789,689,978",,"24,443,889,677","2,541,581,870","-1,513,508,596",,"7,366,575,147","9,908,157,017",,,,"48,877,537,010",,,,,,
[037400],,,,,,,,,,,,,,,,,,,,,,,,,,,"-664,532,025",,,"218,132,712","504,679,678",,,,,,,,,"2,237,517,224",,,,,,,,,,,,,,,,,,,,,,,,,-43,,,"8,554,874,366",,,,,,,,"63,510,982","10,072,241",,"1,572,985,199","-199,145,547",,,"-944,471,277","-1,143,616,824",,,,"10,127,859,565",,,,,,"-139,099,092"
[136540],,,,,,,,,,,,,,,,,,,,,,,,,,,"2,084,002,207",,,,,,,,,,,,,"4,920,011,639",,,,,,,,,,,,,,"-303,657,865",,,,,,,,,,,180,,,"8,944,140,440",,180,,,,,,,,,"7,004,013,846","586,298,653",,,"1,983,753,805","2,570,052,458",,,,"15,948,154,286",,,,,,
[011320],,,,,,,,,,,,,,,,,,,,,,,,,,,"627,541,461",,,"931,331,835","106,404,888",,,,,,,,,"5,631,537,332",,,,,,,,,,,,,,,,,,,,,,,,,66,,,"48,764,589,035",,,,,,,,"407,492,395","188,714,198",,"6,259,078,793","73,680,769",,,"1,160,009,442","1,233,690,211",,,,"55,023,667,828",,,,,,
[056090],,,,,,,,,,,,,,,,,,,,,,,,,,,"218,233,491",,,"13,414,910","1,576,284",,,,,,,,,"2,466,695,118",,,,,,,,,,,,,,,,,,,,,,,,,-44,,,"1,897,226,256",,-44,,,,,,"625,988,190","210,519,755",,"2,684,928,609","10,614,702",,,"-196,011,020","-185,396,318",,,,"4,582,154,865",,,,,,
[084370],,,,,,,,,,,,,,,,,,,,,,,,,,,"8,143,583,047",,,"79,407,993","329,399,359",,,,,,,,,"6,329,409,115",,,,,,,,,,,,,,,,,,,,,,,,,301,,,"17,311,282,776",,,,,,,,,"566,986,191",,"14,472,992,162","1,550,657,988",,,"6,909,919,884","8,460,577,872",,,,"31,784,274,938",,,,,,
[025820],,,,,,,,,,,,,,,,,,,,,,,,,,,"-1,715,294,505",,,"47,984,270","40,477,011",,,,,,,,,"1,316,608,800",,,,,,,,,,,,,,,,,,,,,,,,,-47,,,"53,843,168,804",,,,,,,,"1,333,754,170","978,353,908",,"-398,685,705","-436,527,079",,,"-1,578,040,969","-2,014,568,048",,,,"53,444,483,099",,,,,,"48,619,460"
[060230],,,,,,,,,,,,,,,,,,,,,,,,,,,"-534,218,401",,,,,,,,,,,,,"2,812,796,189",,,,,,,,,,,,,,"622,254,496",,,,,,,,,,,-204,,,"8,107,121,952",,-204,,,,,,,,,"2,278,577,788","557,934,040",,,"-1,714,987,264","-1,157,053,224",,,,"10,385,699,740",,,,,,
[139480],,,,,,,,,,,,,,,,,,,,,,,,,,,"95,634,540,525",,,"2,945,778,087","3,238,333,671",,,,,,,,,"697,591,684,962",,,,,,,,,,,,,,,,,,,,,,,,,"10,871",,,"1,832,240,274,227",,"10,871",,,,,,"37,945,725,744","341,796,965,806",,"793,226,225,487","96,271,515,504",,,"302,921,709,499","399,193,225,003",,,,"2,625,466,499,714",,,,,,
[134060],,,,,,,,,,,,,,,,,,,,,,,,,,,"-159,556,025",,,"36,554,819","2,372,431",,,,,,,,,"1,223,159,381",,,,,,,,,,,,,,,,,,,,,,,,,-3,,,"517,118,697",,-3,,,,,,"349,554","17,213,169",,"1,063,603,356","-96,368,158",,,"-12,141,864","-108,510,022",,,,"1,580,722,053",,,,,,
[000760],,,,,,,,,,,,,,,,,,,,,,,,,,,"51,881,102",,,"325,771,104","40,899,775",,,,,,,,,"2,029,006,981",,,,,,,,,,,,,,,,,,,,,,,,,50,,,"12,369,862,439",,,,,,,,"348,182,052","27,028,766",,"2,080,888,083","-125,613,763",,,"141,212,908","15,599,145",,,,"14,450,750,522",,,,,,
[129260],,,,,,,,,,,,,,,,,,,,,,,,,,,"12,406,720,029",,,"3,383,159,199","5,655,295,185",,,,,,,,,"3,733,473,028",,,,,,,,,,,,,,,,,,,,,,,,,260,,,"145,970,142,982",,233,,,,,,"3,159,234,191","2,893,535,817",,"16,140,193,057","2,531,108,424",,,"7,337,777,245","9,868,885,669","7,337,777,245",,,"162,110,336,039",,,,,,
[023810],,,,,,,,,,,,,,,,,,,,,,,,,,,"-695,987,472",,,"1,647,894,321","1,003,903,507",,,,,,,,,"1,141,729,357",,,,,,,,,,,,,,,,,,,,,,,,"3,522,928,773",72,,,"30,535,971,683",,72,,,,,,"66,922,948","496,481,156",,"3,968,670,658","-340,938,134",,,"718,499,684","377,561,550",,,,"34,504,642,341",,,,,,
[007570],,,,,,,,,,,,,,,,,,,,,,,,,,,"-1,414,241,806",,,"215,341,890","242,065,654",,,,,,,,,"11,099,936,027",,,,,,,,,,,,,,"2,226,370,844",,,,,,,,,,,-196,,,"37,056,047,811",,-196,,,,,,"1,781,998,406","297,561,996",,"11,912,065,065","624,038,589",,,"-3,549,440,569","-2,925,401,980",,,,"48,968,112,876",,,,,,
[159580],,,,,,,,,,,,,,,,,,,,,,,,,,,"-883,590,357",,,"144,254,134","576,080,104",,,,,,,,,"22,008,419,290",,,,,,,,,,,,,,,,,,,,,,,,,-86,,,"32,933,366,853",,-86,,,,,,"50,552,736","33,196,419",,"21,124,828,933","-274,917,689",,,"-1,057,854,955","-1,332,772,644",,,,"54,058,195,786",,,,,,
[054950],,,,,,,,,,,,,,,,,,,,,,,,,,,"1,880,269,704",,,"370,830,748","-270,006,515",,,,,,,,,"4,847,270,242",,,,,,,,,,,,,,,,,,,,,,,,,169,,,"10,857,192,639",,,,,,,,"90,640,985","-1,217,094,123",,"6,727,539,946","162,452,001",,,"1,050,919,858","1,213,371,859",,,,"17,584,732,585",,,,,,
[000480],,,,,,,,,,,,,,,,,,,,,,,,,,,"5,757,327,435",,,"473,569,773","114,817,194",,,,,,,,,"10,832,591,080",,,,,,,,,,,,,,"1,609,202,600",,,,,,,,,,,"6,292",,,"95,579,691,143",,"6,292",,,,,,"2,319,914,694","23,896,670,945",,"16,589,918,515","5,633,973,891",,,"20,449,659,774","26,083,633,665",,,,"112,169,609,658",,,,,,
[034940],,,,,,,,,,,,,,,,,,,,,,,,,,,"-78,875,392",,,"361,596,303","34,322,062",,,,,,,,,"6,127,803,202",,,,,,,,,,,,,,,,,,,,,,,,,4,,,"6,184,269,563",,4,,,,,,"156,015,284","99,395,181",,"6,048,927,810","86,230,224",,,"105,548,522","191,778,746",,,,"12,233,197,373",,,,,,
[185750],,,,,,,,,,,,,,,,,,,,,,,,,,,"8,107,964,699",,,,,,,,,,,,,"50,591,632,769",,,,,,,,,,,,,,"-2,809","-20,850,823,996",,,,,,,,,,,,,"67,793,551,744",,,,,,,,,,,"72,229,952,443","13,238,522,509",,,"-26,415,269,486","-13,176,746,977",,,,"140,023,504,187",,,,,,
[063160],,,,,,,,,,,,,,,,,,,,,,,,,,,"735,800,731",,,"141,695,644",9,,,,,,,,,"2,892,603,499",,,,,,,,,,,,,,,,,,,,,,,,,165,,,"24,719,056,393",,,,,,,,"541,082,173","639,730,064",,"3,628,404,230","130,370,089",,,"845,774,168","976,144,257",,,,"28,347,460,623",,,,,,
[001630],,,,,,,,,,,,,,,,,,,,,,,,,,,"1,810,036,536",,,,,,,,,,,,,,,,,,,,,,,,,,,,"686,393,317",,,,,,,,,,"12,665",,,"1,154,080,464",,,,,,,,,,,,"15,325,084,390",,,"48,095,497,061","63,420,581,451",,,,"2,964,117,000",,,,,,
[044380],,,,,,,,,,,,,,,,,,,,,,,,,,,"-783,207,657",,,"117,433,925","53,747,240",,,,,,,,,"2,412,712,666",,,,,,,,,,,,,,"16,987,721",,,,,,,,,,,-16,,,"7,985,800,169",,-16,,,,,,"2,121,337","100,585,526",,"1,629,505,009",0,,,"-604,069,062","-604,069,062",,,,"9,615,305,178",,,,,,
[035000],"1,200,000","200,262,918",,"75,850,957","18,262,509",,,,"123,260,462",,,"204,536,779","47,434,070",,,"2,023,975",,,,"226,413,315","5,875,259","3,256",,,"870,840",,"-71,271,839",,,"2,894,815","5,878,515",,"172,294,013","32,203,000","85,403,700","17,295,000","1,812,286,319","6,308,204","8,942,092","3,426,610,737","21,200,129","31,705,558","68,804,494","26,697,100",,,,,,,,"2,071,126",,"3,782,898,898",,,,,,,,,"472,527,119",,10,,,"427,560,000",,10,,,,,,,"228,484,441",,"3,355,338,898","-6,378,269",,,"160,607,171","154,228,902",,,,,,,,,,
[002780],,,,,,,,,,,,,,,,,,,,,,,,,,,"-16,178,046,680",,,"1,688,307,181","37,247,120,794",,,,,,,,,"9,465,542,713",,,,,,,,,,,,,,,,,,,,,,,,,-347,,,"164,036,167,273",,-347,,,,,,"664,292,291","26,044,686",,"-6,712,503,967",,,,"-52,375,107,898","-52,375,107,898",,,,"157,323,663,306",,,,,,
[030200],,,,,,,,,,,,,,,,,,,,,,,,,,,"285,183,000,000",,,,,,,,,,,,,,,,,,,,,,,,,,,"1,659,000,000","185,772,000,000",,,,,,,,,,,,,,,,,,,,,,,,,"-127,100,000,000",,,"406,171,000,000",,,,,,,,,,,
[058860],,,,,,,,,,,,,,,,,,,,,,,,,,,"1,648,248,874",,,"12,258,408,438","411,023,320",,,,,,,,,,,,,,,,,,,,,,,,,,,,,,,,,,313,,,"114,780,315,559",,313,,,,,,"941,955","142,188,027",,,"3,000,113,614",,,"10,636,766,450","13,636,880,064",,,,"116,428,564,433",,,,,,
[053210],,,,,,,,,,,,,,,,,,,,,,,,,,,,,,,,,,,,,,,,,,,,,,,,,,,,,,,,,,,,,,,,,,,,,,,,,,,,,,,,,,,,,,,,,,,,,,
[024880],,,,,,,,,,,,,,,,,,,,,,,,,,,"5,729,099,732",,,"1,169,984,062","-270,923,634",,,,,,,,,"5,784,453,338",,,,,,,,,,,,,,,,,,,,,,,,,378,,,"60,567,812,795",,378,,,,,,"1,990,928,320","1,616,100,222",,"11,513,553,070","1,276,737,215",,,"5,518,442,115","6,795,179,330",,,,"72,081,365,865",,,,,,
[052400],,,,,,,,,,,,,,,,,,,,,,,,,,,"11,653,411,320",,,"1,430,854,396","1,116,859,159",,,,,,,,,"8,029,503,350",,,,,,,,,,,,,,,,,,,,,,,,,650,,,"39,920,094,779",,650,,,,,,"452,102,954","934,651,273",,"19,682,914,670","2,412,244,489",,,"10,037,710,387","12,449,954,876",,,,"59,603,009,449",,,,,,
[005420],,,,,,,,,,,,,,,,,,,,,,,,,,,"-8,306,764,742",,,,,,,,,,,,,"3,772,458,060",,,,,,,,,,,,,,"684,780,752",,,,,,,,,,,-775,-775,,"36,946,726,223",,-775,-775,,,,,"3,361,092,640","710,958,626",,"-4,534,306,682",,,,"-10,272,118,004","-10,272,118,004","-10,272,118,004",,,"32,412,419,541",,,,,,
[066310],,,,,,,,,,,,,,,,,,,,,,,,,,,"992,122,813",,,"352,830,416","147,964,905",,,,,,,,,"970,102,083",,,,,,,,,,,,,,,,,,,,,,,,,131,,,"5,271,077,469",,,,,,,,"15,218,671","85,082,037",,"1,962,224,896","182,362,891",,,"1,084,488,799","1,266,851,690",,,,"7,233,302,365",,,,,,
[045520],,,,,,,,,,,,,,,,,,,"117,836,311","47,732,485",,,,,,,"827,110,427",,,"34,078,669","20,014,073",,,,,,,,,"2,000,304,796",,,,,,,,,,,,"13,714,000",,,,,,,,,,,,,115,,,"12,181,766,723",,115,,,,,,"274,149,042","420,062,945",,"2,827,415,223","237,115,942",,,"749,972,984","987,088,926",,,,"15,009,181,946",,,,,,
[219130],,,,,,,,,,,,,,,,,,,,,,,,,,,"727,178,874",,,"13,183,252","19,068,247",,,,,,,,,"526,912,669",,,,,,,,,,,,,,,,,,,,,,,,,133,,,"5,272,458,924",,131,,,,,,"156,208,319","120,518,774",,"1,254,091,543","154,194,479",,,"531,409,855","685,604,334",,,,"6,526,550,467",,,,,,
[009410],,,,,,,,,,,,,,,,,,,,,,,,,,,"1,251,569,180",,,"13,106,696,133","6,837,656,619",,,,,,,,,"16,422,786,499",,,,,,,,,,,,,,,,,,,,,,,,,53,,,"239,136,456,529",,53,,,,,,"5,948,020,439","893,780,793",,"17,674,355,679","1,205,252,476",,,"3,671,621,524","2,466,369,048",,,,"256,810,812,208",,,,,,
[131290],,,,,,,,,,,,,,,,,,,,,,,,,,,"-1,151,507,940",,,"55,230,455","14,051,514",,,,,,,,,"3,023,717,094",,,,,,,,,,,,,,,,,,,,,,,,,5,,,"16,185,501,397",,5,,,,,,"420,101,287","1,636,472,024",,"1,872,209,154","48,737,618",,,"57,304,120","106,041,738",,,,"18,057,710,551",,,,,,
[062860],,,,,,,,,,,,,,,,,,,,,,,,,,,"1,774,509,147",,,"107,644,462","496,231,399",,,,,,,,,"3,853,965,426",,,,,,,,,,,,,,,,,,,,,,,,,112,,,"15,184,342,736",,112,,,,,,"12,350,660","149,925,867",,"5,628,474,573","454,953,950",,,"1,068,543,467","1,523,497,417",,,,"20,812,817,309",,,,,,
[106240],,,,,,,,,,,,,,,,,,,,,,,,,,,,,,,,,,,,,,,,,,,,,,,,,,,,,,"-352,035,445",,,,,,,,,,,69,,,,,64,,,,,,,,,,,,,"2,229,522,578",,,,,,,,,,,
[091700],,,,,,,,,,,,,,,,,,,,,,,,,,,"11,393,940,295",,,"7,198,561,052","3,616,771,309",,,,,,,,,"4,163,344,286",,,,,,,,,,,,,,"6,930,795,657",,,,,,,,,,,213,,,"151,370,020,410",,,,,,,,"258,059,755","46,424,426",,"22,488,080,238","3,368,446,677",,,"11,395,648,033","14,764,094,709",,,,"173,858,100,648",,,,,,
[043090],,,,,,,,,,,,,,,,,,,,,,,,,,,"-1,572,087,802",,,"87,960,823","763,739",,,,,,,,,"1,107,843,274",,,,,,,,,,,,,,"-258,873,381",,,,,,,,,,,-111,-111,,"13,692,944,677",,,,,,,,"424,860,609","27,575,025",,"-464,244,528",,,,"-2,141,049,683","-2,141,049,683","-2,141,049,683",,,"13,228,700,149",,,,,,
[016800],,,,,,,,,,,,,,,,,,,,,,,,,,,"5,353,426,456",,,"3,357,194,247","1,285,229,968",,,,,,,,,"8,658,350,132",,,,,,,,,,,,,,,,,,,,,,,,,750,,,"39,868,974,323",,,,,,,,"27,479,857","1,980,212,261",,"14,011,776,588","2,311,963,670",,,"7,141,895,612","9,453,859,282",,,,"53,880,750,911",,,,,,
[043370],,,,,,,,"140,246,146,889",,,,,,,,,,,,,,,,,,,"-2,095,476,064",,,"7,793,376,604","1,415,115,792",,,,,,,,,"11,973,309,886",,,,,,,,,,,,,,,,,,,,,,,,,226,,,"140,246,146,889",,,,,,,,"561,060,348","1,827,642,472",,"9,877,833,822","812,768,968",,,"4,736,597,904","5,549,366,872",,,,"150,123,980,711",,,,,"150,123,980,711",
[075130],,,,,,,,,,,,,,,,,,,,,,,,,,,"-312,095,126",,,,,,,,,,,,,,,,,,,,,,,,,,,"609,605",,,,,,,,,,,117,,,,"420,812,698",117,,,,,"1,639,873,621",,"1,559,929,327",,,"303,454,458",,,"972,557,106","1,276,011,564",,,,"3,016,260,983",,,,,,
[032580],,,,,,,,,,,,,,,,,,,,,,,,,,,"-1,019,894,051",,,"279,008,004","1,680,477,631",,,,,,,,,"2,683,403,828",,,,,,,,,,,,,,"-41,609,092",,,,,,,,,,,-56,,,"11,938,999,197",,-56,,,,,,"165,927,790","51,876,844",,"1,663,509,777","1,250,627",,,"-1,063,089,927","-1,061,839,300",,,,"13,602,508,974",,,,,,
[013030],,,,,,,,,,,,,,,,,,,,,,,,,,,"15,967,081,910",,,"1,669,200,837","341,872,101",,,,,,,,,"3,456,583,342",,,,,,,,,,,,,,,,,,,,,,,,,"1,027",,,"36,196,851,070",,,,,,,,"124,181,996","947,952,433",,"19,423,665,252","4,136,319,684",,,"13,981,861,399","18,118,181,083","13,981,861,399",,,"55,620,516,322",,,,,,
[002960],,,,,,,,,,,,,,,,,,,,,,,,,,,"12,958,816,058",,,"944,930,418","1,106,624,887",,,,,,,,,"9,253,650,185",,,,,,,,,,,,,,,,,,,,,,,,,"7,677",,,"38,315,139,951",,"7,677",,,,,,,"158,308,336",,"22,212,466,243","2,975,969,816",,,"9,979,460,109","12,955,429,925",,,,"60,527,606,194",,,,,,
[017890],,,,"252,555,795","12,926,982",,"720,374,439","39,048,663,629","162,907,700","329,053,350","4,890,000","158,325,760","31,124,149","792,011,794",,,"30,389,140","485,790","112,623,369","77,098,744",,,,"1,100,141","11,122,939",10,"3,291,357,670",,,"43,293,774","364,440,943",,"67,397,801","3,091,000",,"93,632,575","767,093,856","34,329,516","11,224,973","2,697,033,048","11,561,546","9,923,061","9,551,291","10,728,264","72,632,610",,,,,,"36,642,091","62,220,433",,,,,,"4,000,000",,,,,"15,570,000",,118,,,"39,769,038,068",,118,,,,,,"716,175,952","822,088,852",,"5,988,390,718","654,188,198",,,"2,421,935,203","3,076,123,401","2,421,935,203",,,"45,757,428,786",,,"1,662,051,510",,"44,095,377,276",
[023350],,,,,,,,,,,,,,,,,,,,,,,,,,,"1,418,594,785",,,"188,576,527","10,262,127",,,,,,,,,"4,753,382,833",,,,,,,,,,,,,,,,,,,,,,,,,111,,,"35,965,873,592",,111,,,,,,"447,050,817","340,039,125",,"6,171,977,618","276,486,996",,,"1,213,410,497","1,489,897,493",,,,"42,137,851,210",,,,,,
[104700],,,,,,,,,,,,,,,,,,,,,,,,,,,"20,636,817,650",,,"1,734,640,223","542,909,240",,,,,,,,,"9,417,360,896",,,,,,,,,,,,,,,,,,,,,,,,,"1,927",,,"156,083,108,073",,,,,,,,"237,675,745","1,225,941,047",,"30,054,178,546","5,023,029,675",,,"17,745,469,245","22,768,498,920",,,,"186,137,286,619",,,,,,"-48,315,015"
[007280],,,,,,,,,,,,,,,,,,,,,,,,,,,"-7,870,010,949",,,"65,407,538","9,739,597",,,,,,,,,"4,606,612,249",,,,,,,,,,,,,,,,,,,,,,,,,"-1,114",,,"88,732,822,528",,,,,,,,"3,967,338,122","56,871,015",,"-3,263,398,700","-614,496,088",,,"-11,138,778,338","-11,753,274,426",,,,"85,469,423,828",,,,,,"-28,464,311"
[002390],,,,,,,,,,,,,,,,,,,,,,,,,,,"95,158,727",,,"387,133,281","947,240,145",,,,,,,,,"27,186,699,422",,,,,,,,,,,,,,,,,,,,,,,,,-81,,,"56,060,670,784",,-81,,,,,,"704,391,510","3,234,280",,"27,281,858,149","-156,387,784",,,"-1,009,717,583","-1,166,105,367",,,,"83,342,528,933",,,,,,
[099660],,,,,,,,,,,,,,,,,,,,,,,,,,,"1,267,420,247",,,"816,759,662","1,748,765,233",,,,,,,,,"3,447,822,053",,,,,,,,,,,,,,,,,,,,,,,,,-16,,,"12,743,931,947",,,,,,,,"1,846,150,790","66,659,677",,"4,715,242,300","-884,708,361",,,"-559,368,076","-1,444,076,437",,,,"17,459,174,247",,,,,,
[018880],,,,,,,,,,,,,,,,,,,,,,,,,,,"6,622,064,139",,,,,,,,,,,,,"45,850,548,607",,,,,,,,,,,,,,"18,362,576,627",,,,,,,,,,,51,,,"521,446,748,732",,,,,,,,,,,"52,472,612,746","7,400,223,153",,,"27,004,386,243","34,404,609,396",,,,"573,919,361,478",,,,,,
[024740],,,,,,,,,,,,,,,,,,,,,,,,,,,"1,749,586,592",,,"884,757,795","196,809,094",,,,,,,,,"2,178,738,995",,,,,,,,,,,,,,,,,,,,,,,,,96,,,"34,825,740,701",,96,,,,,,"769,784,566","33,278,691",,"3,928,325,587","470,767,504",,,"1,230,261,914","1,701,029,418",,,,"38,754,066,288",,,,,,
[003300],,,,,,,,,,,,,,,,,,,,,,,,,,,"40,220,014,841",,,"26,794,737,548","19,519,807,353",,,,,,,,,"32,612,559,160",,,,,,,,,,,,,,,,,,,,,,,"9,808,604,686",,"4,845",,,"217,114,607,928",,"4,845",,,,,,"3,044,666,022","1,101,711,629",,"72,832,574,001","11,939,634,288",,,"33,612,356,355","45,551,990,643",,,,"289,947,181,929",,,,,,
[130660],,,,,,,,,,,,,,,,,,,,,,,,,,,"10,366,573,549",,,"267,220,644","7,059,787,384",,,,,,,,,"3,712,539,123",,,,,,,,,,,,,,19,,,,,,,,,,,,,,"72,388,803,574",,,,,,,,"92,454,968","747,388,840",,"14,079,112,672","3,607,738,795",,,"621,201,886","4,228,940,681",,,,"86,467,916,246",,,,,,
[097230],,,,,,,,,,,,,,,,,,,,,,,,,,,"-58,843,000,000",,,,,,,,,,,,,"28,950,000,000",,,,,,,,,,,,,,"-20,388,000,000",,,,,,,,,,,-888,,,"557,594,000,000",,-888,,,,,,,"11,358,000,000",,"-29,893,000,000","-21,816,000,000",,,"-90,783,000,000","-112,599,000,000",,,,"527,701,000,000",,,,,,
[003480],,,,,,,,,,,,,,,,,,,,,,,,,,,"600,000,000",,,,,,,,,,,,,,,,,,,,,,,,,,,"1,328,000,000",,,,,,,,,,,-3,,,,,-3,,,,,,"859,000,000","126,000,000",,,"57,000,000",,,"-76,000,000","-133,000,000",,,,,,,,,,
[015540],,,,,,,,,,,,,,,,,,,,,,,,,,,"-1,502,569,982",,,,,,,,,,,,,"1,533,501,398",,,,,,,,,,,,"180,301,412",,"3,230,246,243",,,,,,,,,,,,-146,,"2,443,392,344",,,-146,,,,,,"-85,033,731",,"30,931,416",,,,"-3,993,161,762","-3,993,161,762","-3,993,161,762",,,"2,474,323,760",,,,,,
[008800],,,,,,,,,,,,,,,,,,,,,,,,,,,"45,158,413",,,"278,508,265","18,056,387",,,,,,,,,"1,080,434,062",,,,,,,,,,,,,,,,,,,,,,,,,,,,"9,019,039,983",,,,,,,,"331,515,714","110,884,184",,"1,125,592,475","-139,788,223",,,"230,866,436","91,078,213","230,866,436",,,"10,144,632,458",,,,,,
[089470],,,,,,,"3,135,109,410","155,171,132,562",,,,,,,,,,,,,,,,,,,"12,271,867,959",,,"1,782,709,088","352,263,959",,,,,,,,,"10,449,421,500",,,,,,,,,,,,,,,,,,,,,,,,,299,,,"158,306,241,972",,299,,,,,,"2,946,100,330","1,565,884,347",,"22,721,289,459","2,772,471,849",,,"9,549,625,256","12,322,097,105",,,,"181,027,531,431",,,"3,457,463,731",,"177,570,067,700",
[086280],,,,,,,,,,,,,,,,,,,,,,,,,,,"102,474,080,877",,,"98,159,185,703","110,989,415,434",,,,,,,,,"81,658,848,255",,,,,,,,,,,,,,,,,,,,,,,,,"2,548",,,"2,819,145,310,700",,,,,,,,"10,835,758,831","30,601,423,689",,"184,132,929,132","13,873,524,381",,,"95,535,991,623","109,409,516,004",,,,"3,003,278,239,832",,,,,,
[012330],,,,,,,,,,,,,,,,,,,,,,,,,,,"435,991,000,000",,,,,,,,,,,,,"362,355,000,000",,,,,,,,,,,,,,,"47,896,000,000",,,,,"145,824,000,000",,,,,"6,238",,,"4,027,373,000,000",,,,,,,,,,,"798,346,000,000",,,,"596,013,000,000","741,837,000,000",,,,"4,825,719,000,000",,,,,,
[069960],,,,,,,,,,,,,,,,,,,,,,,,,,,"50,790,730,000",,,"3,288,600,000","1,437,020,000",,,,,,,,,"177,230,806,000",,,,,,,,,,,,,,,,,,,,,,,,,"1,787",,,"49,089,799,000",,"1,787",,,,,,,"605,987,000",,"228,021,536,000","12,504,840,000",,,"40,743,457,000","53,248,297,000",,,,"277,111,335,000",,,,,,
[012630],,,,,,"440,116,512,328",,"314,164,644,617",,,,,,,,,,,,,,,,,,,"74,815,150,477",,"36,350,791,004","24,541,245,456","18,457,613,165",,,,,,,,,"71,475,974,498",,,,,,,,,,,,,,,,,,,,,,,,,815,,,"790,631,947,949",,815,,,,,,"9,052,037,925","8,044,088,880",,"146,291,124,975","19,898,046,516",,"58,287,810,206","59,992,787,207","79,890,833,723",,,,"936,923,072,924","490,002,592,749",,,,"388,632,669,969",
[227840],,,,,,,,,,,,,,,,,,,,,,,,,,,,,,,,,,,,,,,,,,,,,,,,,,,,,,,,,,,,,,,,,,,,,,,,,,,,,,,,,,,,,,,,,,,,,,
[005380],,,,,,,,,,,,,,,,,,,,,,,,,,,"1,274,619,000,000",,,"255,431,000,000","131,550,000,000",,,,,,,,,"1,621,508,000,000",,,,,,,"4,211",,"4,211",,,,,"1,129,098,000,000",,,,,,,,,,,,,,"8,733,463,000,000",,,,,,,,"39,879,000,000","123,610,000,000",,"2,896,127,000,000","355,804,000,000","2,671,000,000",,,"1,484,902,000,000",,,,"11,629,590,000,000",,,,,,
[011760],,,,,,,,,,,,,,,,,,,,,,,,,,,"5,064,602,266",,,"20,284,814,305","24,166,144,159",,,,,,,,,"16,256,251,901",,,,,,,,,,,,,,,,,,,,,,,,,,377,77,"857,655,495,000",,,,,,,,"5,449,454,816","6,762,965,118",,"21,320,854,167","2,328,072,145",,,"10,138,415,423","10,754,656,198","8,426,584,053","1,711,831,370",,"878,976,349,167",,,,,,"8,257,873,484"
[008770],,,,,,,,,,,,,,,,,,,,,,,,,,,"43,095,853,258",,,,,,,,,,,,,,,,,,,,,,,,,,,"-1,889,835,524",,,,,,"10,535,050,528",,,,,779,,,,,792,,,,,"30,232,658,966",,,,,,,,"30,670,967,206","41,206,017,734",,,"421,562,676,031","734,947,177,407",,,,,,
[064240],,,,,,,,,,,,,,,,,,,"42,566,724","240,712,409",,,,,,,"2,606,786,573",,,"248,352,720","-2,987,769,240",,,,,,,,,"3,689,859,733",,,,,,,,,,,,0,,"817,945,080",,,,,,,,,,,208,,,"16,314,543,578",,201,,,,,,"583,011,556","933,447,441",,"7,114,591,386","-201,284,460",,,"6,394,628,878","6,193,344,418",,,,"23,429,134,964",,,,,,
[006060],,,,,,,,,,,,,,,,,,,,,,,,,,,"3,970,035,717",,,,,,,,,,,,,"4,491,284,587",,,,,,,,,,,,,,"6,574,382,363",,,,,,,,,,,153,,,"173,802,367,914",,,,,,,,,,,"8,461,320,304","907,846,347",,,"8,391,796,839","9,299,643,186",,,,"182,263,688,218",,,,,,
[010660],,,,,,,,,,,,,,,,,,,,,,,,,,,"2,858,838,102",,,"311,057,816","129,692,456",,,,,,,,,"5,987,927,472",,,,,,,,,,,,,,,,,,,,,,,,,"1,312",,,"62,429,234,664",,,,,,,,"2,878,435","284,356,955",,"8,846,765,574","724,413,123",,,"2,597,268,859","3,321,681,982",,,,"71,276,000,238",,,,,,
[050090],,,,,,,,,,,,,,,,,,,,,,,,,,,"-407,686,757",,,"423,744,982","42,771,674",,,,,,,,,"675,185,813",,,,,,,,,,,,,,"-186,581,790",,,,,,,,,,,,-5,-6,"4,214,319,765",,,-5,-6,,,,"437,644,895","19,814,286",,"267,499,056",0,,,"-559,909,480","-257,962,268","-257,962,268","-301,947,212",,"4,481,818,821",,,,,,
