,dart_AdvertisingExpenses,dart_AllowanceForOtherDoubtfulAccounts,dart_AmortisationExpense,dart_BadDebtExpenses,dart_Commissions,dart_CommunicationExpenses,dart_ConferenceExpenses,dart_CostOfSalesFromConstruction,dart_CostOfSalesFromConstructionContracts,dart_CostOfSalesFromRenderingOfServices,dart_CostOfSalesFromRenderingOfServicesCommission,dart_CostOfSalesFromRenderingOfServicesProcession,dart_CostOfSalesFromRenderingOfServicesRental,dart_CostOfSalesFromRenderingOfServicesTransportation,dart_CostOfSalesFromSaleOfGoods,dart_CostOfSalesFromSaleOfGoodsMerchandises,dart_CostOfSalesFromSaleOfGoodsProduct,dart_CostOfSalesFromSaleOfGoodsRealEstate,dart_CostOfSalesFromServices,dart_CumulativeLossPreviouslyRecognisedInOtherComprehensiveIncomeArisingFromReclassificationOfFinancialAssetsOutOfFairValueThroughOtherComprehensiveIncomeIntoFairValueThroughProfitOrLossMeasurementCategory,dart_DepreciationExpense,dart_DividendIncome,dart_DividendIncomeNonOperating,dart_Donations,dart_EmployeeBenefits,dart_EngagementExpenses,dart_EntertainmentExpenses,dart_ExclusiveLineUseExpense,dart_ExpenseForManagementOfAffairs,dart_ExpensesOfProvisionsForRestoration,dart_ExportOverallExpense,dart_FreightExpenses,dart_GainOnForeignExchangeTranslations,dart_GainsForeignCurrencyTransactions,dart_GainsFromCommission,dart_GainsFromFinancialGuaranteeFinancialIncome,dart_GainsOnDisposalsOfAvailableForSaleFinancialAssets,dart_GainsOnDisposalsOfAvailableForSaleFinancialAssetsFinancialIncome,dart_GainsOnDisposalsOfFairValueFinancialAssetFinancialIncome,dart_GainsOnDisposalsOfHeldForTradingFinancialAssets,dart_GainsOnDisposalsOfIntangibleAssets,dart_GainsOnDisposalsOfInventory,dart_GainsOnDisposalsOfInvestments,dart_GainsOnDisposalsOfOtherNonCurrentAssets,dart_GainsOnDisposalsOfPropertyPlantAndEquipment,dart_GainsOnForeignCurrencyTransactionsFiancialIncome,dart_GainsOnForeignExchangeTranslationsFinancialIncome,dart_GainsOnSaleOfInvestmentsInAssociates,dart_GainsOnTransactionOfDerivativeFinancialInstrumentsFinancialIncome,dart_GainsOnTransactionOfForeignExchangeForwardFinancialIncome,dart_GainsOnValuationOfDerivativeFinancialInstrumentsFinancialIncome,dart_GainsOnValuationOfFairValueFinancialAsset,dart_GainsOnValuationOfFairValueFinancialAssetFinancialIncome,dart_GainsOnValuationOfForeignExchangeForwardFinancialIncome,dart_GainsOnValuationOfHeldForTradingFinancialAssets,dart_GainsOnValuationOfLongTermFinancialInstruments,dart_ImpairmentLossesOnAssociates,dart_ImpairmentLossesOnAvailableForSaleFinancialAssetsFinancialExpense,dart_ImpairmentLossesOnIntangibleAssets,dart_InsurancePremiums,dart_InterestExpenseFinanceExpense,dart_InterestIncomeFinanceIncome,dart_LeaseholdAdministrationExpense,dart_LentIncome,dart_LossOnForeignExchangeTranslations,dart_LossesForeignCurrencyTransactions,dart_LossesFromRedemptionOfBonds,dart_LossesOnDisposalOfFairValueFinancialLiabilities,dart_LossesOnDisposalOfHeldForTradingFinancialAssets,dart_LossesOnDisposalOfIntangibleAssets,dart_LossesOnDisposalOfInvestmentProperty,dart_LossesOnDisposalsOfAvailableForSaleFinancialAssetsFinancialExpense,dart_LossesOnDisposalsOfFairValueFinancialAssetFinancialExpense,dart_LossesOnDisposalsOfInvestments,dart_LossesOnDisposalsOfPropertyPlantAndEquipment,dart_LossesOnDispositionOfReceivablesFinancialExpense,dart_LossesOnForeignCurrencyTransactionsFiancialExpense,dart_LossesOnForeignExchangeTranslationsFinancialExpense,dart_LossesOnLitigationSettlements,dart_LossesOnTransactionOfDerivativeFinancialInstrumentsFinancialExpense,dart_LossesOnTransactionOfForeignExchangeForwardFinancialExpense,dart_LossesOnValuationOfDerivativeFinancialInstrumentsFinancialExpense,dart_LossesOnValuationOfFairValueFinancialAsset,dart_LossesOnValuationOfFairValueFinancialAssetFinancialExpense,dart_LossesOnValuationOfFairValueFinancialLiabilities,dart_LossesOnValuationOfForeignExchangeForwardFiancialExpense,dart_LossesOnValuationOfHeldForTradingFinancialAssets,dart_MembershipExpenses,dart_MiscellaneousExpenses,dart_MiscellaneousIncome,dart_MiscellaneousLosses,dart_NetworkContactSettleExpense,dart_OperatingExpenses,dart_OperatingIncomeLoss,dart_OrdinaryDevelopmentExpense,dart_OtherCostOfSales,dart_OtherFinancialExpenses,dart_OtherFinancialIncome,dart_OtherGains,dart_OtherLosses,dart_PackingExpenses,dart_PersonalExpense,dart_ProfitsOfAssociatesAndJointVenturesAccountedForUsingEquityMethod,dart_ProvisionForSeveranceIndemnities,dart_PublicationExpenses,dart_RentalExpenses,dart_RepairExpenses,dart_RevenueFromConstruction,dart_RevenueFromRenderingOfServicesCommission,dart_RevenueFromRenderingOfServicesProcession,dart_RevenueFromRenderingOfServicesRental,dart_RevenueFromRenderingOfServicesTransportation,dart_RevenueFromSaleOfGoodsMerchandise,dart_RevenueFromSaleOfGoodsProduct,dart_RevenueFromSaleOfGoodsRealEstate,dart_RevenueFromServices,dart_ReversalOfImpairmentLossesOnIntangibleAssets,dart_SalariesWages,dart_SalesPromotionExpenses,dart_SamplesExpenses,dart_SupplyExpenses,dart_TaxesDues,dart_TotalSellingGeneralAdministrativeExpenses,dart_TrainingExpenses,dart_TravelExpenses,dart_UtilityExpenses,dart_VehicleMaintenanceExpenses,dart_WarrantyExpenses,entity_BasicEarningsLossPerShare,entity_CostOfSales,entity_DilutedEarningsLossPerShare,entity_EarningsPerShareAbstract,entity_FinanceCosts,entity_FinanceIncome,entity_GrossProfit,entity_IncomeStatementAbstract,entity_OperatingExpenses,entity_OperatingIncomeLoss,entity_OtherGains,entity_OtherLosses,entity_ProfitLossBeforeTax,entity_ProfitLossFromDiscontinuedOperations,entity_Revenue,entity_RevenueFromRenderingOfServices,entity_TotalSellingGeneralAdministrativeExpenses,ifrs_BasicEarningsLossPerShare,ifrs_BasicEarningsLossPerShareFromContinuingOperations,ifrs_BasicEarningsLossPerShareFromDiscontinuedOperations,ifrs_CostOfSales,ifrs_DilutedEarningsLossPerShare,ifrs_DilutedEarningsLossPerShareFromContinuingOperations,ifrs_DilutedEarningsLossPerShareFromDiscontinuedOperations,ifrs_EarningsPerShareAbstract,ifrs_EmployeeBenefitsExpense,ifrs_FinanceCosts,ifrs_FinanceIncome,ifrs_GrossProfit,ifrs_IncomeTaxExpenseContinuingOperations,ifrs_OtherIncomeExpenseFromSubsidiariesJointlyControlledEntitiesAndAssociates,ifrs_OtherRevenue,ifrs_ProfitLoss,ifrs_ProfitLossBeforeTax,ifrs_ProfitLossFromContinuingOperations,ifrs_ProfitLossFromDiscontinuedOperations,ifrs_Revenue,ifrs_RevenueFromConstructionContracts,ifrs_RevenueFromDividends,ifrs_RevenueFromRenderingOfServices,ifrs_RevenueFromRoyalties,ifrs_RevenueFromSaleOfGoods,ifrs_SharebasedPaymentTransactions
[001040],,,,,,,,,,,,,,,,,,,,,,,,,,,,,,,,,,,,,,,,,,,,,,,,,,,,,,,,,,,,,,,,,,,,,,,,,,,,,,,,,,,,,,,,,,,,,,"8,008,277,000",,,,,"25,296,000",,,,,,,,,,,,,,,,,,,,,,,,"16,950,314,000",,,,,,,,,,,,,"24,958,591,000",,,,,,,,,,198,,,,198,,,,,"744,762,000","97,992,000",,"1,639,068,000",,,"5,747,735,000","7,386,803,000",,,,,,,,,
[000120],,,,,,,,,,,,,,,,,,,,,,,,,,,,,,,,,,,,,,,,,,,,,,,,,,,,,,,,,,,,,,,,,,,,,,,,,,,,,,,,,,,,,,,,,,,,,,"38,217,087,414",,,,,"137,395,272","15,091,054,244",,,,,,,,,,,,,,,,,,,,,,,"84,525,428,091",,,,,,,,,,,,,"-5,392,089,906",,,,,,,,,,87,,,"1,211,340,561,218",,,,,,"12,103,390,333","4,153,720,992","122,742,515,505",,"-7,641,548,070",,"1,530,121,125","6,922,211,031",,,"1,334,083,076,723",,,,,,
[037560],,,,,,,,,,,,,,,,,,,,,,,,,,,,,,,,,,,,,,,,,,,,,,,,,,,,,,,,,,,,,,,,,,,,,,,,,,,,,,,,,,,,,,,,,,,,,,"18,515,047,921",,,,,,,,,,,,,,,,,,,,,,,,,,,,,,,,,,,,,,,,,,"174,467,624",,,,,,,,,,60,,,"258,064,073,677",,,,,,"5,478,230,287","525,619,796",,"926,602,689",,,"4,641,537,021","5,568,139,710",,,"278,177,793,268",,,,,,
[000990],,,,,,,,,,,,,,,,,,,,,,,,,,,,,,,,,,,,,,,,,,,,,,,,,,,,,,,,,,,,,,,,,,,,,,,,,,,,,,,,,,,,,,,,,,,,,,"32,648,912,196",,,,,"2,279,301,742","6,138,054,508",,,,,,,,,,,,,,,,,,,,,,,"26,457,397,344",,,,,,,,,,,,,"637,600,000",,,,,,,,,,363,,,"104,794,021,621",363,,,,,"4,583,791,501","816,232,617","59,106,309,540","8,666,622,014",,,"15,718,378,532","24,385,000,546","15,718,378,532",,"163,900,331,161",,,,,,
[155660],,,,,,,,,,,,,,,,,,,,,,,,,,,,,,,,,,,,,,,,,,,,,,,,,,,,,,,,,,,,,,,,,,,,,,,,,,,,,,,,,,,,,,,,,,,,,,"4,010,402,408",,,,,"1,250,647,325","923,108,067",,,,,,,,,,,,,,,,,,,,,,,"3,788,194,679",,,,,,,,,,,,,,,,,,,,,,,222,,,"38,370,358,411",,,,,,"229,677,220","173,860,411","7,798,597,087","730,579,339",,,"3,551,545,518","4,282,124,857",,,"46,168,955,498",,,,,,
[078930],,,,,,,,,,,,,,,,,,,,,,,,,,,,,,,,,,,,,,,,,,,,,,,,,,,,,,,,,,,,,,,,,,,,,,,,,,,,,,,,,,,,,,,,,,,,,,"22,659,000,000",,,,,"37,000,000",,,,,,,,,,,,,,,,,,,,,,,,"7,611,000,000",,,,,,,,,,,,,,,,,,,,,,,119,,,,132,,,,,"7,082,000,000","55,000,000","30,270,000,000","4,359,000,000",,,"11,310,000,000","15,669,000,000",,,"30,270,000,000",,,,,,
[006360],,,,,,,,"2,238,081,282,134",,,,,,,,,,"115,044,634,622",,,,,,,,,,,,,,,,,,,,,,,,,,,,,,,,,,,,,,,,,,,,,,,,,,,,,,,,,,,,,,,,,,,,,,,,,,,,"69,307,865,431",,"40,687,071,709",,,"84,995,195,722","124,432,049,045",,,,,,,,"2,454,091,018,333",,,,,,,"141,437,029,592",,,,,,,,"164,442,711,340",,,,,,,,,,,,,-75,,,,,,,,,,,,,"2,393,812,988,465",,,,,,"56,478,892,266","23,376,129,785","233,750,576,771","1,609,752,533",,"32,035,517,311","-4,841,502,906","-3,231,750,373",,,"2,627,563,565,236",,,,,,
[001250],,,,,,,,,,,"8,461,991,545",,,,,"763,577,925,733",,,,,,,,,,,,,,,,,,,,,,,,,,,,,,,,,,,,,,,,,,,,,,,,,,,,,,,,,,,,,,,,,,,,,,,,,,,,,,"10,584,486,085",,,,,"19,014,484,987","20,691,760,639",,,,,,,,,"10,584,116,921",,,,"789,500,934,007",,,,,,,,,,"17,460,647,565",,,,,,,,,,,,,,,,,,,,,,,75,,,"772,039,917,278",,,,,,"3,169,173,643","1,203,694,187","28,045,133,650","713,953,778",,,"6,227,777,199","6,941,730,977",,,"800,085,050,928",,,,,,
[028150],,,,,,,,,,,,,,,,,,,,,,,,,,,,,,,,,,,,,,,,,,,,,,,,,,,,,,,,,,,,,,,,,,,,,,,,,,,,,,,,,,,,,,,,,,,,,,"30,294,430,804",,,,,"95,782,292","561,815,269",,,,,,,,,,,,,,,,,,,,,,,"204,886,786,175",,,,,,,,,,,,,"296,633",,,,,,,,,,"3,988",,,"15,061,262,320",0,,,,,"50,716,520","3,126,608,454","235,181,216,979","8,126,009,776",,,"24,778,576,618","32,904,586,394",,,"250,242,479,299",,,,,,
[012630],,,,,,,,,,,,,,,,,,,,,,,,,,,,,,,,,,,,,,,,,,,,,,,,,,,,,,,,,,,,,,"953,401,818",,,,,,,,,,,,,,,,,,,,,,,,,,,"4,463,638,508",,,,,"-5,108,747,323",,,,"28,698,519","5,301,964,731","386,767,650",,,,,,,,,,,,,,,,,,,,,,,"4,463,638,508",,,,,,,,,,,,,,,,,,,,,,,,28,"1,831","5,341,647,298",,,,,,,"982,100,337","-645,108,815","-910,173,882",,,"111,097,937,810","788,550,095","1,698,723,977","109,399,213,833","4,696,538,483",,,,,,
[089470],,,,,,,,,,,,,,,,"8,713,104,063","173,615,265,869",,,,,,,,,,,,,,,,,,,,,,,,,,,,,,,,,,,,,,,,,,,,,,,,,,,,,,,,,,,,,,,,,,,,,,,,,,,,,"9,369,607,697",,,,,"1,643,744,974","165,523,216",,,,,,,,,,,,,"9,193,134,092","191,403,830,312",,,,,,,,,"8,743,198,581",,,,,,,,,,,,,"1,082,019,859",,,,,,,,,,243,,,"182,328,369,932",243,,,,,"622,330,222","760,982,902","18,268,594,472","2,427,948,021",,,"7,507,402,314","9,935,350,335",,,"200,596,964,404",,,,,,
[294870],,,,,,,,,,,,,,,,,,,,,,,,,,,,,,,,,,,,,,,,,,,,,,,,,,,,,,,,,,,,,,,,,,,,,,,,,,,,,,,,,,,,,,,,,,,,,,,,,,,,,,,,,,,,,,,,,,,,,,,,,,,,,,,,,,,,,,,,,,,,,,,,,,,,,,,,,,,,,,,,,,,,,,,,,,,
[082740],,,,,,,,,,,,,,,,,,,,,,,,,,,,,,,,,,,,,,,,,,,,,,,,,,,,,,,,,,,,,,,,,,,,,,,,,,,,,,,,,,,,,,,,,,,,,,"2,313,451,838",,,,,"3,398,005,795","982,728,390",,,,,,,,,,,,,,,,,,,,,,,"10,237,255,714",,,,,,,,,,,,,,,,,,,,,,,-22,,,"176,614,133,745",-22,,,,,"20,277,755,855","14,962,526,914","12,550,707,552","963,372,747",,,"-1,549,872,445","-586,499,698","-1,549,872,445",,"189,164,841,297",,,,,,
[024120],,,,,,,,,,,,,,,,,,,,,,,,,,,,,,,,,,,,,,,,,,,,,,,,,,,,,,,,,,,,,,,,,,,,,,,,,,,,,,,,,,,,,,,,,,,,,,"3,617,636,963",,,,,"30,702,807","7,968,111",,,,,,,,,,,,,,,,,,,,,,,"2,607,273,463",,,,,,,,,,,,,,,,,,,,,,,308,,,"30,772,240,116",,,,,,"682,422,260","1,248,941,700","6,224,910,426","660,840,381",,,"3,546,050,718","4,206,891,099",,,"36,997,150,542",,,,,,
[083470],,,,,,,,,,,,,,,,,,,,,,,,,,,,,,,,,,,,,,,,,,,,,,"146,444,306","839,888,095",,,,,,,,,,,,,,"373,577,577","219,084,576",,,,,,,,,,,,,,,"841,680,313",,,,,,,,,,,,,,,,,"503,071,757",,,,,"151,059,454","23,001,507",,,,,,,,,,,,,,,,,,,,,,,"1,710,497,334",,,,,,,,,,,,,"565,505,816",,,,,,,,,,29,,,"12,828,363,857",29,,,,,"1,215,257,890","1,205,416,977","2,779,074,907",,,,"621,288,791","621,288,791",,,"15,607,438,764",,,,,,
[036030],,,,,,,,,,,,,,,,,,,,,,,,,,,,,,,,,,,,,,,,,,,,,,,,,,,,,,,,,,,,,,,,,,,,,,,,,,,,,,,,,,,,,,,,,,,,,,"1,178,884,914",,,,,"165,355,460","420,787,657",,,,,,,,,,,,,,,,,,,,,,,"2,450,666,073",,,,,,,,,,,,,,,,,,,,,,,-12,,,"51,801,960,007",,,,,,"14,109,142","295,610,511","3,629,550,987","-1,664,344,385","14,736,604",,"-444,653,695","1,219,690,690",,,"55,431,510,994",,,,,,
[060370],,,,,,,,,,,,,,,,,,,,,,,,,,,,,,,,,,,,,,,,,,,,,,,,,,,,,,,,,,,,,,,,,,,,,,,,,,,,,,,,,,,,,,,,,,,,,,"3,601,019,934",,,,,"47,292,432","-7,699,879",,,,,,,,,,,,,,,,,,,,,,,"1,052,068,702",,,,,,,,,,,,,,,,,,,,,,,138,,,"18,186,296,413",,,,,,"243,466,308","110,096,352","4,653,088,636","691,830,892",,,"2,830,811,397","3,522,642,289",,,"22,839,385,049",,,,,,
[003550],,,,,,,,,,,,,,,,,,,,,"5,026,000,000",,,,,,,,,,,,,,,,,,,,,,,,,,,,,,,,,,,,,,,,,,,,,,,,,,,,,,,,,,,,,,,,,,,,"35,248,000,000",,,,"51,329,000,000","47,098,000,000",,,,,,,,"11,055,000,000",,,,,,,,,"29,931,000,000",,,,,,,,,,,,,,,,,,,,,"1,824",,,,"503,000,000",,,,,,,,,,,,,,,,,,,,,,"102,415,000,000",,,"320,526,000,000","422,941,000,000",,,"98,427,000,000",,,,"68,496,000,000",,
[001120],,,,,,,,,,,,,,,,,,,,,,,,,,,,,,,,,,,,,,,,,,,,,,,,,,,,,,,,,,,,,,,,,,,,,,,,,,,,,,,,,,,,,,,,,,,,,,"17,661,512,585",,,,,,,,,,,,,,,,,,,,,,,,,,,,,"38,669,980,515",,,,,,,,,601,,,,"-1,847,608,116",,,,,,,,,,,,,"690,271,283,455",,,,,,,,"56,331,493,100","15,279,711,572",,,"23,231,172,015","38,510,883,587",,,"746,602,776,555",,,,,,
[051900],,,,,,,,,,,,,,,,,,,,,,,,,,,,,,,,,,,,,,,,,,,,,,,,,,,,,,,,,,,,,,,,,,,,,,,,,,,,,,,,,,,,,,,,,,,,,,"194,971,721,234",,,,,"3,123,411,412","6,736,000,631",,,,,,,,,,,,,,,,,,,,,,,"345,747,271,643",,,,,,,,,,,,,,,,,,,,,,,"10,099",,,"418,350,963,652","10,112",,,,,"2,650,467,916","22,124,415,976","540,718,992,877","41,572,807,602",,,"169,260,272,473","210,833,080,075",,,"959,069,956,529",,,,,,
[032640],,,,,"1,565,296,000,000",,,,,,,,,,,,,,,,"418,772,000,000",,,,,,,,,,,,,,,,,,,,,,,,,,,,,,,,,,,,,,,,,,,,,,,,,,,,,,,,,,,,,,,,,,,,,,,,,"216,478,000,000",,,,,"19,730,000,000","22,285,000,000",,,,,,,,,,,,,,,,,,"169,822,000,000",,,,,"2,153,890,000,000",,,,,,,,,,,,,,,,,,,,,,,334,,,"684,164,000,000",,,,,,"32,925,000,000","5,918,000,000","2,370,368,000,000","41,252,000,000",,,"145,664,000,000","186,916,000,000",,,"3,054,532,000,000",,,,,,
[011070],,,,,,,,,,,,,,,,,,,,,,,,,,,,,,,,,,,,,,,,,,,,,,,,,,,,,,,,,,,,,,,,,,,,,,,,,,,,,,,,,,,,,,,,,,,,,,"50,923,584,629",,,,,"14,966,593,144","19,577,299,631",,,,,,,,,,,,,,,,,,,,,,,"125,654,352,991",,,,,,,,,,,,,,,,,,,,,,"73,304,008,849","1,441",,,"1,518,277,815,838","1,441",,,,,"9,733,860,429","3,203,520,273","176,577,937,620","5,690,177,911",,,"34,092,360,075","39,782,537,986",,,"1,694,855,753,458",,,,,,
[066570],,,,,,,,,,,,,,,,,,,,,,,,,,,,,,,,,,,,,,,,,,,,,,,,,,,,,,,,,,,,,,,,,,,,,,,,,,,,,,,,,,,,,,,,,,,,,,"123,258,000,000",,,,,"294,072,000,000","213,955,000,000",,,,,,,,,,,,,,,,,,,,,,,"1,512,735,000,000",,,,,,608,,,,,,,,,,,,,,,,"155,006,000,000",,,,"6,592,185,000,000",,,,,,"106,934,000,000","69,443,000,000","1,635,993,000,000","58,480,000,000",,,"107,404,000,000","165,884,000,000",,,"8,228,178,000,000",,,,,,
[108670],,,,,,,,,,,,,,,,,,,,,,,,,,,,,,,,,,,,,,,,,,,,,,,,,,,,,,,,,,,,,,,,,,,,,,,,,,,,,,,,,,,,,,,,,,,,,,"31,280,000,000",,,,,"4,381,000,000","3,596,000,000",,,,,,,,,,,,,,,,,,,,,,,"136,252,000,000",,,,,,,,,,,,,,,,,,,,,,,,"2,086",-23,"571,381,000,000",,"2,098",-23,,,"4,899,000,000","998,000,000","167,532,000,000","7,336,000,000",,,"20,602,000,000","28,164,000,000","20,828,000,000","-226,000,000","738,913,000,000",,,,,,
[051910],,,,,,,,,,,,,,,,,,,,,,,,,,,,,,,,,,,,,,,,,,,,,,,,,,,,,,,,,,,,,,,,,,,,,,,,,,,,,,,,,,,,,,,,,,,,,,"630,050,000,000",,,,,"87,506,000,000","184,824,000,000",,,,,,,,,,,,,,,,,,,,,,,"562,621,000,000",,,,,,,,,"5,536",,,,,,,,,,,,,,,,,"4,044,002,000,000",,,,,,"35,938,000,000","44,541,000,000","1,192,671,000,000","118,055,000,000",,,"423,280,000,000","541,335,000,000",,,"5,236,673,000,000",,,,,,
[104200],,,,,,,,,,,,,,,,,,,,,,,,,,,,,,,,,,,,,,,,,,,,,,,,,,,,,,,,,,,,,,,,,,,,,,,,,,,,,,,,,,,,,,,,,,,,,,"-2,750,103,936",,,,,"33,304,138","9,961,429",,,,,,,,,,,,,,,,,,,,,,,,,,,,,,,,,,,,"24,739,850,090",,,,,,,,,,-230,,,,-230,,,,,"1,143,385","157,476,492",,"6,155,533","-576,133,506",,"-3,152,717,159","-3,146,561,626",,,"21,989,746,154",,,,,,
[010060],,,,,,,,,,,,,,,,,,,,,,,,,,,,,,,,,,,,,,,,,,,,,,,,,,,,,,,,,,,,,,,,,,,,,,,,,,,,,,,,,,,,,,,,,,,,,,"71,939,143,000",,,,,"3,946,179,000","1,545,058,000",,,,,,,,,,,,,,,,,,,,,,,"30,261,150,000",,,,,,,,,,,,,,,,,,,,,,,,,,"554,463,250,000","1,847",,,,,"22,863,266,000","12,913,425,000","102,200,293,000","20,349,243,000",,,"44,041,180,000","64,390,423,000",,,"656,663,543,000",,,,,,
[017670],"37,489,000,000",,,,"1,242,501,000,000",,,,,,,,,,,,,,,,"593,341,000,000",,,,,,,"73,726,000,000",,,,,,,,,,,,,,,,,,,,,,,,,,,,,,,,,,,,,,,,,,,,,,,,,,,,,,,,,,,,,,,,"161,691,000,000","2,735,856,000,000","420,680,000,000",,,,,,,,,,,,"110,106,000,000",,,,,,,,,,"3,156,536,000,000",,,,,,,,,,,,,,,,,,,,"211,306,000,000","231,477,000,000",,,,,,,,,"6,780",,,,"6,780",,,,"152,635,000,000","64,288,000,000","23,357,000,000",,"85,482,000,000",,,"478,715,000,000","564,197,000,000",,,"3,156,536,000,000",,,,,,
[063440],,,,,,,,,,,,,,,,,,,,,,,,,,,,,,,,,,,,,,,,,,,,,,,,,,,,,,,,,,,,,,,,,,,,,,,,,,,,,,,,,,,,,,,,,,,,,,"753,075,654",,,,,,"715,027",,,,,,,,,,,,,,,,,,,,,,,"1,090,180,679",,,,,,,,,,,,,"-419,337,281",,,,,,,,,,9,11,-2,"10,597,287,476",9,,,,,0,"57,857,645","1,843,256,333",0,"36,280,988",,"358,812,122","427,161,979","427,161,979","-68,349,857","12,440,543,809",,,,,,
[005610],,,,,,,,,,,,,,,,,,,,,,,,,,,,,,,,,,,,,,,,,,,,,,,,,,,,,,,,,,,,,,,,,,,,,,,,,,,,,,,,,,,,,,,,,,,,,,"2,454,560,117",,,,,"429,030,282","94,947,334",,,,,,,,,,,,,,,,,,,,,,,"43,876,138,117",,,,,,,,,,,,,"-74,882,554",,,,,,,,,,141,,,"187,328,280,293",,,,,,"702,699,248","55,432,439","60,270,393,870","-915,542,247",,,"1,150,951,455","2,066,493,702",,,"247,598,674,163",,,,,,
[048770],"127,083,302",,"31,717,733",,"103,976,188","56,602,783",,,,,,,,,,"6,258,545,156","11,724,238,647",,,,"93,952,578",,,,"155,075,232",,"43,671,452",,"4,024,144",,,"30,812,157","4,976,609","3,654,001",,,,,,,,,,,,,,,,,,"46,327,900",,,,,,,,"21,399,722","241,978,709","17,166,918",,"3,900,000","-9,279,044","2,958,858",,,,,,,,,,,,,,,,,,,,,,"8,360,000","3,097,551","167,295,285","21,881,324",,,"1,731,406,065","257,163,172",,,,"226,153,795","15,561,138",,,,"162,499,365","10,356,046","83,935,741","4,610,074",,,,,,"7,642,669,668","15,358,750,142",,,,"1,655,711,328",,"3,274,184","10,575,866","126,802,393","3,287,229,942","4,698,584","95,553,289","19,588,887","172,688,171",,,,,,,,,,,,,,,,,,,113,,,"17,982,783,803",,,,,,"241,978,709","17,166,918","5,018,636,007","260,307,610",,,"1,456,879,321","1,717,186,931",,,"23,001,419,810",,,,,,
[009450],,,,,,,,,,,,,,,,,,,,,,,,,,,,,,,,,,,,,,,,,,,,,,,,,,,,,,,,,,,,,,,,,,,,,,,,,,,,,,,,,,,,,,,,,,,,,,"7,712,873,324",,,,,"2,103,416,914","5,286,563,798",,,,,,,,,,,,,,,,,,,,,,,"24,035,142,653",,,,,,,,,,,,,,,,,,,,,,,217,,,"100,039,810,090",217,,,,,"236,924,392","11,745,181","31,748,015,977","1,567,709,469",,,"2,736,837,760","4,304,547,229",,,"131,787,826,067",,,,,,
[000050],"-52,604,620",,,0,"10,782,694,404","7,968,380","5,988,881",,,,,,"14,744,678,479",,"29,428,292,538",,,,,,"1,060,240,555",0,,,"53,970,357",,"41,014,835",,,,,"246,090,715","46,252,015","142,899,318",,,,"4,060,887,674",,,0,,,,"2,949,712,124",,,,,,,,,,,,,,,"7,399,844","1,241,713,903","189,869,202",,,"-487,162,210","494,218,666",,,,,,0,,,"1,094,021,620",,,,,,,0,,,,,,,"25,835,636","737,436,612","13,983,657",,,"7,631,640,272","8,048,618",,"1,018,163,419",0,"3,876,300,069","1,115,061,733",,,,"67,327,219",,,"16,449,818",,,,"29,895,829,681",,,,,,,"567,876,044",,,"4,284,768","375,558,270","13,950,062,691","819,300","42,525,692","675,845,868","12,728,107",,,,,,,,,,,,,,,,,,,291,,,"44,172,971,017",291,,,,,"2,259,877,322","4,250,756,876","21,581,702,963","4,400,704,122",,,"7,983,054,040","12,383,758,162",,,"65,754,673,980",,,,,"35,858,844,299",
[013580],,,,,,,,,,,,,,,,,,,,,,,,,,,,,,,,,,,,,,,,,,,,,,,,,,,,,,,,,,,,,,,,,,,,,,,,,,,,,,,,,,,,,,,,,,,,,,"17,051,575,965",,,,,,,,,,,,,,,,,,,,,,,,,,,,,"15,660,635,506",,,,,,,,,,,,,"1,539,238,719",,,,,,,,,,"1,138",,,"332,038,034,973",,,,,,"4,516,741,597","1,024,469,278","32,712,211,471","2,852,321,423",,,"10,076,046,714","12,928,368,137",,,"364,750,246,444",,,,,,
[004200],,,,,,,,"123,800,232,174",,,,,,,,,,0,"605,526,661",,,,,,,,,,,,,,,,,,,,,,,,,,,,,,,,,,,,,,,,,,,,,,,,,,,,,,,,,,,,,,,,,,,,,,,,,,,"10,878,614,623",,,,,"270,015,072","1,945,077,339",,,,,,,,"139,974,189,625",,,,,,,0,"642,021,540",,,,,,,"5,331,837,707",,,,,,,,,,,,,,,,,,,,,,,231,,,"124,405,758,835",194,,,,,"2,470,618,833","214,043,848","16,210,452,330","1,683,854,193",,,"5,263,123,178","6,946,977,371",,,"140,616,211,165",,,,,,
[060480],,,,,,,,,,"1,546,416,007",,,,,"7,074,004,450",,,,,,,,,,,,,,,,,,,,,,,,,,,,,,,,,,,,,,,,,,,,,,,,,,,,,,,,,,,,,,,,,,,,,,,,,,,,,,,"679,764,026",,,,,"8,563,366","400,000",,,,,,,,,,"2,013,649,761",,,,"7,679,038,062",,,,,,,,,"392,503,340",,,,,,,,,,,,,,,,,,,,,,,53,,,"8,620,420,457",,,,,,0,"2,824,903","1,072,267,366","146,610,153",,,"544,142,142","690,752,295",,,"9,692,687,823",,,"2,013,649,761",,"7,679,038,062",
[011780],,,,,,,,,,,,,,,,,,,,,,,,,,,,,,,,,,,,,,,,,,,,,,,,,,,,,,,,,,,,,,,,,,,,,,,,,,,,,,,,,,,,,,,,,,,,,,"50,896,081,901",,,,,"7,209,866,852","5,828,424,037",,,,,,,,,,,,,,,,,,,,,,,"35,556,855,993",,,,,,,,,,,,,,,,,,,,,,,"1,020",,,"838,854,772,164",,,,,,"17,537,469,861","4,605,807,571","86,452,937,894","10,862,905,059",,,"28,482,957,367","39,345,862,426",,,"925,307,710,058",,,,,,
[000270],,,,,,,,,,,,,,,,,,,,,,,,,,,,,,,,,,,,,,,,,,,,,,,,,,,,,,,,,,,,,,,"606,427,000,000",,,,,,,,,,,,,,,,,,,,,,,,,,"821,125,000,000",,,,,"-540,448,000,000",,,,"46,560,000,000",,,,,,,,,,,,,,,,,,,,,,,,,"1,427,552,000,000",,,,,,,,,,,"72,902,000,000",,"155,345,000,000",,,,,,,,,,"-1,073",,,"7,513,309,000,000",,,,,,,"-26,342,000,000","887,104,000,000","186,410,000,000","20,067,000,000",,"-430,495,000,000","-616,905,000,000",,,"8,400,413,000,000",,,,,,
[089600],,,,,,,,,,,,,,,,,,,,,,,,,,,,,,,,,,,,,,,,,,,,,,,,,,,,,,,,,,,,,,,,,,,,,,,,,,,,,,,,,,,,,,,,,,,,,,"5,589,413,140",,,,,"22,121","70,000,027",,,,,,,,,,,,,,,,,,,,,,,"15,036,871,459",,,,,,,,,,,,,,,,,,,,,,,498,,,,,,,,,"60,849,321","167,047,660","20,626,284,599","1,269,009,036",,,"4,356,624,537","5,625,633,573",,,,,,,,,
[004270],,,,,,,,,,,,,,,,,,,,,,,,,,,,,,,,,,,,,,,,,,,,,,,,,,,,,,,,,,,,,,,,,,,,,,,,,,,,,,,,,,,,,,,,,,,,,,"1,793,201,460",,,,,"64,014,525","51,959,193",,,,,,,,,,,,,,,,,,,,,,,"1,469,007,236",,,,,,,,,,,,,"-418,147,033",,,,,,,,,,,33,,"21,400,409,298",,,,,,"112,430,777","-149,229,642","3,262,208,696","238,800,084",,,"886,649,256","1,125,449,340",,,"24,662,617,994",,,,,,
[095660],,,,,,,,,,,,,,,,,,,,,,,,,,,,,,,,,,,,,,,,,,,,,,,,,,,,,,,,,,,,,,,,,,,,,,,,,,,,,,,,,,,,,,,,,,,,,,"3,376,695,234",,,,,"1,218,289,006","26,893,173",,,,,,,,,,,,,,,,,,,,,,,"11,698,259,854",,,,,,,,,,,,,"300,221,615",,,,,,,,,,133,,,"12,150,926,875",,,,,,"75,364,382","392,512,552","15,074,955,088","1,881,224,291",,,"2,816,659,695","4,697,883,986",,,"27,225,881,963",,,,,,
[042420],,,,,,,,,,,,,,,,,,,,,"3,803,949",,,,,,,,,,,,,,,,,,,,,,,,,,,,,,,,,,,,,,,,,,,,,,,,,,,,,,,,,,,,,,,,,,,,"43,349,111",,,,"178,354,229","-41,625,891",,,,,"10,000","70,000",,"131,201,169",,,,,,,,,,,,,,,,,,,,,,,,,,,,,,,,,,"311,065,590",,,,,,,,,,105,,,,,,,,,"-80,388,829","817,834,939",,"-251,388,159",,,"916,215,308","1,167,603,467",,,"136,728,338",,,"25,510,500","109,091,194","2,126,644",
[090350],,,,,,,,,,,,,,,,,,,,,,,,,,,,,,,,,,,,,,,,,,,,,,,,,,,,,,,,,,,,,,,,,,,,,,,,,,,,,,,,,,,,,,,,,,,,,,"7,385,921,666",,,,,"388,450,187","60,780,916",,,,,,,,,,,,,,,,,,,,,,,"19,646,463,207",,,,,,,,,,,,,,,,,,,,,,,265,,,"96,771,679,898",265,,,,,"1,601,957,883","747,349,134","27,032,384,873","1,436,244,364",,,"5,422,737,824","6,858,982,188",,,"123,804,064,771",,,,,,
[000320],,,,,,,,,,,,,,,,,,,,,,,,,,,,,,,,,,,,,,,,,,,,,,,,,,,,,,,,,,,,,,,,,,,,,,,,,,,,,,,,,,,,,,,,,,,,,,"2,826,089,960",,,,,"143,207","59,766,206",,,,,,,,,,,,,,,,,,,,,,,,,,,,,,,,320,,,,"4,031,512,640",,,,,,,,,,320,,,,,,,,,"1,075,319,027","1,594,612,512",,"-32,014,601",,,"3,317,775,047","3,285,760,446",,,,,,,,,
[004370],,,,,,,,,,,,,,,,,,,,,,,,,,,,,,,,,,,,,,,,,,,,,,,,,,,,,,,,,,,,,,,,,,,,,,,,,,,,,,,,,,,,,,,,,,,,,,"23,627,825,448",,,,,"6,332,847,841","676,265,420",,,,,,,,,,,,,,,,,,,,,,,"125,784,493,184",,,,,,,,,,,,,,,,,,,,,,,"4,117",,,"331,570,950,562","4,117",,,,,"1,387,764,948","3,512,144,075","149,412,318,632","7,597,258,451",,,"23,811,528,545","31,408,786,996",,,"480,983,269,194",,,,,,
[054050],"386,000,619",,,"-9,801,620","510,692,185","20,028,841",,,,,,,,,,,,,,,"157,094,516",0,,"20,700,000","633,766,304",,"203,631,073",,,,,"246,751,734",,,,,,,,,,,,,0,"131,712,536","216,542,617",,,0,,,,0,,,,,,"8,352,925","252,489,018","11,776,403",,"362,822,534",,,,,,0,,,,,"10,076,188",,"316,649,034","-276,517,870",,,,,,,,0,,,,"30,680,640","10,608,813",,,"-689,218,219","2,771,628,749",,,,"393,503,174","263,388,943","4,019,800",,,"220,618,110","4,555,680","6,775,670","1,228,000",,,,,,,,,,,"2,342,063,230","105,249,059",,"13,033,231","4,989,210","8,079,639,598","28,127,246","141,142,986","28,698,995","184,943,235",,,"1,753,593,250",,,0,,,,,,,"168,175,942",,,"2,113,841,957",,"760,640",-20,,,"8,141,446,924",-20,,,,,"292,620,182","360,031,556","7,390,421,379","212,200,032",,,"-279,492,582","-491,692,614",,,"15,531,868,303",,,,,,
[064260],,,,,,,,,,,,,,,,,,,,,,,,,,,,,,,,,,,,,,,,,,,,,,,,,,,,,,,,,,,,,,,,,,,,,,,,,,,,,,,,,,,,,,,,,,,,,,"4,746,765,710",,,,,"2,429,945,938","1,703,381,990",,,,,,,,,,,,,,,,,,,,,,,,,,,,,,,,,,,,,,,,,,,,,,36,,,,33,,,,,"697,659,852","497,523,152",,"2,655,006,421",,,"1,833,702,868","4,488,709,289",,,,,,,,,
[019680],,,,,,,,,,,,,,,,,,,,,,,,,,,,,,,,,,,,,,,,,,,,,,,,,,,,,,,,,,,,,,,,,,,,,,,,,,,,,,,,,,,,,,,,,,,,,,"11,585,447,707",,,,,"6,827,132,410","2,094,497,876",,,,,,,,,,,,,,,,,,,,,,,"21,074,047,854",,,,,,147,,146,,,,,,,,,,,,,,,,,,"153,845,879,784",,,,,,"-41,451,258","410,999,123","32,659,495,561","4,217,052,243",,,"13,208,783,473","17,425,835,716",,,"186,505,375,345",,,,,,
[006370],,,,,,,,,,,,,,,,,,,,,,,,,,,,,,,,,,,,,,,,,,,,,,,,,,,,,,,,,,,,,,,,,,,,,,,,,,,,,,,,,,,,,,,,,,,,,,"-2,859,392,260",,,,,"445,849,005","154,843,388",,,,,,,,,,,,,,,,,,,,,,,"23,071,853,053",,,,,,,,,,,,,,,,,,,,,,,-353,,,"9,287,225,055",-353,,,,,"244,418,498","149,634,983","20,212,460,793","60,629,289",,,"-2,723,799,447","-2,663,170,158",,,"29,499,685,848",,,,,,
[000210],,,,,,,,,,,,,,,,,,,,,,,,,,,,,,,,,,,,,,,,,,,,,,,,,,,,,,,,,,,,,,,,,,,,,,,,,,,,,,,,,,,,,,,,,,,,,,"160,020,509,995",,,,,"31,329,790,582","42,862,162,598",,,,,,,,,,,,,,,,,,,,,,,"121,780,879,096",,,,,,,,,,,,,,,,,,,,,,,"2,875",,,"2,786,648,155,452","2,887",,,,,"20,096,174,863","19,290,846,320","281,801,389,091","36,673,037,999",,,"111,009,771,437","147,682,809,436",,,"3,068,449,544,543",,,,,,
[078140],,,,,,,,,,,,,,,,,,,,,,,,,,,,,,,,,,,,,,,,,,,,,,,,,,,,,,,,,,,,,,,,,,,,,,,,,,,,,,,,,,,,,,,,,,,,,,"1,004,045,373",,,,,"29,089,508","-39,195,071",,,,,,,,,,,,,,,,,,,,,,,"1,959,934,814",,,,,,,,,,,,,,,,,,,,,,,88,,,"10,326,336,814",88,,,,,"2,016,454","31,868,679","2,963,980,187","123,637,900",,,"978,544,277","1,102,182,177",,,"13,290,317,001",,,,,,
[045390],,,,,,,,,,,,,,,,,,,,,,,,,,,,,,,,,,,,,,,,,,,,,,,,,,,,,,,,,,,,,,,,,,,,,,,,,,,,,,,,,,,,,,,,,,,,,,"2,540,112,724",,,,,"34,357,142","439,629,940",,,,,,,,,,,,,,,,,,,,,,,"1,846,207,138",,,,,,,,,,,,,,,,,,,,,,,28,,,"12,182,616,942",,,,,,"1,479,013","167,443,547","4,386,319,862","332,883,876",,,"1,967,920,584","2,300,804,460",,,"16,568,936,804",,,,,,
[047040],,,,,,,,,,,,,,,,,,,,,,,,,,,,,,,,,,,,,,,,,,,,,,,,,,,,,,,,,,,,,,,,,,,,,,,,,,,,,,,,,,,,,,,,,,,,,,"55,492,313,735",,,,,"79,000,329,401","62,679,221,861",,,,,,,,,,,,,,,,,,,,,,,"87,964,789,937",,,,,,,,,,,,,,,,,,,,,,,103,,,"2,699,836,444,106",103,,,,,"20,941,470,715","6,676,922,006","143,457,103,672","15,281,282,782",,,"42,267,589,784","57,548,872,566",,,"2,843,293,547,778",,,,,,
[042660],,,,,,,,,,,,,,,,,,,,,,,,,,,,,,,,,,,,,,,,,,,,,,,,,,,,,,,,,,,,,,,,,,,,,,,,,,,,,,,,,,,,,,,,,,,,,,"167,595,328,832",,,,,"3,086,611,389","40,852,133,295",,,,,,,,,,,,,,,,,,,,,,,"35,223,443,171",,,,,,,,,,,,,"-6,181,455,831",,,,,,,,,,"1,052",,,"2,040,517,486,825",702,,,,,"4,232,764,809","23,851,747,208","329,668,925,859","118,799,136,937","46,208,284,932",,"107,784,066,066","226,583,203,003",,,"2,370,186,412,684",,,,,,
[000430],,,,,,,,,,,,,,,,,,,,,,,,,,,,,,,,,,,,,,,,,,,,,,,,,,,,,,,,,,,,,,,,,,,,,,,,,,,,,,,,,,,,,,,,,,,,,,"7,024,909,939",,,,,"3,439,472,511","1,123,361,599",,,,,,,,,,,,,,,,,,,,,,,"9,387,285,804",,,,,,,,,,,,,0,,,,,,,,,,106,,,"179,096,424,374",,,,,,"1,088,076,048","36,364,299","16,412,195,743","1,707,829,172",,,"6,581,479,930","8,289,309,102",,,"195,508,620,117",,,,,,
[005710],,,,,,,,,,,,,,,,,,,,,,,,,,,,,,,,,,,,,,,,,,,,,,,,,,,,,,,,,,,,,,,,,,,,,,,,,,,,,,,,,,,,,,,,,,,,,,"10,916,062,211",,,,,"2,814,452,019","-527,175,204",,,,,,,,,,,,,,,,,,,,,,,"6,635,232,925",,,,,,,,,,,,,,,,,,,,,,,554,,,"167,814,148,163",554,,,,,,"361,427,381","17,551,295,136","3,523,503,315",,,"11,095,613,500","14,619,116,815",,,"185,365,443,299",,,,,,
[005160],,,,,,,,,,,,"85,165,523",,,,,"72,201,506,007",,,,,,,,,,,,,,,,,,,,,,,,,,,,,,,,,,,,,,,,,,,,,,,,,,,,,,,,,,,,,,,,,,,,,,,,,,,,,"6,160,253,436",,"11,517,301,514",,,"15,694,358","59,818,568",,,,,,,,,,"99,385,789",,,,"84,765,006,182",,,,,,,,,"6,259,712,667",,,,,,,,,,,,,,,,,,,,,,,84,,,"83,803,973,044",84,,,,,"883,236,704","558,163,217","12,419,966,103","1,462,879,915",,"11,359,547,176","4,328,175,824","5,791,055,739",,,"96,223,939,147",,,,,,
[001230],,,,,,,,,,,,,,,,,,,,,,,,,,,,,,,,,,,,,,,,,,,,,,,,,,,,,,,,,,,,,,,,,,,,,,,,,,,,,,,,,,,,,,,,,,,,,,"53,702,837,204",,,,,"20,187,358,484","43,257,144,955",,,,,,,,,,,,,,,,,,,,,,,"77,396,711,326",,,,,,,,,,,,,,,,,,,,,,,13,,,"1,218,412,852,104",13,,,,,"40,359,767,871","11,560,305,906","131,099,548,530","645,473,752",,,"1,188,115,016","1,833,588,768",,,"1,349,512,400,634",,,,,,
[001520],,,,,,,,,,,,,,,,,,,,,,,,,,,,,,,,,,,,,,,,,,,,,,,,,,,,,,,,,,,,,,,,,,,,,,,,,,,,,,,,,,,,,,,,,,,,,,"4,457,386,413",,,,,"871,225,860","209,383,129",,,,,,,,,,,,,,,,,,,,,,,"9,459,072,109",,,,,,,,,,,,,,,,,,,,,,,25,,,"92,331,458,674",38,,,,,"106,978,632","1,899,121,008","13,916,458,522","1,646,093,951",,,"5,265,277,569","6,911,371,520",,,"106,247,917,196",,,,,,
[084670],,,,,,,,,,,,,,"27,142,211,497",,,,,,,,,,,,,,,,,,,,,,,,,,,,,,,,,,,,,,,,,,,,,,,,,,,,,,,,,,,,,,,,,,,,,,,,,,,,,,,,"615,447,274",,"7,525,115,289",,,"326,650,332","14,498,044",,,,,,,,,,,,"31,457,887,895",,,,,,,,,,,"5,611,679,750",,,,,,,,,,,,,,,,,,,,,,,118,,,"34,667,326,786",118,,,,,"517,289,570","77,205,191","6,227,127,024","116,525,202",,"9,436,565,915","370,989,981","487,515,183","370,989,981",,"40,894,453,810",,,,,,
[030790],,,,,,,,,,,,,,,,,,,,,,,,,,,,,,,,,,,,,,,,,,,,,,,,,,,,,,,,,,,,,,,,,,,,,,,,,,,,,,,,,,,,,,,,,,,,,,"-892,906,916",,,,,"71,275,385","-10,517,331,310",,,,,,,,,,,,,,,,,,,,,,,"3,077,206,926",,,,,,,,,,,,,,,,,,,,,,,142,,,"19,082,322,653",142,,,,,"466,529,643","317,537,930","2,184,300,010","12,634,390",,,"9,534,073,676","9,546,708,066",,,"21,266,622,663",,,,,,
[001530],,,,,,,,,,,,,,,,,,,,,,0,,,,,,,,,,,,,,,,,,,,,,,,"180,490,838","187,272,028",,"2,563,871",,"-113,915,078",,,,,,,,,,"1,085,074,744","340,331,725",,,,,,,,,,,,,,,"301,506,598","-11,460,290",,0,,"-3,521,364",,0,,,,,,,,,,"-485,316,963",,,,,"297,461,480","3,721,909,110",,,,,,,,,,,,,,,,,,,,,,,"2,239,137,169",,,,,,,,,,,,,,,,,,,,,,,"-2,560",,,"68,348,719,190",,,,,,"1,371,599,688","596,743,384","1,753,820,206","-330,539,790",,,"-4,354,081,107","-4,684,620,897",,,"70,102,539,396",,,,,,
[000150],,,,,,,,,,,,,,,,,,,,,,,,,,,,,,,,,,,,,,,,,,,,,,,,,,,,,,,,,,,,,,,,,,,,,,,,,,,,,,,,,,,,,,,,,,,,,,"48,468,151,452",,,,,,,,,,,,,,,,,,,,,,,,,,,,,,,,,,,,,,"1,669",,,,"7,122,618,668",,,,,"15,425,237,390",,,,,,,,,,,,,,,"17,343,424,779",,,,,"32,603,860,015","48,029,097,405",,,,,,,,,
[011160],,,,,,,,,,,,,,,,,,,,,,,,,,,,,,,,,,,,,,,,,,,,,,,,,,,,,,,,,,,,,,,,,,,,,,,,,,,,,,,,,,,,,,,,,,,,,,"4,604,165,276",,,,,"349,373,508","23,310,561,404",,,,,,,,,,,,,,,,,,,,,,,"26,379,339,902",,,,,,,,,,,,,,,,,,,,,,,"1,045",613,432,"328,791,901,479","1,045",613,432,,,"20,971,991,034","1,699,550,853","30,983,505,178","-1,951,839,005",,,"-60,787,829,662","-37,629,462,801","-35,677,623,796","-25,110,205,866","359,775,406,657",,,,,,
[241560],,,,,,,,,,,,,,,,,,,,,,,,,,,,,,,,,,,,,,,,,,,,,,,,,,,,,,,,,,,,,,,,,,,,,,,,,,,,,,,,,,,,,,,,,,,,,,"-1,615,678,000",,,,,"36,512,000","-1,595,000",,,,,,,,,,,,,,,,,,,,,,,"5,541,733,000",,,,,,,,,,,,,"1,361,712,000",,,,,,,,,,-2,,,,,,,,,"1,519,485,000","2,843,090,000","3,926,055,000","-61,286,000",,,"-192,680,000","-253,966,000",,,"3,926,055,000",,,,,,
[042670],,,,,,,,,,,,,,,,,,,,,,,,,,,,,,,,,,,,,,,,,,,,,,,,,,,,,,,,,,,,,,,,,,,,,,,,,,,,,,,,,,,,,,,,,,,,,,"27,822,392,137",,,,,"25,614,708,664","1,726,479,982",,,,,,,,,,,,,,,,,,,,,,,"93,678,283,699",,,,,,,,,,,,,,,,,,,,,,,81,,,"510,049,837,361",80,,,,,"47,226,501,213","27,717,889,828","121,500,675,836","4,482,992,566","-7,339,864,206",,"20,379,152,662","24,862,145,228",,,"631,550,513,197",,,,,,
[034020],,,,,,,,,,,,,,,,,,,,,,,,,,,,,,,,,,,,,,,,,,,,,,,,,,,,,,,,,,,,,,,,,,,,,,,,,,,,,,,,,,,,,,,,,,,,,,"55,355,782,452",,,,,"27,633,279,083","23,449,180,132",,,,,,,,,,,,,,,,,,,,,,,"113,398,157,664",,,,,,,,,,,,,"4,184,098,951",,,,,,,,,,37,,,"823,682,032,298",37,,,,,"96,767,470,654","44,804,779,299","168,753,940,116","617,542,125",,,"6,959,647,923","7,577,190,048",,,"992,435,972,414",,,,,,
[003160],,,,,,,,,,,,,,,,,,,,,,,,,,,,,,,,,,,,"18,880,556",,"41,923",,,,,,,,"19,595,531","357,251",,,,,,,,,,,,,,"223,490,404","27,498,696",,,,,,,,,,"3,760,375",,,,,"33,994,477","14,723,772",,,,"459,044",,,,,,,,,,,,"5,197,550,182",,,,,"60,395,653","218,594,544",,,,,,,,,,,,,,,,,,,,,,,"5,985,407,139",,,,,,,,,,,,,"781,043,661",,,,,,,,,,130,,,"23,097,434,089",130,,,,,"276,428,072","66,373,957","11,964,000,982","1,101,061,176",,,"3,728,236,000","4,829,297,176",,,"35,061,435,071",,,,,,
[066900],,,,,,,,,,,,,,,,,,,,,,,,,,,,,,,,,,,,,,,,,,,,,,,,,,,,,,,,,,,,,,,,,,,,,,,,,,,,,,,,,,,,,,,,,,,,,,"2,185,062,628",,,,,"547,120,084","508,474,722",,,,,,,,,,,,,,,,,,,,,,,"2,706,659,031",,,,,,,,,,,,,,,,,,,,,,,77,,,"77,174,770,160",77,,,,,"1,343,141,587","644,711,389","4,891,721,659","116,953,138",,,"1,408,324,654","1,525,277,792",,,"82,066,491,819",,,,,,
[101000],,,,,,,,,,,,,,,,,,,,,,,,,,,,,,,,,,,,,,,,,,,,,,,,,,,,,,,,,,,,,,,,,,,,,,,,,,,,,,,,,,,,,,,,,,,,,,"-673,987,805",,,,,,,,,,,,,,,,,,,,,,,,,,,,,"2,828,054,255",,,,,,,,,,,,,"94,698,751",,,,,,,,,,206,,,"16,007,192,674",169,,,,,"991,741,198","78,723,622","2,154,066,450","2,131,117,004","9,826,809,341",,"6,013,988,205","8,145,105,209",,,"18,161,259,124",,,,,,
[171010],,,,,,,,,,,,,,,,,,,,,,,,,,,,,,,,,,,,,,,,,,,,,,,,,,,,,,,,,,,,,,,,,,,,,,,,,,,,,,,,,,,,,,,,,,,,,,"254,042,772",,,,,"118,949,390","24,657,802",,,,,,,,,,,,,,,,,,,,,,,"614,092,899",,,,,,,,,,,,,,,,,,,,,,,12,,,"5,315,627,647",,,,,,"245,873,732","37,675,143","868,135,671",0,,,"140,135,771","140,135,771",,,"6,183,763,318",,,,,,
[131100],,,,,,,,,,,,,,,,,,,,,,,,,,,,,,,,,,,,,,,,,,,,,,,,,,,,,,,,,,,,,,,,,,,,,,,,,,,,,,,,,,,,,,,,,,,,,,"-936,426,292",,,,,"205,179,423","20,924,413",,,,,,,,,,,,,,,,,,,,,,,"1,051,047,423",,,,,,,,,,,,,,,,,,,,,,,-191,,,"6,351,920,265",-191,,,,,"2,310,529,321","2,513,834,000","114,621,131",0,"-2,637,780,493",,"-3,186,647,096","-3,186,647,096","-3,186,647,096",0,"6,466,541,396",,,,,,
[267980],,,,,,,,,,,,,,,,,,,,,,,,,,,,,,,,,,,,,,,,,,,,,,,,,"1,240,463,942",,"119,707,963",,,,,,,,,,"979,491,774","524,368,321",,,,,,,,,,,,,,,,,,"7,105,496",,"789,332,107",,,,,,,,,,,,"21,398,707,638",,,,,"1,142,376,680","2,420,950,709",,,,,,,,,,,,,,,,,,,,,,,"86,618,367,027",,,,,,,,,,,,,,,,,,,,,,,"2,138",,,"230,302,509,658","2,043",,,,,"1,775,929,377","1,884,540,226","108,017,074,665","4,212,603,482",,,"16,016,140,976","20,228,744,458",,,"338,319,584,323",,,,,,
[005990],,,,,,,,,,,,,,,,,,,,,,,,,,,,,,,,,,,,,,,,,,,,,,,,,,,,,,,,,,,,,,,,,,,,,,,,,,,,,,,,,,,,,,,,,,,,,,"97,485,185",,,,,"929,303,200","572,024,450",,,,,,,,,,,,,,,,,,,,,,,,,,,,,,,,,,,,,,,,,,,,,,508,508,,"2,239,426,665",479,479,,,,,"204,783,543",,"-181,699,939",,,"841,247,417","659,547,478",,,"2,336,911,850",,,,,,
[067280],,,,,,,,,,,,,,,,,,,,,,,,,,,,,,,,,,,,,,,,,,,,,,,,,,,,,,,,,,,,,,,,,,,,,,,,,,,,,,,,,,,,,,,,,,,,,,,,,,,,,,,,,,,,,,,,,,,,,,,,,,,,,,,,,,,,496,,,"9,565,590,302","2,920,827,787",,,,,,,,,,,,,"37,468,876,865",,,,,,,,"13,135,084,213",,,,,,,,"50,603,961,078",,,,,,
[041920],,,,,,,,,,,,,,,,,,,,,,,,,,,,,,,,,,,,,,,,,,,,,,,,,,,,,,,,,,,,,,,,,,,,,,,,,,,,,,,,,,,,,,,,,,,,,,"975,857,357",,,,,"110,176,433","68,456,422",,,,,,,,,,,,,,,,,,,,,,,"2,467,935,795",,,,,,,,,,,,,,,,,,,,,,,106,,,"7,227,662,662",106,,,,,,"21,316,920","3,443,793,152","130,221,177",,,"908,673,111","1,038,894,288",,,"10,671,455,814",,,,,,
[015540],,,,,,,,,,,,,,,,,,,,,,,,,,,,,,,,,,,,,,,,,,,,,,,,,,,,,,,,,,,,,,,,,,,,,,,,,,,,,,,,,,,,,,,,,,,,,,"-1,403,241,593",,,,,"147,352,352",,,,,,,,,,,,,,,,,,,,,,,,"1,466,452,021",,,,,,,,,,,,,"7,726,322",,,,,,,,,,-316,,,"5,270,389,790",,,,,,"138,664,738","25,698,907","63,210,428",,,,"-1,376,581,394","-1,376,581,394",,,"5,333,600,218",,,,,,
[017180],,,,,,,,,,,,,,,,,,,,,,,,,,,,,,,,,,,,,,,,,,,,,,,,,,,,,,,,,,,,,,,,,,,,,,,,,,,,,,,,,,,,,,,,,,,,,,"1,356,264,128",,,,,"160,888,772","98,697,711",,,,,,,,,,,,,,,,,,,,,,,"16,311,515,895",,,,,,,,,14,,,,,,,,,,,,,,,,,"15,840,896,514",,,,,,"390,252,553","68,362,732","17,667,780,023","369,568,194",,,"351,880,055","721,448,249",,,"33,508,676,537",,,,,,
[009680],,,,,,,,,,,,,,,,,,,,,,,,,,,,,,,,,,,,,,,,,,,,,,,,,,,,,,,,,,,,,,,,,,,,,,,,,,,,,,,,,,,,,,,,,,,,,,"3,237,564,935",,,,,"174,320,102","34,385,942",,,,,,,,,,,,,,,,,,,,,,,"2,754,793,446",,,,,,,,,,,,,,,,,,,,,,,164,,,"42,540,304,307",,,,,,"292,088","1,203,358,827","5,992,358,381","929,449,514",,,"3,651,116,320","4,580,565,834",,,"48,532,662,688",,,,,,
[033920],,,,,,,,,,,,,,,,,,,,,,,,,,,,,,,,,,,,,,,,,,,,,,,,,,,,,,,,,,,,,,,,,,,,,,,,,,,,,,,,,,,,,,,,,,,,,,"6,344,641,735",,,,,"6,999,971,293","437,488,090",,,,,,,,,,,,,,,,,,,,,,,"18,973,704,654",,,,,,,,,,,,,,,,,,,,,,,,,,"28,945,929,185",,,,,,,"463,376,208","25,318,346,389","-3,334,066,340",,,"10,036,434,806","13,370,501,146",,,"54,264,275,574",,,,,,
[018700],,,,,,,,,,,,,,,,,,,,,,,,,,,,,,,,,,,,,,,,,,,,,,,,,,,,,,,,,,,,,,,,,,,,,,,,,,,,,,,,,,,,,,,,,,,,,"5,162,812,892","-146,310,435",,,,,"6,152,653","1,507,650",,,,,,,,,,,,,,,,,,,,,,,,,,,,,,,,,,,,,,,,,,,,,,,4,,,,4,,,,"14,515,596","208,547,091",,,,,"52,366,063","52,366,063",,,"5,016,502,457",,,,,,
[003000],,,,,,,,,,,,,,,,,,,,,,,,,,,,,,,,,,,,,,,,,,,,,,,,,,,,,,,,,,,,,,,,,,,,,,,,,,,,,,,,,,,,,,,,,,,,,,"3,577,326,322",,,,,"34,613,115","103,235,275",,,,,,,,,,,,,,,,,,,,,,,"10,764,356,161",,,,,,,,,,,,,"5,156,303,601",,,,,,,,,,84,,,"18,190,347,884",84,,,,,"38,944,477","61,707,556","19,497,986,084","817,471,888",,,"2,713,995,353","3,531,467,241",,,"37,688,333,968",,,,,,
[015350],,,,,,,,,,,,,,,,,,,,,,,,,,,,,,,,,,,,,,,,,,,,,,,,,,,,,,,,,,,,,,,,,,,,,,,,,,,,,,,,,,,,,,,,,,,,,,"-1,076,172,431",,,,,"1,299,610,409","726,567,080",,,,,,,,,,,,,,,,,,,,,,,"24,664,013,901",,,,,,,,,,,,,"841,926,035",,,,,,,,,,125,,,"117,672,113,383",,,,,,"39,282,389","477,567,465","23,527,012,886","-476,834,643",,,"1,253,916,652","777,082,009",,,"141,199,126,269",,,,,,
[065450],,,,,,,,,,,,,,,,,,,,,,,,,,,,,,,,,,,,,,,,,,,,,,,,,,,,,,,,,,,,,,,,,,,,,,,,,,,,,,,,,,,,,,,,,,,,,,"-540,064,809",,,,,"-16,296,050",,,,,,,,,,,,,,,,,,,,,,,,"1,026,511,694",,,,,,,,,,,,,,,,,,,,,,,-19,,,"9,757,943,646",-19,,,,,"71,488,618","42,902,926","486,446,885","-119,005,184",0,,"-465,941,367","-584,946,551",,,"10,244,390,531",,,,,,
[018260],,,,,,,,,,,,,,,,,,,,,,,,,,,,,,,,,,,,,,,,,,,,,,"3,830,118,828","1,239,991,635",,,,,,,,,,,,,,"83,220,846","5,930,919,206",,,,,,,,,,,,,,,"2,774,444,022","-330,558,868",,,,,,,,,,,,,,,,"135,629,086,849",,,,,"-9,104,121,228","383,904,600",,,,,,,,,,,,,,,,,,,,,,,"135,259,155,058",,,,,,,,,,,,,,,,,,,,,,,"1,325",,,"882,653,870,941","1,325",,,,,"2,527,106,000","11,001,029,669","270,888,241,907","32,130,259,280",,,"102,484,725,410","134,614,984,690","102,484,725,410",,"1,153,542,112,848",,,,,,
[028050],,,,,,,,,,,,,,,,,,,,,,,,,,,,,,,,,,,,,,,,,,,,,,"54,778,519,939","488,568,084",,,,,,,,,,,,,,"1,720,255,260","583,701,407",,,,,,,,,,,,,,,"59,385,906,839","752,380,655",,,,,,,,,,,,,,,,"-26,662,622,452",,,,,"58,676,083,858","87,786,342,495",,,,,,,,,,,,,,,,,,,,,,,"81,329,520,230",,,,,,,,,,,,,,,,,,,,,,,-258,,,"1,011,532,137,354",,,,,,"61,858,542,754","55,850,789,430","54,666,897,778","-11,262,717,826",,,"-50,517,916,587","-61,780,634,413",,,"1,066,199,035,132",,,,,,
[005930],,,,,,,,,,,,,,,,,,,,,,,,,,,,,,,,,,,,,,,,,,,,,,,,,,,,,,,,,,,,,,,,,,,,,,,,,,,,,,,,,,,,,,,,,,,,,,"9,994,481,000,000",,,,,"197,300,000,000","149,857,000,000",,,,,,,,,,,,,,,,,,,,,,,"6,401,333,000,000",,,,,,,,,,,,,"951,330,000,000",,,,,,,,,,"1,132",,,"26,678,477,000,000","1,132",,,,,,"944,769,000,000","16,395,814,000,000","2,257,988,000,000",,,"7,777,375,000,000","10,035,363,000,000","7,777,375,000,000",,"43,074,291,000,000",,,,,,
[010140],,,,,,,,,,,,,,,,,,,,,,,,,,,,,,,,,,,,,,,,,,,,,,,,,,,,,,,,,,,,,,,,,,,,,,,,,,,,,,,,,,,,,,,,,,,,,,"31,120,774,154",,,,,"263,705,475,051","256,422,687,032",,,,,,,,,,,,,,,,,,,,,,,"101,823,976,526",,,,,,,,,,,,,,,,,,,,,,,,64,114,"1,505,025,218,850",,64,114,,,"41,900,022,285","34,044,728,149","132,944,750,680","7,154,577,065",,,"23,393,690,972","30,548,268,037",,,"1,637,969,969,530",,,,,,
[002170],,,,,,,,,,,,,,,,,,,,,,,,,,,,,,,,,,,,,,,,,,,,,,,,,,,,,,,,,,,,,,,,,,,,,,,,,,,,,,,,,,,,,,,,,,,,,,"6,829,294,460",,,,,"22,545,415","67,320,773",,,,,,,,,,,,,,,,,,,,,,,"1,039,008,640",,,,,,,,,,,,,,,,,,,,,,,"1,928",,,"33,849,320,177","1,928",,,,,"227,124,863","1,160,552,365","7,868,303,100","1,932,794,310",,,"5,785,152,294","7,717,946,604",,,"41,717,623,277",,,,,,
[001880],,,,,,,,,,,,,,,,,,,,,,,,,,,,,,,,,,,,,,,,,,,,,,,,,,,,,,,,,,,,,,,,,,,,,,,,,,,,,,,,,,,,,,,,,,,,,,"17,405,375,419",,,,,"8,761,438,593","10,724,670,459",,,,,,,,,,,,,,,,,,,,,,,"9,777,350,870",,,,,,,,,"1,288",,,,,,,,,,,,,,,,,"186,588,725,498",,,,,,"1,437,143,859","1,838,871,953","27,182,726,289","4,717,271,902",,,"11,126,599,745","15,843,871,647",,,"213,771,451,787",,,,,,
[004450],,,,,,,,,,,,,,,,,,,,,,,,,,,,,,,,,,,,,,,,,,,,,,,,,,,,,,,,,,,,,,,,,,,,,,,,,,,,,,,,,,,,,,,,,,,,,,"2,898,827,550",,,,,"90,937,186","10,005,200",,,,,,,,,,,,,,,,,,,,,,,"2,686,078,745",,,,,,,,,,,,,"-406,250,974",,,,,,,,,,"1,071",,,"22,165,038,441","1,071",,,,,"59,612,891","125,671,937","5,584,906,295","649,407,046",,,"1,990,160,562","2,639,567,608",,,"27,749,944,736",,,,,,
[003100],,,,,,,,,,,,,"55,456,095",,,,,,,,,,,,,,,,,,,,,,,,,,,,,,,,,,,,,,,,,,,,,,,,,,,,,,,,,,,,,,,,,,,,,,,,,,,,,,,,,"2,454,476,582",,,,,"104,852,776","10,435,005",,,,,,,,,,,"527,935,325",,,,,,,,,,,,"1,953,636,663",,,,,,,"9,002,098,843",,,,,,,,,,,,,"12,937,732,858",,,401,,,"9,057,554,938",401,,,,,"435,629,363","43,647,830","4,408,113,245","617,993,346",,,"2,558,065,344","2,156,912,820","1,538,919,474","1,019,145,870","13,465,668,183",,,,,,
[017510],,,,,,,,,,,,,,,,,,,,,,,,,,,,,,,,,,,,,,,,,,,,,,,,,,,,,,,,,,,,,,,,,,,,,,,,,,,,,,,,,,,,,,,,,,,,,,"1,182,158,329",,,,,"142,394,388","11,503,213",,,,,,,,,,,,,,,,,,,,,,,"378,787,558",,,,,,,,,,,,,,,,,,,,,,,76,,,"3,679,618,547",76,,,,,"401,456","99,310,857","1,560,945,887","259,285,297",,,"1,152,873,608","1,411,958,905",,,"5,240,564,434",,,,,,
[091090],,,,,,,,,,,,,,,,,,,,,,,,,,,,,,,,,,,,,,,,,,,,,,,,,,,,,,,,,,,,,,,,,,,,,,,,,,,,,,,,,,,,,,,,,,,,,,"4,148,840,039",,,,,"1,465,340,557","644,403,324",,,,,,,,,,,,,,,,,,,,,,,"-2,787,150,490",,,,,,,,,,,,,"303,114,698",,,,,,,,,,48,,,"34,481,384,804",48,,,,,"1,361,124,715","74,691,498","1,664,804,247","522,353,274","-279,945,471",,"2,881,045,310","3,403,398,584",,,"36,146,189,051",,,,,,
[021820],,,,,,,,,,,,,,,,,,,,,,,,,,,,,,,,,,,,,,,,,,,,,,,,,,,,,,,,,,,,,,,,,,,,,,,,,,,,,,,,,,,,,,,,,,,,,,"2,078,013,118",,,,,"1,325,596,753","1,345,386,936",,,,,,,,,,,,,,,,,,,,,,,"1,693,524,053",,,,,,,,,,,,,,,,,,,,,,,199,,,"13,556,968,047",,,,,,"656,442,727","1,049,042,891","3,771,537,171","458,937,545",,,"1,991,885,554","2,450,823,099",,,"17,328,505,218",,,,,,
[036630],,,,,,,,,,,,,,,,,,,,,,,,,,,,,,,,,,,,,,,,,,,,,,,,,,,,,,,,,,,,,,,,,,,,,,,,,,,,,,,,,,,,,,,,,,,,,"40,276,433,587","261,146,553",,,,,"116,821,581","184,379,074",,,,,,,,,,,,,,,,,,,,,,,,,,,,,,,,,,,,,,,,,,,,,,0,,,,,,,,,"468,707,906","474,445,780",,,"-438,813",,"198,888,121","198,888,121",,,"40,537,580,140",,,,,,
[108860],,,,,,,,,,,,,,,,,,,,,,,,,,,,,,,,,,,,,,,,,,,,,,,,,,,,,,,,,,,,,,,,,,,,,,,,,,,,,,,,,,,,,,,,,,,,,,"1,234,398,740",,,,,"120,073,184","106,012,018",,,,,,,,,,,,,,,,,,,,,,,,,,,,,,,,,,,,,,,,,,,,,,51,,,"4,392,692,412",51,,,,,"149,724,884","24,364,346",,0,0,,"1,123,099,368","1,123,099,368",,,"5,627,091,152",,,,,,
[068270],,,,,,,,,,,,,,,,,,,,,,,,,,,,,,,,,,,,,,,,,,,,,,,,,,,,,,,,,,,,,,,,,,,,,,,,,,,,,,,,,,,,,,,,,,,,,,"128,562,072,408",,,,,"960,183,046","430,386,535",,,,,,,,,,,,,,,,,,,,,,,"36,720,234,665",,,,,,,,,,,,,,,,,,,,,,,842,,,"35,418,655,141",838,,,,,"669,704,965","1,171,533,454","165,282,307,073","24,762,548,221",,,"104,831,149,187","129,593,697,408",,,"200,700,962,214",,,,,,
[086980],,,,,,,,,,,,,,,,,,,,,,,,,,,,,,,,,,,,,,,,,,,,,,,,,,,,,,,,,,,,,,,,,,,,,,,,,,,,,,,,,,,,,,,,,,,,,,"9,857,806,275",,,,,"545,494",,,,,,,,,,,,,,,,,,,,,,,,"2,421,673,849",,,,,,,,,,,,,,,,,,,,,,,161,,,"41,252,531,493",161,,,,,,"188,088,887","12,279,480,124","5,448,564",,,"10,040,992,092","10,046,440,656",,,"53,532,011,617",,,,,,
[050960],,,,,,,,,,,,,,,,,,,,,,,,,,,,,,,,,,,,,,,,,,,,,,,,,,,,,,,,,,,,,,,,,,,,,,,,,,,,,,,,,,,,,,,,,,,,,,"205,232,137",,,,,"40,401,794","60,000,000",,,,,,,,,,,,,,,,,,,,,,,,,,,,,,,,,,,,,,,,,,,,,,8,,,"3,221,444,655",,,,,,"112,269","148,297,049",,"278,820,815",,,"54,997,896","333,818,711",,,"3,426,676,792",,,,,,
[033790],,0,"631,736","40,751,561","93,264,284","3,297,843","1,127,300",,,"42,964,514",,,"42,964,514",,"4,350,001,759","114,255,933","4,235,745,826",,,,"49,839,214","93,891,694",,0,"49,000,034",,"21,564,554",,,,,"13,181,720",,,,,,"7,517,274","-1,492,000",,,,,0,"89,000",0,"-12,896",,,,,,,,,,,,,"1,793,488","229,733,786","136,528,724",,,,,,,,,,"74,275,052",,,0,,0,"-420,811",,,,,,,,,,,0,"1,079,317","83,064",,,"-408,234,978","134,960,216","76,489,830",,,"1,168,317","83,064",,,,"30,039,225","5,848,927","720,000","814,782",,,,"26,664,585",,"117,127,300","4,441,653,924",,,,"187,752,562",,,"5,292,189","28,316,820","714,682,819","325,000","22,320,419","18,809,713","5,031,232",,,,,,0,"115,796,304",,,,,,,,,,,,-23,,,"4,469,456,103",-23,,,,,"303,588,027","352,229,100","306,447,841","20,243,657",,"190,458,135","-378,752,309","-358,508,652",,,"4,775,903,944",,,"26,664,585",,"4,558,781,224",
[004970],,,,,,,,,,,,,,,,,,,,,,,,,,,,,,,,,,,,,,,,,,,,,,,,,,,,,,,,,,,,,,,,,,,,,,,,,,,,,,,,,,,,,,,,,,,,,,"7,937,424,990",,,,,"12,364,343,372","390,593,275",,,,,,,,,,,,,,,,,,,,,,,"13,835,919,201",,,,,,,,,,,,,,,,,,,,,,,"1,077",,,"91,666,498,490",,,,,,"75,457,733","2,528,386,970","21,773,344,191","5,134,456,206",,,"17,229,648,118","22,364,104,324",,,"113,439,842,681",,,,,,
[065350],"18,173,034",,,"-1,289,842","524,777,590","8,157,733",,,,,,,,,"37,264,865,325","4,353,467,776","32,911,397,549",,,,"211,832,409",,"3,024,696","20,300,000","206,211,719",,"17,897,352",,,,,"389,420,663",,,"61,260,732",,0,,,"189,773,877",,,,,"4,846,697","153,048,353",0,,,,,,,,0,,0,,0,"20,267,478","569,793,120","53,465,815",,"158,059,500",,,,0,"386,293,515",,0,,,,"9,014",0,"115,570,849","11,150,519",,,,,,,0,,"262,723,812",,,"204,953,010","40,587,385",,,"2,364,609,268","782,883,699",0,,,"621,918,512","709,913,726",,,,"109,920,249","3,190,818","20,241,654","590,000",,,,,,"5,413,580,079","37,842,633,766",,,,"1,719,834,364","26,391,565",,"6,633,075","92,345,904","4,301,007,108","20,306,971","103,826,305","6,231,172","13,163,196",,,,,,,,,,,,,,,,,,,70,70,,"37,264,865,325",66,66,,,,"696,514,488","206,514,168","6,665,616,376","348,257,762",,"674,267,856","1,438,355,972","1,786,613,734","1,438,355,972",0,"43,930,481,701",,,,,"43,256,213,845",
[011930],,,,,,,,,,,,,,,,,,,,,,,,,,,,,,,,,,,,,,,,,,,,,,,,,,,,,,,,,,,,,,,,,,,,,,,,,,,,,,,,,,,,,,,,,,,,,,"2,372,172,080",,,,,,,,,,,,,,,,,,,,,,,,,,,,,,,,,,,,,,11,,,,"-851,547,231",,"1,646,583,951",,,,"1,823,316,004",,,,,,,"129,137,175,834",,,,,,,,"10,599,433,410","-337,877,885",,,"971,768,773","-513,669,346",,"1,823,316,004","139,736,609,244",,,,,,
[004170],,,,,,,,,,,,,,,,,,,,,,,,,,,,,,,,,,,,,,,,,,,,,,,,,,,,,,,,,,,,,,,,,,,,,,,,,,,,,,,,,,,,,,,,,,,,,,"39,660,078,059",,,,,"4,165,700,602","3,264,312,565",,,,,,,,,,,,,,,,,,,,,,,"272,540,234,841",,,,,,,,,,,,,,,,,,,,,,,"2,414",,,"91,364,794,475","2,414",,,,,"11,691,298,062","6,501,810,721","312,200,312,900","11,627,813,329",,,"23,744,165,426","35,371,978,755",,,"403,565,107,375",,,,,,
[031430],,,,,,,,,,,,,,,,,,,,,,,,,,,,,,,,,,,,,,,,,,,,,,,,,,,,,,,,,,,,,,,,,,,,,,,,,,,,,,,,,,,,,,,,,,,,,,"4,984,297,233",,,,,"2,344,505,404","2,578,099,184",,,,,,,,,,,,,,,,,,,,,,,"108,327,681,576",,,,,,,,,,,,,,,,,,,,,,,278,,,"127,978,657,272",,,,,,"3,974,343,304","1,750,720,455","113,311,978,809","543,862,002",,,"1,983,218,602","2,527,080,604",,,"241,290,636,081",,,,,,
[056000],,,,,,,,,,,,,,,,,,,,,,,,,,,,,,,,,,,,,,,,,,,,,,,,,,,,,,,,,,,,,,,,,,,,,,,,,,,,,,,,,,,,,,,,,,,,,,"719,202,071",,,,,"30,391,627","59,495,103",,,,,,,,,,,,,,,,,,,,,,,"2,350,414,018",,,,,,,,,,,,,,,,,,,,,,,,,,"3,605,814,661",,52,,,,"26,325,913","69,797,200","3,069,616,089",,,,"733,569,882","733,569,882",,,"6,675,430,750",,,,,,
[108320],,,,,,,,,,,,,,,,,,,,,,,,,,,,,,,,,,,,,,,,,,,,,,,,,,,,,,,,,,,,,,,,,,,,,,,,,,,,,,,,,,,,,,,,,,,,,,"14,650,131,169",,,,,"278,258,183","304,290,870",,,,,,,,,,,,,,,,,,,,,,,"24,215,482,851",,,,,,,,,,,,,,,,,,,,,,,754,,,"141,670,648,912",754,,,,,,"924,297,960","38,865,614,020","3,282,825,840",,,"12,265,570,602","15,548,396,442",,,"180,536,262,932",,,,,,
[003410],,,,,,,,,,,,,,,,,,,,,,,,,,,,,,,,,,,,,,,,,,,,,,,,,,,,,,,,,,,,,,,,,,,,,,,,,,,,,,,,,,,,,,,,,,,,,,"36,404,788,194",,,,,"5,178,621,736","21,589,108,920",,,,,,,,,,,,,,,,,,,,,,,"20,704,157,742",,,,,,,,,15,,,,,,,,,,,,,,65,,,"191,703,812,460",65,,,,,"4,153,179,792","21,826,813,825","57,108,945,936","7,381,222,518",,,"30,286,712,525","37,667,935,043",,,"248,812,758,396",,,,,,
[010280],,,,,,,,,,,,,,,,,,,,,,,,,,,,,,,,,,,,,,,,,,,,,,,,,,,,,,,,,,,,,,,,,,,,,,,,,,,,,,,,,,,,,,,,,,,,,,"-754,870,099",,,,,"46,826,514","44,471,954",,,,,,,,,,,,,,,,,,,,,,,"3,903,617,222",,,,,,,,,,,,,"-63,001,421",,,,,,,,,,-18,,,"30,490,052,938",,,,,,"59,490,818","103,838,575","3,085,745,702",0,,,"-708,167,782","-708,167,782",,,"33,575,798,640",,,,,,
[067390],,,,,,,,,,,,,,,,,,,,,,,,,,,,,,,,,,,,,,,,,,,,,,,,,,,,,,,,,,,,,,,,,,,,,,,,,,,,,,,,,,,,,,,,,,,,,,"1,810,345,252",,,,,"158,495,201","76,345,677",,,,,,,,,,,,,,,,,,,,,,,"1,230,139,911",,,,,,,,,,,,,,,,,,,,,,,101,,,"22,288,193,317",90,,,,,"650,811,111","455,205,035","3,040,485,163","214,953,537",,,"1,481,935,163","1,696,888,700",,,"25,328,678,480",,,,,,
[099190],,,,,,,,,,,,,,,,,,,,,,,,,,,,,,,,,,,,,,,,,,,,,,,,,,,,,,,,,,,,,,,,,,,,,,,,,,,,,,,,,,,,,,,,,,,,,,"6,095,813,598",,,,,"2,274,765,385","1,880,716,050",,,,,,,,,,,,,,,,,,,,,,,"7,371,249,462",,,,,,,,,,,,,,,,,,,,,,,369,,,"21,127,604,865",368,,,,,"669,978,454","614,930,244","13,467,063,060","1,360,706,041",,,"5,074,108,682","6,434,814,723",,,"34,594,667,925",,,,,,
[032080],,,,,,,,,,,,,,,,,,,,,,,,,,,,,,,,,,,,,,,,,,,,,,,,,,,,,,,,,,,,,,,,,,,,,,,,,,,,,,,,,,,,,,,,,,,,,,"-334,492,916",,,,,"89,062,243","174,125,447",,,,,,,,,,,,,,,,,,,,,,,"1,678,504,636",,,,,,,,,,,,,,,,,,,,,,,-6,,,"8,882,352,595",-6,,,,,"54,580,669","412,680,366","1,344,011,720","60,807,567",,,"-122,263,990","-61,456,423",,,"10,226,364,315",,,,,,
[011090],,,,,,,,,,,,,,,,,,,,,,,,,,,,,,,,,,,,,,,,,,,,,,,,,,,,,,,,,,,,,,,,,,,,,,,,,,,,,,,,,,,,,,,,,,,,,,"1,705,822,713",,,,,"304,463,716","64,114,121",,,,,,,,,,,,,,,,,,,,,,,"16,792,637,954",,,,,,,,,,,,,,,,,,,,,,,24,,,"110,408,092,847",,,,,,"148,733,690","38,307,341","18,498,460,667","506,391,969",,,"1,329,353,990","1,835,745,959",,,"128,906,553,514",,,,,,
[031330],,,,,,,,,,,,,,,,,,,,,,,,,,,,,,,,,,,,,,,,,,,,,,,,,,,,,,,,,,,,,,,,,,,,,,,,,,,,,,,,,,,,,,,,,,,,,,"8,437,237,445",,,,,"1,735,670,318","1,117,647,299",,,,,,,,,,,,,,,,,,,,,,,"5,582,858,451",,,,,,,,,,,,,,,,,,,,,,,64,,,"312,526,547,106",64,,,,,"784,923,685","20,489,086","14,020,095,896","1,926,376,543",,,"6,364,449,322","8,290,825,865",,,"326,546,643,002",,,,,,
[060540],,,"1,658,496",,"144,925,944","5,627,173",,,,"985,492,817",,,"137,999,565",,"9,090,749,389","7,436,922,559","1,653,826,830",,"847,493,252",,"12,430,447",,,,"17,463,119",,"50,684,746",,,,"105,990,334","4,206,604",,,,,,,,,,,,,"4,464,181","77,968,692","64,972,722",,,,,,,,,,,,,"20,470,785",,"64,179,606",,,,,,,,,,,,,"1,105,000",,"34,936,096","-18,396,472",,,,,,,,,,,,"512,166","1,595,799",,,"1,484,770,385","254,867,213",,,,"4,976,347","2,700,799",,,,"15,407,064","464,183","11,632,799","351,546",,,,"249,258,040",,"8,803,189,447","2,426,256,157",,"1,007,982,249",,"211,068,017",,,"3,695,131","21,311,849","925,673,302","-91,140","9,766,657","22,570,370","9,566,300","1,605,665",,,,,,"1,785,559",,,,,,,,,,,,54,,,"10,076,242,206",54,,,,,"16,539,624","208,906,579","2,410,443,687","318,307,030",,,"1,361,105,858","1,679,412,888",,,"12,486,685,893",,,"1,257,240,289",,"11,229,445,604",
[056190],,,,,,,,,,,,,,,,,,,,,,,,,,,,,,,,,,,,,,,,,,,,,,,,,,,,,,,,,,,,,,,,,,,,,,,,,,,,,,,,,,,,,,,,,,,,,,"52,617,488,047",,,,,"10,483,061,497","9,364,936,964",,,,,,,,,,,,,,,,,,,,,,,"10,710,615,743",,,,,,,,,,,,,,,,,,,,,,,"1,222",,,"253,478,216,550",,,,,,"-1,256,326","2,587,542,584","63,328,103,790","12,426,696,747",,,"43,897,714,743","56,324,411,490",,,"316,806,320,340",,,,,,
[080000],,,,,,,,,,,,,,,,,,,,,,,,,,,,,,,,,,,,,,,,,,,,,,"7,821,381","62,089,576",,,,,,,,,,,,,,"240,402,947","33,845,996",,,,,,,,,,,,,,,"1,711,058","-9,702,840",,,,,,,,,,,,,,,,"1,947,378,971",,,,,"1,330,538,115",,,,,,,,,,,,,,,,,,,,,,,,"3,290,842,789",,,,,,,,,,,,,"423,225,524",,,,,,,,,,66,,,"18,848,178,764",66,,,,,"232,411,165","103,756,953","5,264,074,209","667,213,517",,,"2,058,823,833","2,726,037,350",,,"24,112,252,973",,,,,,
[005850],,,,,,,,,,,,,,,,,,,,,,,,,,,,,,,,,,,,,,,,,,,,,,,,,,,,,,,,,,,,,,,,,,,,,,,,,,,,,,,,,,,,,,,,,,,,,,"9,774,298,101",,,,,,,,,,,,,,,,,,,,,,,,,,,,,"13,318,361,490",,,,,,,,,,,,,"678,412,254",,,,,,,,,,421,,,"168,332,187,905",,,,,,,,"23,092,659,591","865,736,778",,,"14,254,809,038","15,120,545,816",,,"191,424,847,496",,,,,,
[012750],,,,,,,,,,,,,,,,,,,,,,,,,,,,,,,,,,,,,,,,,,,,,,,,,,,,,,,,,,,,,,,,,,,,,,,,,,,,,,,,,,,,,,,,,,,,,,"54,906,820,670",,,,,"7,527,195,502","8,205,806,214",,,,,,,,,,,,,,,,,,,,,,,"85,265,017,077",,,,,,,,,,,,,,,,,,,,,,,"1,248",,,"343,346,208,904","1,248",,,,,"516,955","844,520,781","140,171,837,747","12,872,963,904",,,"42,199,249,880","55,072,213,784",,,"483,518,046,651",,,,,,
[123700],,,"29,618,349","9,272,204","299,192,872","12,231,448",,,,,,,,,"17,691,686,829","2,918,500,561","14,773,186,268",,,,"69,323,509",,0,"3,000,000","81,944,926",,"16,495,302",,,,"195,691,512","109,142,992","38,589,444","334,518,154","691,107,438",,,,,,,,,,"130,635,378",,,,,,,,,,,,,0,,"23,365,119",0,"67,073,979",,"5,020,000","-178,414,405","282,803,733",,,,,,,,,0,,,,,,,,,,,,,,"5,014,800","351,138,868","45,099,986",,,"-2,485,879,171","794,900,642",,,,"1,551,009,282","152,489,314","87,800,498",,,"207,723,336","2,598,724","27,000,000","2,427,274",,,,,,"3,673,859,973","14,584,969,492",,,,"929,489,180",,0,"8,310,229","56,903,062","3,053,021,807","10,084,508","60,406,653",,"14,084,668",,,,,,,,,,,,,,,,,,,-49,,,"17,691,686,829",,,,,,0,"67,073,979","567,142,636","259,644,385",,,"-760,640,839","-1,020,285,224",,,"18,258,829,465",,,,,"18,258,829,465",
[025530],,,"46,556",,"180,738,829","255,296",,,,,,,,,,,,,,"329,581","56,664,902",,0,0,"14,191,480",,"404,720",,,,,,,0,,,"88,527,723",,,,,,,,,,,0,,,,0,,,,,,,,"10,362,665","81,060,820","324,806,251",,,,"442,846",,,,,,,,,,,,,,,,,"1,490,560",,,,,,,"317,734","32,027",,,"2,170,173,335",,,,,"88,845,457","2,295,014",,,,"27,549,876",0,"7,020,000",,,"190,569,843",,"276,770,000",,,,,,,"179,899,156",,,"3,872,561","23,154,306","191,933,114",0,"2,869,205","4,915,702","4,533,841",,,,,,,,,,,,,,,,,"1,894,766,606","-324,545,981",178,178,,0,178,178,,,,"81,060,820","324,806,251","2,362,106,449","90,191,514",,,"2,410,277,695","2,500,469,209",,,"2,362,106,449",,,"2,362,106,449",,,
[069510],,,,,,,,,,,,,,,,,,,,,,,,,,,,,,,,,,,,,,,,,,,,,,,,,,,,,,,,,,,,,,,,,,,,,,,,,,,,,,,,,,,,,,,,,,,,,,"1,388,689,519",,,,,"2,745,332,911","2,011,765,271",,,,,,,,,,,,,,,,,,,,,,,"7,588,646,618",,,,,,,,,,,,,,,,,,,,,,,216,216,,"39,320,228,780",,,,,,"266,792,359","126,515,760","8,977,336,137","163,640,530",,,"1,818,340,030","1,981,980,560",,,"48,297,564,917",,,,,,
[050760],,,,,,,,,,,,,,,,,,,,,,,,,,,,,,,,,,,,,,,,,,,,,,,,,,,,,,,,,,,,,,,,,,,,,,,,,,,,,,,,,,,,,,,,,,,,,,"354,284,542",,,,,"154,963,364","76,243,615",,,,,,,,,,,,,,,,,,,,,,,"3,123,322,253",,,,,,,,,,,,,"3,893,421",,,,,,,,,,10,,,"27,596,166,416",10,,,,,"267,108,679","31,426,638","3,469,951,264","35,390,864","-9,384,268",,"156,440,539","191,831,403",,,"31,066,117,680",,,,,,
[003800],,,,,,,,,,,,,,,,,,,,,,,,,,,,,,,,,,,,,,,,,,,,,,,,,,,,,,,,,,,,,,,,,,,,,,,,,,,,,,,,,,,,,,,,,,,,,,"10,987,322,155",,,,,"984,898,941","73,600,673",,,,,,,,,,,,,,,,,,,,,,,"19,730,361,347",,,,,,,,,,,,,,,,,,,,,,,"5,125",,,"24,356,956,916","5,125",,,,,"349,219,084","1,388,432,382","30,717,683,502","3,143,136,200",,,"9,794,697,521","12,937,833,721",,,"55,074,640,418",,,,,,
[065160],,"230,000,000",,,,,,,,,,,,,,,,,,,,0,,0,,,,,,,,,"10,693,399","4,669,727",0,,,0,,,,,,,,,,,,,,,,,,,,,,,"986,983,645","200,681,827",,,"104,536,272","32,853,860",0,,,,,0,,,,,,,0,,,,,,,,,,,"276,876","2,727,449",,,"-1,022,584,958",,,,,"15,640,002","370,117,581",,,,,,,,,,,,,,,,,,,,,,,"2,058,888,644",,,,,,,,,,,,,,,,,0,,,,,,-40,,,"7,144,591,374",-40,,,,,"986,983,645","200,681,827","1,036,303,686",,,,"-2,163,364,355","-2,163,364,355",,,"8,180,895,060",,,,,,
[037950],,,,,,,,,,,,,,,,,,,,,,,,,,,,,,,,,,,,,,,,,,,,,,,,,,,,,,,,,,,,,,,,,,,,,,,,,,,,,,,,,,,,,,,,,,,,,,"1,750,033,238",,,,,"187,343,619","170,755,246",,,,,,,,,,,,,,,,,,,,,,,"1,533,905,413",,,,,,,,,,,,,,,,,,,,,,,21,,,"9,451,143,770",21,,,,,,"31,998,615","3,283,938,651",,,,"1,798,620,226","1,798,620,226",,,"12,735,082,421",,,,,,
[111770],,,,,,,,,,,,,,,,,,,,,,,,,,,,,,,,,,,,,,,,,,,,,,,,,,,,,,,,,,,,,,,,,,,,,,,,,,,,,,,,,,,,,,,,,,,,,,"30,493,487,140",,,,,"7,976,884,858","6,761,423,757",,,,,,,,,,,,,,,,,,,,,,,"19,895,846,671",,,,,,,,,,,,,,,,,,,,,,,540,,,"310,245,803,674",,,,,,"1,212,982,278","706,435,546","50,389,333,811","7,509,880,815",,,"23,692,520,694","31,202,401,509",,,"360,635,137,485",,,,,,
[009970],,,,,,,,,,,,,,,,,,,,,,,,,,,,,,,,,,,,,,,,,,,,,,,,,,,,,,,,,,,,,,,,,,,,,,,,,,,,,,,,,,,,,,,,,,,,,,"40,216,156",,,,,"120,230","183,735,928",,,,,,,,,,,,,,,,,,,,,,,,,,,,,,,,,,,,"681,186,614",,,,,,,,,,-6,,,,,,,,,,"53,121,320",,"25,361,208",,,"-64,917,014","-90,278,222",,,,,,,,,
[036180],,,,,,,,,,,,,,,,,,,,,,,,,,,,,,,,,,,,,,,,,,,,,,,,,,,,,,,,,,,,,,,,,,,,,,,,,,,,,,,,,,,,,,,,,,,,,,"357,764,115",,,,,"4,905,104","7,539",,,,,,,,,,,,,,,,,,,,,,,"1,639,993,185",,,,,,,,,,,,,,,,,,,,,,,165,,,"6,893,934,636",165,,,,,"1,073,879","2,617,666,358","1,997,757,300","69,203,516",,,"2,910,050,643","2,979,254,159",,,"8,891,691,936",,,,,,
[036000],,,,,,,,,,,,,,,,,,,,,,,,,,,,,,,,,,,,,,,,,,,,,,,,,,,,,,,,,,,,,,,,,,,,,,,,,,,,,,,,,,,,,,,,,,,,,,"-374,271,433",,,,,"87,885,551","973,225,470",,,,,,,,,,,,,,,,,,,,,,,"3,015,963,043",,,,,,,,,,,,,0,,,,,,,,,,26,,,"3,030,073,591",,,,,,"16,336,656","12,351,801","2,641,691,610","78,764,906",,,"603,067,502","681,832,408",,,"5,671,765,201",,,,,,
[039830],,,,,,,,,,,,,,,,,,,,,,,,,,,,,,,,,,,,,,,,,,,,,,,,,,,,,,,,,,,,,,,,,,,,,,,,,,,,,,,,,,,,,,,,,,,,,,"2,464,502,665",,,,,"223,320,564","236,911,307",,,,,,,,,,,,,,,,,,,,,,,"4,240,029,730",,,,,,,,,,,,,,,,,,,,,,,132,,,"21,831,631,771",,,,,,"270,602,425","-76,904,207","6,704,532,395","734,514,628",,,"1,368,890,662","2,103,405,290",,,"28,536,164,166",,,,,,
[010470],,,,,,,,,,,,,,,,,,,,,,,,,,,,,,,,,,,,,,,,,,,,,,,,,,,,,,,,,,,,,,,,,,,,,,,,,,,,,,,,,,,,,,,,,,,,,,"1,115,341,245",,,,,"123,709,980","72,088,316",,,,,,,,,,,,,,,,,,,,,,,"9,157,754,777",,,,,,,,,,,,,,,,,,,,,,,75,,,"21,283,230,651",72,,,,,"17,958,057","36,655,196","10,273,096,022","345,901,343",,,"839,758,705","1,185,660,048",,,"31,556,326,673",,,,,,
[048260],,,,,,,,,,,,,,,,,,,,,,,,,,,,,,,,,,,,,,,,,,,,,,,,,,,,,,,,,,,,,,,,,,,,,,,,,,,,,,,,,,,,,,,,,,,,,,"12,824,873,020",,,,,"1,182,289,357","76,759,569",,,,,,,,,,,,,,,,,,,,,,,"23,983,372,403",,,,,,,,,,,,,,,,,,,,,,,748,,,"36,625,168,765",,,,,,"1,029,132,818","464,929,267","36,808,245,423","-495,976,314","-3,454,424,825",,"10,407,750,746","9,911,774,432",,,"73,433,414,188",,,,,,
[037400],,,,,,,,,,,,,,,,,,,,,,,,,,,,,,,,,,,,,,,,,,,,,,,,,,,,,,,,,,,,,,,,,,,,,,,,,,,,,,,,,,,,,,,,,,,,,,"237,363,679",,,,,"20,814,983","39,054,416",,,,,,,,,,,,,,,,,,,,,,,"1,756,928,616",,,,,,,,,,,,,,,,,,,,,,,3,,,"5,106,646,126",,,,,,"137,487,747","276,014","1,994,292,295",0,,,"81,912,513","81,912,513",,,"7,100,938,421",,,,,,
[011320],,,,,,,,,,,,,,,,,,,,,,,,,,,,,,,,,,,,,,,,,,,,,,,,,,,,,,,,,,,,,,,,,,,,,,,,,,,,,,,,,,,,,,,,,,,,,,"493,135,320",,,,,"2,557,101,810","101,700,148",,,,,,,,,,,,,,,,,,,,,,,"4,746,471,394",,,,,,,,,,,,,,,,,,,,,,,160,,,"50,223,269,576",,,,,,"439,315,288","68,843,270","5,239,606,714","-250,492,351",,,"2,828,557,315","2,578,064,964",,,"55,462,876,290",,,,,,
[056090],,,,,,,,,,,,,,,,,,,,,,,,,,,,,,,,,,,,,,,,,,,,,,,,,,,,,,,,,,,,,,,,,,,,,,,,,,,,,,,,,,,,,,,,,,,,,,"-564,446,433",,,,,"17,134,718","-1,898,338",,,,,,,,,,,,,,,,,,,,,,,"2,039,429,147",,,,,,,,,,,,,,,,,,,,,,,-55,-55,0,"2,101,312,733",,,,,,"55,420,678","221,029,663","1,474,982,714","37,158,362",,,"-416,962,754","-379,804,392",,,"3,576,295,447",,,,,,
[084370],,,,,,,,,,,,,,,,,,,,,,,,,,,,,,,,,,,,,,,,,,,,,,,,,,,,,,,,,,,,,,,,,,,,,,,,,,,,,,,,,,,,,,,,,,,,,,"1,059,417,435",,,,,"443,794,352","185,984,541",,,,,,,,,,,,,,,,,,,,,,,"7,150,255,781",,,,,,,,,,,,,,,,,,,,,,,30,,,"8,149,412,375",,,,,,,"481,760,814","8,209,673,216","1,109,882,032",,,"689,106,028","1,798,988,060",,,"16,359,085,591",,,,,,
[025820],,,,,,,,,,,,,,,,,,,,,,,,,,,,,,,,,,,,,,,,,,,,,,,,,,,,,,,,,,,,,,,,,,,,,,,,,,,,,,,,,,,,,,,,,,,,,,"3,752,162,228",,,,,"212,601,242","25,829,843",,,,,,,,,,,,,,,,,,,,,,,"1,331,239,497",,,,,,,,,,,,,,,,,,,,,,,65,,,"51,493,663,855",,,,,,"1,533,758,959","392,078,916","5,083,401,725","611,370,748",,,"2,185,882,836","2,797,253,584",,,"56,577,065,580",,,,,,
[139480],,,,,,,,,,,,,,,,,,,,,,,,,,,,,,,,,,,,,,,,,,,,,,,,,,,,,,,,,,,,,,,,,,,,,,,,,,,,,,,,,,,,,,,,,,,,,,"206,953,312,695",,,,,"203,415,206,128","12,766,429,471",,,,,,,,,,,,,,,,,,,,,,,"783,089,419,368",,,,,,,,,,,,,"48,101,098,532",,,,,,,,,,"13,050",,,"2,332,120,774,023","13,050",,,,,"26,959,289,698","38,029,490,450","990,042,732,063","-6,491,495,453",,,"367,062,687,025","360,571,191,572",,,"3,322,163,506,086",,,,,,
[134060],,,,,,,,,,,,,,,,,,,,,,,,,,,,,,,,,,,,,,,,,,,,,,,,,,,,,,,,,,,,,,,,,,,,,,,,,,,,,,,,,,,,,,,,,,,,,,"-171,212,885",,,,,"24,709,173","15,910,299",,,,,,,,,,,,,,,,,,,,,,,"1,385,925,790",,,,,,,,,,,,,,,,,,,,,,,-31,,,"643,480,096",-31,,,,,,"23,934,517","1,214,712,905",,,,"-138,479,494","-138,479,494",,,"1,858,193,001",,,,,,
[000760],,,,,,,,,,,,,,,,,,,,,,,,,,,,,,,,,,,,,,,,,,,,,,,,,,,,,,,,,,,,,,,,,,,,,,,,,,,,,,,,,,,,,,,,,,,,,,"290,695,054",,,,,"127,480,070","27,086,401",,,,,,,,,,,,,,,,,,,,,,,"2,015,444,248",,,,,,,,,,,,,,,,,,,,,,,56,,,"12,697,063,115",,,,,,"248,074,177","13,864,893","2,306,139,302",0,,,"156,879,439","156,879,439",,,"15,003,202,417",,,,,,
[129260],,,,,,,,,,,,,,,,,,,,,,,,,,,,,,,,,,,,,,,,,,,,,,,,,,,,,,,,,,,,,,,,,,,,,,,,,,,,,,,,,,,,,,,,,,,,,,"2,677,573,783",,,,,"1,453,750,789","253,067,360",,,,,,,,,,,,,,,,,,,,,,,"4,017,167,477",,,,,,,,,,,,,,,,,,,,,,,66,,,"112,357,290,593",66,,,,,"1,858,715,238","755,255,735","6,694,741,260","909,525,022",,,"1,865,272,687","2,774,797,709","1,865,272,687",,"119,052,031,853",,,,,,
[023810],,,,,,,,,,,,,,,,,,,,,,,,,,,,,,,,,,,,,,,,,,,,,,,,,,,,,,,,,,,,,,,,,,,,,,,,,,,,,,,,,,,,,,,,,,,,,,"-228,958,570",,,,,"925,721,604","295,489,180",,,,,,,,,,,,,,,,,,,,,,,"973,085,831",,,,,,,,,,,,,"3,900,066,474",,,,,,,,,,48,,,"31,686,642,360",48,,,,,"99,720,858","79,675,225","4,644,193,735","-96,198,831",,,"477,427,052","381,228,221",,,"36,330,836,095",,,,,,
[007570],,,,,,,,,,,,,,,,,,,,,,,,,,,,,,,,,,,,,,,,,,,,,,,,,,,,,,,,,,,,,,,,,,,,,,,,,,,,,,,,,,,,,,,,,,,,,,"1,413,077,801",,,,,"255,387,688","318,026,692",,,,,,,,,,,,,,,,,,,,,,,"12,451,520,594",,,,,,,,,,,,,"2,758,504,091",,,,,,,,,,-136,,,"39,216,160,707",-136,,,,,"1,328,223,177","141,033,087","16,623,102,486","2,641,275,127",,,"-2,478,026,420","163,248,707",,,"55,839,263,193",,,,,,
[159580],,,,,,,,,,,,,,,,,,,,,,,,,,,,,,,,,,,,,,,,,,,,,,,,,,,,,,,,,,,,,,,,,,,,,,,,,,,,,,,,,,,,,,,,,,,,,,"1,811,195,660",,,,,"107,484,950","123,615,534",,,,,,,,,,,,,,,,,,,,,,,"15,074,934,711",,,,,,,,,,,,,,,,,,,,,,,128,137,-9,"21,151,012,998",128,137,-9,,,"109,762,428","48,830,734","16,886,130,371","47,239,541",,,"1,569,702,306","1,734,133,382","1,686,893,841","-117,191,535","38,037,143,369",,,,,,
[054950],,,,,,,,,,,,,,,,,,,,,,,,,,,,,,,,,,,,,,,,,,,,,,,,,,,,,,,,,,,,,,,,,,,,,,,,,,,,,,,,,,,,,,,,,,,,,,"6,463,563,138",,,,,"5,562,561,001","366,822,144",,,,,,,,,,,,,,,,,,,,,,,"3,077,366,436",,,,,,,,,,,,,"-2,639,831,058",,,,,,,,,,959,,,"14,757,518,052",,,,,,"1,205,917,786","282,833,129","10,399,356,091","2,299,508,757",,,"5,796,877,523","8,096,386,280",,,"25,156,874,143",,,,,,
[000480],,,,,,,,,,,,,,,,,,,,,,,,,,,,,,,,,,,,,,,,,,,,,,,,,,,,,,,,,,,,,,,,,,,,,,,,,,,,,,,,,,,,,,,,,,,,,,"7,099,611,325",,,,,"724,438,130","58,388,808",,,,,,,,,,,,,,,,,,,,,,,"9,662,362,087",,,,,,,,,,,,,0,,,,,,,,,,"3,060",,,"110,427,344,965","3,060",,,,,"1,036,951,648","6,073,145,070","16,761,973,412","2,858,035,640",,,"9,943,818,429","12,801,854,069",,,"127,189,318,377",,,,,,
[034940],,,,,,,,,,,,,,,,,,,,,,,,,,,,,,,,,,,,,,,,,,,,,,,,,,,,,,,,,,,,,,,,,,,,,,,,,,,,,,,,,,,,,,,,,,,,,,"513,926,735",,,,,"112,872,300","102,180,687",,,,,,,,,,,,,,,,,,,,,,,"6,531,791,610",,,,,,,,,,,,,,,,,,,,,,,16,,,"7,964,633,999",16,,,,,"102,308,194","44,159,593","7,045,718,345",0,,,"466,469,747","466,469,747",,,"15,010,352,344",,,,,,
[185750],,,,,,,,,,,,,,,,,,,,,,,,,,,,,,,,,,,,,,,,,,,,,,,,,,,,,,,,,,,,,,,,,,,,,,,,,,,,,,,,,,,,,,,,,,,,,,"23,726,130,825",,,,,"780,299,887","466,236,547",,,,,,,,,,,,,,,,,,,,,,,"52,556,945,943",,,,,,,,,,,,,"247,983,585",,,,,,,,,,"1,678",,,"128,657,218,857",,,,,,"925,056,159","150,155,150","91,000,752,696","6,444,562,009",,,"16,572,747,562","23,017,309,571",,,"219,657,971,553",,,,,,
[001630],,,,,,,,,,,,,,,,,,,,,,,,,,,,,,,,,,,,,,,,,,,,,,,,,,,,,,,,,,,,,,,,,,,,,,,,,,,,,,,,,,,,,,,,,,,,,,"941,860,868",,,,,,,,,,,,,,,,,,,,,,,,,,,,,"1,300,246,132",,,,,,,,,,,,,,,,,,,,,,,,187,,,,,,,,,,"2,242,107,000","146,761,902",,,"936,534,575","1,083,296,477",,,"2,242,107,000",,,,,,
[044380],,,,,,,,,,,,,,,,,,,,,,,,,,,,,,,,,,,,,,,,,,,,,,,,,,,,,,,,,,,,,,,,,,,,,,,,,,,,,,,,,,,,,,,,,,,,,,"-1,064,312,885",,,,,"70,481,329",313,,,,,,,,,,,,,,,,,,,,,,,"1,918,023,315",,,,,,,,,,,,,"315,981,545",,,,,,,,,,,,,"9,716,376,459",,,,,,"119,187,912","175,962,560","853,710,430","74,389,842",,,"-1,327,428,608","-1,253,038,766",,,"10,570,086,889",,,,,,
[043610],,,,,,,,,,,,,,,,,,,,,,,,,,,,,,,,,,,,,,,,,,,,,,,,,,,,,,,,,,,,,,,,,,,,,,,,,,,,,,,,,,,,,,,,,,,,,"40,795,461,154","1,054,378,628",,,,,"-11,398,541","146,324,738",,,,,,,,,,,,,,,,,,,,,,,,,,,,,,,,,,,,,,,,,,,,,,18,,,,,,,,,"2,573,774","359,983,274",,"356,020,183","7,689,880",,"733,291,046","1,261,754,729",,,"41,849,839,782",,,,,,
[035000],"1,350,000",,"185,600,627",,"59,121,648","26,124,461",,,,,,,,,,,,,,,"98,619,158",0,,,"298,222,323",,"30,069,929",,,"106,965",,,"-802,052","879,528",,,,"199,576,093",,,,,,,,,"1,289,448",,,,,,,,,,,,,"3,558,150",,"167,842,399",,,"-484,133","138,253",,,,,,,,,,,,,,,,,,,,,,,"589,034,444","110,010","4,818",,,"-500,161,197",,,,,"187,486","-341,062",,,,"213,964,582","34,371,000","87,301,560","16,701,000",,,,,,,,,,,"2,020,072,224",,,"4,521,033","8,317,673","3,825,937,887","30,709,526","16,524,698","75,928,966","25,717,920",,,,,,,,,,,,,,,,,,,14,,,"653,641,554",14,,,,,0,"368,707,940","3,325,776,690","363,863,054",,,"232,938,345","-130,924,709",,,"3,979,418,244",,,,,,
[002780],,,,,,,,,,,,,,,,,,,,,,,,,,,,,,,,,,,,,,,,,,,,,,,,,,,,,,,,,,,,,,,,,,,,,,,,,,,,,,,,,,,,,,,,,,,,,,"15,937,741,994",,,,,"501,742,318","6,385,347,407",,,,,,,,,,,,,,,,,,,,,,,"2,316,088,068",,,,,,,,,,,,,,,,,,,,,,,74,,,"130,066,163,216",74,,,,,"650,936,497","22,513,013","18,253,830,062",,,,"9,425,713,421","9,425,713,421",,,"148,319,993,278",,,,,,
[030200],,,,,,,,,,,,,,,,,,,,,,,,,,,,,,,,,,,,,,,,,,,,,,,,,,,,,,,,,,,,,,,,,,,,,,,,,,,,,,,,,,,,,,,,,,,,,"4,040,579,000,000","271,443,000,000",,,,,"61,120,000,000","78,787,000,000",,,,,,,,,,,,,,,,,,,,,,,,,,,,,,,,,,,,,,,,,,,,,,604,,,,604,,,,,"73,956,000,000","45,447,000,000",,"77,254,000,000",,,"148,013,000,000","225,267,000,000",,,"4,312,022,000,000",,,,,,
[058860],,,,,,,,,,,,,,,,,,,,,,,,,,,,,,,,,,,,,,,,,,,,,,,,,,,,,,,,,,,,,,,,,,,,,,,,,,,,,,,,,,,,,,,,,,,,,,"4,009,970,318",,,,,"156,486,309","511,428,750",,,,,,,,,,,,,,,,,,,,,,,,,,,,,,,,,,,,,,,,,,,,,,87,,,"-103,828,911,010",87,,,,,"4,305,978","203,837,771",,"-896,554,072",,,"2,958,005,598","3,854,559,670",,,"107,838,881,328",,,,,,
[053210],,,,,,,,,,,,,,,,,,,,,,,,,,,,,,,,,,,,,,,,,,,,,,,,,,,,,,,,,,,,,,,,,,,,,,,,,,,,,,,,,,,,,,,,,,,,,,"13,740,329,751",,,,,"506,600,012","879,516,001",,,,,,,,,,,,,,,,,,,,,,,"151,116,025,591",,,,,,,,,,,,,,,,,,,,,,,227,,,,227,,,,,"455,623,755","1,376,140,480","164,856,355,342","3,468,815,255",,,"10,819,115,232","14,287,930,487",,,,,,,,,
[024880],,,,,,,,,,,,,,,,,,,,,,,,,,,,,,,,,,,,,,,,,,,,,,,,,,,,,,,,,,,,,,,,,,,,,,,,,,,,,,,,,,,,,,,,,,,,,,"3,560,578,339",,,,,"1,014,391,464","118,314,931",,,,,,,,,,,,,,,,,,,,,,,"7,140,123,934",,,,,,,,,,,,,,,,,,,,,,,182,182,,"57,422,431,557",187,187,,,,"2,128,693,824","693,740,302","10,700,702,273","445,374,413",,,"2,576,326,937","3,021,701,350",,,"68,123,133,830",,,,,,
[052400],,,,,,,,,,,,,,,,,,,,,,,,,,,,,,,,,,,,,,,,,,,,,,,,,,,,,,,,,,,,,,,,,,,,,,,,,,,,,,,,,,,,,,,,,,,,,,"-2,786,783,935",,,,,"219,151,122","695,116,628",,,,,,,,,,,,,,,,,,,,,,,"6,992,966,662",,,,,,,,,,,,,,,,,,,,,,,-208,,,"17,168,579,679",-208,,,,,"-192,959,237","91,962,120","4,206,182,727",0,,,"-2,977,828,084","-2,977,828,084",,,"21,374,762,406",,,,,,
[005420],,,,,,,,,,,,,,,,,,,,,,,,,,,,,,,,,,,,,,,,,,,,,,,,,,,,,,,,,,,,,,,,,,,,,,,,,,,,,,,,,,,,,,,,,,,,,,"3,250,020,532",,,,,,,,,,,,,,,,,,,,,,,,,,,,,"3,291,951,904",,,,,,,,,,,,,"-2,140,630,865",,,,,,,,,,57,,,"22,079,280,734",57,,,,,"1,729,763,184","1,540,940,543","6,541,972,436","71,993,900",,,"848,573,126","920,567,026",,,"28,621,253,170",,,,,,
[066310],,,,,,,,,,,,,,,,,,,,,,,,,,,,,,,,,,,,,,,,,,,,,,,,,,,,,,,,,,,,,,,,,,,,,,,,,,,,,,,,,,,,,,,,,,,,,,"842,134,751",,,,,"309,581,223","57,596,176",,,,,,,,,,,,,,,,,,,,,,,"926,702,406",,,,,,,,,,,,,,,,,,,,,,,137,,,"4,216,302,888",,,,,,"504,451","201,025,977","1,768,837,157","167,355,123",,,"1,127,286,201","1,294,641,324",,,"5,985,140,045",,,,,,
[219130],,,,,,,,,,,,,,,,,,,,,,,,,,,,,,,,,,,,,,,,,,,,,,,,,,,,,,,,,,,,,,,,,,,,,,,,,,,,,,,,,,,,,,,,,,,,,,"952,408,747",,,,,"4,078,640","6,525,842",,,,,,,,,,,,,,,,,,,,,,,"646,442,135",,,,,,,,,,,,,,,,,,,,,,,121,,,"6,725,302,664",121,,,,,"5,575,801","80,369,374","1,598,850,882","259,183,510",,,"765,571,608","1,024,755,118",,,"8,324,153,546",,,,,,
[009410],,,,"299,977,470",,,,,,,,,,,,,,,,,,,,,,,,,,,,,,,,,,,,,,,,,,,,,,,,,,,,,,,,,,,,,,,,,,,,,,,,,,,,,,,,,,,,,"15,756,465,633",,,,,"65,176,769,810",,,,,"2,062,041,731","84,494,753,305",,,,,,,,,,,,,,,,,,,,,,,"16,056,443,103",,,,,,,,,,,,,,,,,,,,,,,-135,,,"313,194,907,375",-135,,,,,"3,908,771,930","856,874,603","81,233,212,913","-11,087,294,886",,,"-9,220,544,205","-20,307,839,091",,,"394,428,120,288",,,,,,
[131290],,,,,,,,,,,,,,,,,,,,,,,,,,,,,,,,,,,,,,,,,,,,,,,,,,,,,,,,,,,,,,,,,,,,,,,,,,,,,,,,,,,,,,,,,,,,,,"5,705,724,391",,,,,"30,751,293","3,782,488",,,,,,,,,,,,,,,,,,,,,,,"3,768,516,394",,,,,,,,,,,,,,,,,,,,,,,512,,,"21,967,223,485",512,,,,,"322,923,063","695,683,856","9,474,240,785","870,747,559",,,"5,234,706,430","6,105,453,989",,,"31,441,464,270",,,,,,
[062860],,,,,,,,,,,,,,,,,,,,,,,,,,,,,,,,,,,,,,,,,,,,,,,,,,,,,,,,,,,,,,,,,,,,,,,,,,,,,,,,,,,,,,,,,,,,,,"-1,727,186,062",,,,,"73,698,721","58,049,490",,,,,,,,,,,,,,,,,,,,,,,"4,962,656,138",,,,,,,,,,,,,,,,,,,,,,,-175,,,"12,990,979,053",-175,,,,,,"145,438,877","3,235,470,076",,,,"-1,566,097,954","-1,566,097,954",,,"16,226,449,129",,,,,,
[106240],,,,,,,,,,,,,,,,,,,,,,,,,,,,,,,,,,,,,,,,,,,,,,,,,,,,,,,,,,,,,,,,,,,,,,,,,,,,,,,,,,,,,,,,,,,,,,"1,038,612,302",,,,,"559,068,946","343,495,954",,,,,,,,,,,,,,,,,,,,,,,"5,117,459,087",,,,,,,,,,,,,,,,,,,,,,,-85,,,"53,157,261,741",-85,,,,,"721,785,640","39,941,141","6,156,071,389",,,,"715,016,373","715,016,373",,,"59,313,333,130",,,,,,
[043090],,,,,,,,,,,,,,,,,,,,,,,,,,,,,,,,,,,,,,,,,,,,,,,,,,,,,,,,,,,,,,,,,,,,,,,,,,,,,,,,,,,,,,,,,,,,,,"-187,162,511",,,,,"157,206,995","159,552,778",,,,,,,,,,,,,,,,,,,,,,,"1,244,978,666",,,,,,,,,,,,,,,,,,,,,,,-12,-12,,"4,424,825,557",,,,,,"145,983,867","64,377,951","1,057,816,155",,0,,"-271,114,210","-271,114,210",,,"5,482,641,712",,,,,,
[016800],,,,,,,,,,,,,,,,,,,,,,,,,,,,,,,,,,,,,,,,,,,,,,,,,,,,,,,,,,,,,,,,,,,,,,,,,,,,,,,,,,,,,,,,,,,,,,"3,891,512,978",,,,,"3,342,345,632","619,472,889",,,,,,,,,,,,,,,,,,,,,,,"14,741,109,490",,,,,,,,,,,,,,,,,,,,,,,667,,,"51,905,795,905",,,,,,"-393,143,551","1,119,089,242","18,632,622,468","1,835,739,997",,,"6,290,878,517","8,126,618,514",,,"70,538,418,373",,,,,,
[043370],,,,,,,,,,,,,,,"143,181,648,006",,,,,,,,,,,,,,,,,,,,,,,,,,,,,,,,,,,,,,,,,,,,,,,,,,,,,,,,,,,,,,,,,,,,,,,,,,,,,,,"-1,970,876,084",,,,,"4,500,726,703","853,862,045",,,,,,,,,,,,,,,,,,,,,,,"11,192,061,147",,,,,,,,,,,,,,,,,,,,,,,169,,,"143,181,648,006",,,,,,"356,876,264","1,832,319,634","9,221,185,063","-394,546,857",,,"3,545,978,801","3,151,431,944",,,"152,402,833,069",,,,,"152,402,833,069",
[075130],,,,,,,,,,,,,,,,,,,,,,,,,,,,,,,,,,,,,,,,,,,,,,,,,,,,,,,,,,,,,,,,,,,,,,,,,,,,,,,,,,,,,,,,,,,,,"3,677,013,851","200,967,166",,,,,"8,260,863","18,938,123",,,,,,,,,,,,,,,,,,,,,,,,,,,,,,,,,,,,"36,261,999",,,,,,,,,,40,,,,40,,,,,,"120,648,261",,"18,375,234",,,"328,824,932","347,200,166",,,"3,877,981,017",,,"3,877,981,017",,,
[032580],,,,,,,,,,,,,,,,,,,,,,,,,,,,,,,,,,,,,,,,,,,,,,,,,,,,,,,,,,,,,,,,,,,,,,,,,,,,,,,,,,,,,,,,,,,,,,"441,824,782",,,,,"403,725","5,821,695",,,,,,,,,,,,,,,,,,,,,,,"2,067,961,429",,,,,,,,,,,,,,,,,,,,,,,9,,,"10,691,170,121",9,,,,,"313,610,812","63,421,216","2,509,786,211",,,,"186,217,216","186,217,216",,,"13,200,956,332",,,,,,
[270520],,,,,,,,,,,,,,,,,,,,,,,,,,,,,,,,,,,,,,,,,,,,,,,,,,,,,,,,,,,,,,,,,,,,,,,,,,,,,,,,,,,,,,,,,,,,,"16,303,220","-16,303,220",,,,,,,,,,,,,,,,,,,,,,,,,,,,,,,,,,,,,,,,,,,,,,,,,,,,-1,,,,-1,,,,,"4,765,409","13,692,657",,"-1,622,714",,,"-5,753,258","-7,375,972","-5,753,258",,0,,,,,,
[284620],,,,,,,,,,,,,,,,,,,,,,,,,,,,,,,,,,,,,,,,,,,,,,,,,,,,,,,,,,,,,,,,,,,,,,,,,,,,,,,,,,,,,,,,,,,,,,,,,,,,,,,,,,,,,,,,,,,,,,,,,,,,,,,,,,,,,,,,,,,,,,,,,,,,,,,,,,,,,,,,,,,,,,,,,,,
[013030],,,,,,,,,,,,,,,,,,,,,,,,,,,,,,,,,,,,,,,,,,,,,,,,,,,,,,,,,,,,,,,,,,,,,,,,,,,,,,,,,,,,,,,,,,,,,,"9,595,102,773",,,,,"968,252,974","315,068,684",,,,,,,,,,,,,,,,,,,,,,,"3,944,782,673",,,,,,,,,,,,,,,,,,,,,,,620,,,"35,960,973,260",,,,,,"96,208,440","852,611,015","13,539,885,446","2,563,148,506",,,"8,441,541,132","11,004,689,638","8,441,541,132",,"49,500,858,706",,,,,,
[002960],,,,,,,,,,,,,,,,,,,,,,,,,,,,,,,,,,,,,,,,,,,,,,,,,,,,,,,,,,,,,,,,,,,,,,,,,,,,,,,,,,,,,,,,,,,,,,"7,358,496,258",,,,,"379,316,503","440,963,862",,,,,,,,,,,,,,,,,,,,,,,"9,774,872,195",,,,,,,,,,,,,,,,,,,,,,,"4,407",,,"34,648,816,537",,,,,,,"153,623,624","17,133,368,453","1,721,804,200",,,"5,728,668,323","7,450,472,523",,,"51,782,184,990",,,,,,
[017890],,,,,"360,322,107","12,971,693",,,,"868,307,200",,,,,"45,735,137,713",,,,,,"225,825,501",,,"1,890,000","161,963,022","29,000,218",,,,,,"1,221,601,471",,,,,,,,,,"3,901,495",,,,"12,095,476","-121,622",,,,,,,,,,,,"60,000,000","7,572,265",,"105,328,686",,,,,,,,"11,767,728",,,,,"6,000",,"17,052,630","-234,648",,,,,,,,,,"48,854,645",,"11,431,201","63,656,873",,,"3,033,865,643","5,152,800",,,,"15,332,696","137,320,601",,,,"154,803,573","2,213,200",,"226,588,000",,,,,,,,,,,"1,132,952,596",,,"30,293,217","80,982,974","3,846,917,587","4,959,445","37,273,907","22,155,718","13,844,120",,,,,,,,,,,,,,,,,,"4,000,000",118,118,,"46,603,444,913",118,118,,,,"16,817,982","117,302,540","6,880,783,230","576,473,075",,,"2,435,889,221","3,012,362,296","2,435,889,221",,"53,484,228,143",,,"1,933,373,458",,"51,550,854,685",
[023350],,,,,,,,,,,,,,,,,,,,,,,,,,,,,,,,,,,,,,,,,,,,,,,,,,,,,,,,,,,,,,,,,,,,,,,,,,,,,,,,,,,,,,,,,,,,,,"-752,392,517",,,,,"94,066,339","302,785,885",,,,,,,,,,,,,,,,,,,,,,,"4,706,671,203",,,,,,,,,,,,,,,,,,,,,,,-99,,,"39,443,563,691",-99,,,,,"406,317,335","54,828,522","3,954,278,686","-225,999,722",,,"-1,086,601,154","-1,312,600,876",,,"43,397,842,377",,,,,,
[104700],,,,,,,,,,,,,,,,,,,,,,,,,,,,,,,,,,,,,,,,,,,,,,,,,,,,,,,,,,,,,,,,,,,,,,,,,,,,,,,,,,,,,,,,,,,,,,"5,681,260,299",,,,,"1,626,741,721","102,120,360",,,,,,,,,,,,,,,,,,,,,,,"9,879,878,216",,,,,,,,,,,,,,,,,,,,,,,142,,,"174,470,116,881",,,,,,"9,510,685","1,355,206,288","15,561,138,515","-1,991,462,990","-22,515,849",,"6,537,598,424","8,529,061,414",,,"190,031,255,396",,,,,,
[002390],,,,,,,,,,,,,,,,,,,,,,,,,,,,,,,,,,,,,,,,,,,,,,,,,,,,,,,,,,,,,,,,,,,,,,,,,,,,,,,,,,,,,,,,,,,,,,"2,535,246,530",,,,,"164,490,447","486,734,023",,,,,,,,,,,,,,,,,,,,,,,"32,655,921,513",,,,,,,,,,,,,,,,,,,,,,,51,,,"77,117,408,319",51,,,,,"1,407,227,956","89,046,883","35,191,168,043","256,742,458",,,"638,079,423","894,821,881",,,"112,308,576,362",,,,,,
[018880],,,,,,,,,,,,,,,,,,,,,,,,,,,,,,,,,,,,,,,,,,,,,,,,,,,,,,,,,,,,,,,,,,,,,,,,,,,,,,,,,,,,,,,,,,,,,,"46,511,004,190",,,,,"8,607,024,902","6,459,609,893",,,,,,,,,,,,,,,,,,,,,,,"76,091,626,034",,,,,,,,,,,,,,,,,,,,,,,77,,,"498,371,711,788",77,,,,,"3,562,168,866","1,789,242,066","122,602,630,224","5,541,963,601",,,"41,343,528,798","46,885,492,399",,,"620,974,342,012",,,,,,
[024740],,,,,,,,,,,,,,,,,,,,,,,,,,,,,,,,,,,,,,,,,,,,,,,,,,,,,,,,,,,,,,,,,,,,,,,,,,,,,,,,,,,,,,,,,,,,,,"684,833,593",,,,,"326,720,020","48,052,809",,,,,,,,,,,,,,,,,,,,,,,"2,115,093,935",,,,,,,,,,,,,,,,,,,,,,,31,,,"29,183,468,388",30,,,,,"768,230,371","31,383,887","2,799,927,528","46,155,318",,,"180,499,002","226,654,320",,,"31,983,395,916",,,,,,
[300720],,,,,,,,,,,,,,,,,,,,,,,,,,,,,,,,,,,,,,,,,,,,,,,,,,,,,,,,,,,,,,,,,,,,,,,,,,,,,,,,,,,,,,,,,,,,,,,,,,,,,,,,,,,,,,,,,,,,,,,,,,,,,,,,,,,,,,,,,,,,,,,,,,,,,,,,,,,,,,,,,,,,,,,,,,,
[003300],,,,,,,,,,,,,,,,,,,,,,,,,,,,,,,,,,,,,,,,,,,,,,,,,,,,,,,,,,,,,,,,,,,,,,,,,,,,,,,,,,,,,,,,,,,,,,"148,526,358",,,,,,"3,645,244,694",,,,,,,,,,,,,,,,,,,,,,,,,,,,,,,,,,,,,,,,,,,,,,"5,720",-584,"6,304","8,221,752,945",,,,,,"859,930,628","2,917,165,802",,"716,142,325",,,"21,116,132,523","-1,439,483,162","-2,155,625,487","23,271,758,010","8,370,279,303",,,,,,
[130660],,,,,,,,,,,,,,,,,,,,,,,,,,,,,,,,,,,,,,,,,,,,,,,,,,,,,,,,,,,,,,,,,,,,,,,,,,,,,,,,,,,,,,,,,,,,,,"6,079,920,600",,,,,"12,183,194","590,318",,,,,,,,,,,,,,,,,,,,,,,"4,231,333,834",,,,,,,,,,,,,,,,,,,,,,,141,,,"71,499,092,699",,,,,,"252,707,088","312,414,509","10,311,254,434","1,542,246,453",,,"4,608,974,444","6,151,220,897",,,"81,810,347,133",,,,,,
[097230],,,,,,,,,,,,,,,,,,,,,,,,,,,,,,,,,,,,,,,,,,,,,,,,,,,,,,,,,,,,,,,,,,,,,,,,,,,,,,,,,,,,,,,,,,,,,,"76,000,000,000",,,,,"7,197,000,000","8,263,000,000",,,,,,,,,,,,,,,,,,,,,,,"22,268,000,000",,,,,,,,,,,,,"-68,769,000,000",,,,,,,,,,-282,,,"403,672,000,000",-282,,,,,"24,730,000,000","1,702,000,000","98,268,000,000","13,074,000,000",,,"-29,937,000,000","-16,863,000,000",,,"501,940,000,000",,,,,,
[003480],,,,,,,,,,,,,,,,,,,,,,,,,,,,,,,,,,,,,,,,,,,,,,,,,,,,,,,,,,,,,,,,,,,,,,,,,,,,,,,,,,,,,,,,,,,,,,"161,000,000",,,,,"234,000,000",,,,,,,,,,,,,,,,,,,,,,,,,,,,,,,,,,,,,,,,,,,,,,,-434,,,"1,016,000,000",,,,,,"123,000,000","38,000,000",,"11,634,000,000",,,"-11,324,000,000","310,000,000",,,"1,177,000,000",,,,,,
[086280],,,,,,,,,,,,,,,,,,,,,,,,,,,,,,,,,,,,,,,,,,,,,,,,,,,,,,,,,,,,,,,,,,,,,,,,,,,,,,,,,,,,,,,,,,,,,,"134,764,021,070",,,,,"61,980,197,038","68,729,822,674",,,,,,,,,,,,,,,,,,,,,,,"85,917,666,593",,,,,,,,,"2,296",,,,,,,,,,,,,,,,,"3,131,515,199,984",,,,,,"15,278,528,990","3,612,056,202","220,681,687,663","30,242,491,573",,,"86,105,431,073","116,347,922,646",,,"3,352,196,887,647",,,,,,
[012330],,,,,,,,,,,,,,,,,,,,,,,,,,,,,,,,,,,,,,,,,,,,,,,,,,,,,,,,,,,,,,,,,,,,,,,,,,,,,,,,,,,,,,,,,,,,,,"329,108,000,000",,,,,"46,550,000,000","23,182,000,000",,,,,,,,,,,,,,,,,,,,,,,"452,056,000,000",,,,,,,,,,,,,,,,,,,,,,,"2,716",,,"4,096,453,000,000",,,,,,"49,638,000,000","105,565,000,000","781,164,000,000","151,209,000,000",,,"257,194,000,000","408,403,000,000",,,"4,877,617,000,000",,,,,,
[069960],,,,,,,,,,,,,,,,,,,,,,,,,,,,,,,,,,,,,,,,,,,,,,,,,,,,,,,,,,,,,,,,,,,,,,,,,,,,,,,,,,,,,,,,,,,,,,"44,359,261,000",,,,,"6,483,233,000","3,513,414,000",,,,,,,,,,,,,,,,,,,,,,,"214,709,568,000",,,,,,,,,,,,,,,,,,,,,,,"1,563",,,"55,530,306,000","1,563",,,,,"1,536,305,000","798,127,000","259,068,829,000","11,333,080,000",,,"35,257,822,000","46,590,902,000",,,"314,599,135,000",,,,,,
[005380],,,,,,,,,,,,,,,,,,,,,,,,,,,,,,,,,,,,,,,,,,,,,,,,,,,,,,,,,,,,,,,,,,,,,,,,,,,,,,,,,,,,,,,,,,,,,,"341,581,000,000",,,,,"369,995,000,000","224,390,000,000",,,,,,,,,,,,,,,,,,,,,,,"1,632,083,000,000",,,,,,"3,672",,"3,672",,,,,,,,,,,,,,,,,,"7,768,724,000,000",,,,,,"191,473,000,000","761,057,000,000","1,973,664,000,000","72,329,000,000",,,"984,441,000,000","1,056,770,000,000",,,"9,742,388,000,000",,,,,,
[011760],,,,,,,,,,,,,,,,,,,,,,,,,,,,,,,,,,,,,,,,,,,,,,,,,,,,,,,,,,,,,,,,,,,,,,,,,,,,,,,,,,,,,,,,,,,,,,"6,802,819,091",,,,,"23,858,316,494","28,656,911,632",,,,,,,,,,,,,,,,,,,,,,,"14,397,057,029",,,,,,,,,,,,,"3,717,024,618",,,,,,,,,,"1,301",,,"819,459,747,487",,,,,,"6,679,675,828","5,595,943,430","21,199,876,120","-11,934,711,079",,,"16,572,227,252","4,637,516,173",,,"840,659,623,607",,,,,,
[227840],,,,,,,,,,,,,,,,,,,,,,,,,,,,,,,,,,,,,,,,,,,,,,,,,,,,,,,,,,,,,,,,,,,,,,,,,,,,,,,,,,,,,,,,,,,,,,"2,784,750,176",,,,,"228,486,581","371,153,888",,,,,,,,,,,,,,,,,,,,,,,"3,404,670,262",,,,,,,,,,,,,"30,369,252",,,,,,,,,,352,,,"31,708,488,150",,,,,,"5,099,445","245,354,571","6,189,420,438","842,248,952",,,"3,171,046,745","4,013,295,697",,,"37,897,908,588",,,,,,
[008770],,,,,,,,,,,,,,,,,,,,,,,,,,,,,,,,,,,,,,,,,,,,,,,,,,,,,,,,"2,574,612,210",,,,,,,,,,,,,,,,,,,,,,,,,,,,,,,,,,"7,166,038,183",,,,"35,533,934,853",,,,,"-6,662,058,747",,,,,,,,,,,,,,,,,,,,,,,,,,,,,,,,,,,,,"21,806,913,444",,,"-10,512,525,384",,,,,,,576,,,,588,,,,,,,,"-7,064,962,662",,,,"28,871,876,106",,,"779,263,488,279",,,,,,
[010660],,,,,,,,,,,,,,,,,,,,,,,,,,,,,,,,,,,,,,,,,,,,,,,,,,,,,,,,,,,,,,,,,,,,,,,,,,,,,,,,,,,,,,,,,,,,,,"1,444,478,920",,,,,"1,108,061,819","1,073",,,,,,,,,,,,,,,,,,,,,,,"5,514,068,109",,,,,,,,,,,,,,,,,,,,,,,"1,107",,,"50,793,002,407",,,,,,"-274,526,975","-21,966,342","6,958,547,029","612,630,686",,,"2,192,469,613","2,805,100,299",,,"57,751,549,436",,,,,,
[298020],,,,,,,,,,,,,,,,,,,,,,,,,,,,,,,,,,,,,,,,,,,,,,,,,,,,,,,,,,,,,,,,,,,,,,,,,,,,,,,,,,,,,,,,,,,,,,,,,,,,,,,,,,,,,,,,,,,,,,,,,,,,,,,,,,,,,,,,,,,,,,,,,,,,,,,,,,,,,,,,,,,,,,,,,,,
[298000],,,,,,,,,,,,,,,,,,,,,,,,,,,,,,,,,,,,,,,,,,,,,,,,,,,,,,,,,,,,,,,,,,,,,,,,,,,,,,,,,,,,,,,,,,,,,,,,,,,,,,,,,,,,,,,,,,,,,,,,,,,,,,,,,,,,,,,,,,,,,,,,,,,,,,,,,,,,,,,,,,,,,,,,,,,
[050090],,,,,,,,,,,,,,,,,,,,,,,,,,,,,,,,,,,,,,,,,,,,,,,,,,,,,,,,,,,,,,,,,,,,,,,,,,,,,,,,,,,,,,,,,,,,,,"296,170,532",,,,,"55,351,285","31,511,449",,,,,,,,,,,,,,,,,,,,,,,"830,479,562",,,,,,,,,,,,,"343,927,358",,,,,,,,,,-2,,,"10,494,944,498",-2,,,,,"113,203,476","3,405,923","1,126,650,094",0,"524,806",,"-133,189,737","-133,189,737",,,"11,621,594,592",,,,,,
